{
    "Back": {
        "doc": "返回主界面",
        "next": [
            "Navigation",
            "NoNavigation"
        ]
    },
    "NoNavigation": {
        "action": "Key",
        "key": 4,
        "post_delay": 1000,
        "interrupt": [
            "NoNavigation"
        ],
        "next": [
            "Navigation"
        ]
    },
    "Navigation": {
        "recognition": "TemplateMatch",
        "template": [
            "导航栏wode.png",
            "导航栏wodes.png",
            "导航栏home.png",
            "导航栏homes.png",
            "导航栏dxt.png",
            "导航栏dxts.png"
        ],
        "next": [
            "Me"
        ]
    },
    "Me": {
        "recognition": "TemplateMatch",
        "template": [
            "wodes.png",
            "wodes_.png",
            "woder.png"
        ],
        "roi": [
            25,
            1162,
            679,
            98
        ],
        "action": "Click",
        "next": [
            "Stop"
        ]
    },
    "ToBack": {
        "action": "Key",
        "key": 4,
        "next": [
            "Stop"
        ]
    },
    "Stop": {}
}