{
    "BrowseImagetxtMC": {
        "enabled": true,
        "interrupt": [
            "Back"
        ],
        "next": [
            "BrowseImagetxtMC1"
        ]
    },
    "BrowseImagetxtMC1": {
        "recognition": "TemplateMatch",
        "template": [
            "wodes.png",
            "wodes_.png"
        ],
        "roi": [
            25,
            1162,
            679,
            98
        ],
        "action": "Click",
        "post_delay": 1000,
        "interrupt": [
            "Back"
        ],
        "next": [
            "点击内容c",
            "点击关注列表mc"
        ]
    },
    "点击关注列表mc": {
        "enabled": true,
        "recognition": "OCR",
        "expected": "关注",
        "action": "Click",
        "post_delay": 500,
        "interrupt": [
            "DxhSwipe"
        ],
        "next": [
            "点击选择大象号mc"
        ]
    },
    "点击选择大象号mc": {
        "recognition": "OCR",
        "expected": "用户_14428",
        "action": "Click",
        "target": [
            24,
            156,
            676,
            93
        ],
        "post_delay": 1000,
        "next": [
            "向上滑动mc"
        ]
    },
    "点击内容c": {
        "recognition": "OCR",
        "expected": "内容",
        "action": "Click",
        "post_delay": 1000,
        "next": [
            "向上滑动mc"
        ]
    },
    "向上滑动mc": {
        "action": "Swipe",
        "begin": [
            200,
            1000,
            10,
            10
        ],
        "end": [
            200,
            650,
            10,
            10
        ],
        "duration": 1000,
        "post_delay": 1000,
        "next": [
            "点击图文内容c"
        ]
    },
    "点击图文内容c": {
        "recognition": "OCR",
        "expected": "图文",
        "action": "Click",
        "pre_wait_freezes": 200,
        "post_delay": 1000,
        "next": [
            "点击图文mc"
        ]
    },
    "点击图文mc": {
        "recognition": "OCR",
        "expected": "随拍",
        "action": "Click",
        "target": [
            50,
            320,
            600,
            400
        ],
        "post_delay": 1000,
        "next": [
            "浏览图文结束c",
            "图文点赞mc"
        ]
    },
    "图文点赞mc": {
        "recognition": "TemplateMatch",
        "template": [
            "点赞.png",
            "点赞1.png",
            "like0.png",
            "like1.png"
        ],
        "roi": [
            405,
            1188,
            310,
            75
        ],
        "action": "Click",
        "target": [
            652,
            1210,
            38,
            42
        ],
        "next": [
            "图文收藏mc"
        ]
    },
    "图文收藏mc": {
        "recognition": "TemplateMatch",
        "template": [
            "收藏.png",
            "收藏1.png"
        ],
        "roi": [
            405,
            1188,
            310,
            75
        ],
        "action": "Click",
        "target": [
            501,
            1208,
            42,
            44
        ],
        "next": [
            "图文分享mc"
        ]
    },
    "图文分享mc": {
        "recognition": "TemplateMatch",
        "template": "分享.png",
        "action": "Click",
        "post_delay": 500,
        "next": [
            "分享到微博mc"
        ]
    },
    "分享到微博mc": {
        "recognition": "OCR",
        "expected": "微博",
        "action": "Click",
        "next": [
            "分享微博完成mc",
            "分享微博登录界面mc"
        ]
    },
    "分享微博登录界面mc": {
        "recognition": "OCR",
        "expected": "登录",
        "next": [
            "分享成功返回mc"
        ]
    },
    "分享微博完成mc": {
        "recognition": "TemplateMatch",
        "template": "完成分享.png",
        "post_delay": 500,
        "next": [
            "分享成功返回mc"
        ]
    },
    "分享成功返回mc": {
        "action": "Key",
        "key": 4,
        "next": [
            "图文评论mc"
        ]
    },
    "图文评论mc": {
        "action": "Click",
        "target": [
            50,
            1215,
            300,
            30
        ],
        "interrupt": [
            "InputmethodCheck",
            "InputmethodCheck0"
        ],
        "next": [
            "输入评论内容mc"
        ]
    },
    "输入评论内容mc": {
        "recognition": "TemplateMatch",
        "template": "大象新语.png",
        "action": "Click",
        "next": [
            "发表评论mc"
        ]
    },
    "发表评论mc": {
        "recognition": "TemplateMatch",
        "template": [
            "发表0.png",
            "发表.png"
        ],
        "action": "Click",
        "next": [
            "评论重复mc",
            "重置图文点赞mc"
        ]
    },
    "评论重复mc": {
        "recognition": "OCR",
        "expected": [
            "不能发表重复内容",
            "重复内容"
        ],
        "next": [
            "图文评论mc",
            "重置图文点赞mc"
        ]
    },
    "重置图文点赞mc": {
        "action": "Click",
        "target": [
            652,
            1210,
            38,
            42
        ],
        "post_delay": 800,
        "next": [
            "重置图文收藏mc"
        ]
    },
    "重置图文收藏mc": {
        "action": "Click",
        "target": [
            501,
            1208,
            42,
            44
        ],
        "post_delay": 800,
        "next": [
            "评论成功返回mc"
        ]
    },
    "评论成功返回mc": {
        "action": "Key",
        "key": 4,
        "post_delay": 800,
        "next": [
            "滑动至下一图文mc"
        ]
    },
    "滑动至下一图文mc": {
        "action": "Swipe",
        "begin": [
            200,
            690,
            10,
            10
        ],
        "end": [
            200,
            410,
            10,
            10
        ],
        "post_delay": 500,
        "next": [
            "点击图文mc"
        ]
    },
    "浏览图文结束c": {
        "recognition": "OCR",
        "expected": "随心 5",
        "action": "Key",
        "key": 4,
        "post_delay": 1000,
        "next": [
            "浏览图文完成返回c"
        ]
    },
    "浏览图文完成返回c": {
        "action": "Key",
        "key": 4,
        "post_delay": 1000,
        "next": [
            "点击视频内容"
        ]
    }
}