{
    "BrowseImagetxtM": {
        "enabled": true,
        "interrupt": [
            "Back"
        ],
        "next": [
            "BrowseImagetxtM1"
        ]
    },
    "BrowseImagetxtM1": {
        "recognition": "TemplateMatch",
        "template": [
            "wodes.png",
            "wodes_.png",
            "woder.png"
        ],
        "roi": [
            25,
            1162,
            679,
            98
        ],
        "action": "Click",
        "post_wait_freezes": 500,
        "post_delay": 500,
        "interrupt": [
            "Back"
        ],
        "next": [
            "ClickContent"
        ]
    },
    "ClickContent": {
        "recognition": "OCR",
        "expected": "内容",
        "action": "Click",
        "post_delay": 2000,
        "next": [
            "SwipeUpM"
        ]
    },
    "SwipeUpM": {
        "recognition": "OCR",
        "expected": [
            "已发布",
            "审核中"
        ],
        "roi": [
            0,
            707,
            720,
            558
        ],
        "pre_delay": 200,
        "action": "Swipe",
        "begin": [
            200,
            1000,
            10,
            10
        ],
        "end": [
            200,
            650,
            10,
            10
        ],
        "duration": 300,
        "post_delay": 500,
        "post_wait_freezes": 200,
        "focus": true,
        "focus_succeeded": "识别进入个人内容成功，开始执行个人账号任务",
        "focus_failed": "识别进入个人内容失败",
        "next": [
            "ReplyMyContent"
        ]
    },
    "ReplyMyContent": {
        "focus": true,
        "focus_failed": "识别错误，尝试恢复...",
        "on_error": [
            "ReplyImageBackM",
            "BrowseImagetxtM"
        ],
        "next": [
            "EndLineM",
            "ReplyContM"
        ]
    },
    "ReplyContBackM": {
        "action": "Key",
        "key": 4,
        "post_delay": 800,
        "next": [
            "ReplyLikeSwipe02M"
        ]
    },
    "ReplyContM": {
        "recognition": "OCR",
        "expected": [
            "\\d+评论",
            "\\d+点赞",
            "\\d+分享",
            "阅读量\\d+",
            "评论\\d+"
        ],
        "index": 0,
        "action": "Click",
        "post_delay": 2000,
        "focus": true,
        "focus_succeeded": "浏览2秒后，开始分享...",
        "next": [
            "ShareM"
        ]
    },
    "ShareM": {
        "next": [
            "ReplyImageShareM",
            "ReplyVideoShareM"
        ]
    },
    "ReplyImageShareM": {
        "recognition": "TemplateMatch",
        "template": "分享.png",
        "roi": [
            405,
            1188,
            310,
            75
        ],
        "action": "Click",
        "post_delay": 500,
        "next": [
            "ReplyShareToQQM"
        ]
    },
    "ReplyVideoShareM": {
        "recognition": "TemplateMatch",
        "template": "video_share0.png",
        "roi": [
            597,
            494,
            84,
            517
        ],
        "green_mask": true,
        "threshold": 0.5,
        "action": "Click",
        "post_delay": 500,
        "next": [
            "ReplyShareToQQM"
        ]
    },
    "ReplyShareToQQM": {
        "recognition": "OCR",
        "expected": "QQ",
        "roi": [
            1,
            662,
            719,
            615
        ],
        "action": "Click",
        "post_delay": 500,
        "next": [
            "ImageOrVideoM"
        ]
    },
    "ImageOrVideoM": {
        "next": [
            "ShareBackImageM",
            "ShareBackVideoM"
        ]
    },
    "ShareBackImageM": {
        "recognition": "TemplateMatch",
        "template": "分享.png",
        "roi": [
            405,
            1188,
            310,
            75
        ],
        "next": [
            "ReplyImageLikeM",
            "ReplyImageFavoriteM",
            "ReplyImageBackM",
            "ReplyImageCommentM"
        ]
    },
    "ShareBackVideoM": {
        "recognition": "TemplateMatch",
        "template": "video_share0.png",
        "roi": [
            597,
            494,
            84,
            517
        ],
        "green_mask": true,
        "threshold": 0.5,
        "next": [
            "ReplyVideoLike1M",
            "ReplyVideoLikeM",
            "ReplyVideoCollect1M",
            "ReplyVideoCollectM",
            "ReplyVideoBackM"
        ]
    },
    "ReplyImageLikeM": {
        "recognition": "TemplateMatch",
        "template": [
            "点赞.png",
            "like0.png"
        ],
        "roi": [
            405,
            1188,
            310,
            75
        ],
        "action": "Click",
        "target": [
            652,
            1210,
            38,
            42
        ],
        "next": [
            "ReplyImageFavoriteM",
            "ReplyImageCommentM"
        ]
    },
    "ReplyImageFavoriteM": {
        "recognition": "TemplateMatch",
        "template": [
            "收藏.png"
        ],
        "roi": [
            405,
            1188,
            310,
            75
        ],
        "action": "Click",
        "target": [
            501,
            1208,
            42,
            44
        ],
        "next": [
            "ReplyImageCommentM"
        ]
    },
    "ReplyImageCommentM": {
        "recognition": "OCR",
        "expected": [
            "期待你",
            "的评论"
        ],
        "roi": [
            50,
            1215,
            300,
            30
        ],
        "action": "Click",
        "target": [
            50,
            1215,
            300,
            30
        ],
        "interrupt": [
            "InputmethodCheck",
            "InputmethodCheck0"
        ],
        "next": [
            "ReplyInputCommentM"
        ]
    },
    "ReplyInputCommentM": {
        "recognition": "TemplateMatch",
        "template": "大象新语.png",
        "action": "Click",
        "next": [
            "ReplySendCommentM"
        ]
    },
    "ReplySendCommentM": {
        "recognition": "TemplateMatch",
        "template": "发表.png",
        "action": "Click",
        "post_delay": 1000,
        "next": [
            "ReplyImageBackM"
        ]
    },
    "ReplyImageBackM": {
        "action": "Key",
        "key": 4,
        "post_delay": 800,
        "next": [
            "ReplyLikeSwipe02M"
        ]
    },
    "ReplyLikeSwipe02M": {
        "recognition": "OCR",
        "expected": [
            "已发布",
            "审核中"
        ],
        "pre_delay": 200,
        "action": "Swipe",
        "begin": [
            200,
            800,
            10,
            10
        ],
        "end": [
            200,
            400,
            10,
            10
        ],
        "duration": 1000,
        "post_delay": 500,
        "post_wait_freezes": 200,
        "next": [
            "ReplyMyContent"
        ]
    },
    "ReplyVideoLike1M": {
        "recognition": "TemplateMatch",
        "template": "video_like1g.png",
        "roi": [
            597,
            494,
            84,
            517
        ],
        "green_mask": true,
        "threshold": 0.65,
        "next": [
            "ReplyVideoCollect1M",
            "ReplyVideoCollectM",
            "ReplyVideoBackM"
        ]
    },
    "ReplyVideoCollect1M": {
        "recognition": "TemplateMatch",
        "template": "video_collect1g.png",
        "roi": [
            597,
            494,
            84,
            517
        ],
        "green_mask": true,
        "threshold": 0.65,
        "next": [
            "ReplyVideoBackM"
        ]
    },
    "ReplyVideoLikeM": {
        "recognition": "TemplateMatch",
        "template": "video_like0g.png",
        "roi": [
            597,
            494,
            84,
            517
        ],
        "green_mask": true,
        "threshold": 0.5,
        "action": "Click",
        "next": [
            "ReplyVideoCollect1M",
            "ReplyVideoCollectM",
            "ReplyVideoBackM"
        ]
    },
    "ReplyVideoCollectM": {
        "recognition": "TemplateMatch",
        "template": "video_collect0g.png",
        "roi": [
            597,
            494,
            84,
            517
        ],
        "green_mask": true,
        "threshold": 0.5,
        "action": "Click",
        "next": [
            "ReplyVideoBackM"
        ]
    },
    "ReplyVideoBackM": {
        "action": "Key",
        "key": 4,
        "post_delay": 800,
        "next": [
            "ReplyLikeSwipe02M"
        ]
    },
    "EndLineM": {
        "recognition": "OCR",
        "expected": "我也是有底线的",
        "focus": true,
        "focus_succeeded": "个人账号任务完成",
        "next": [
            "ReplyBackM"
        ]
    },
    "ReplyBackM": {
        "action": "Key",
        "key": 4,
        "next": []
    }
}