{
    "CCircle": {
        "enabled": true,
        "interrupt": [
            "Back"
        ],
        "next": [
            "CInTheCircle",
            "CClickMyCircle",
            "CDXCircle"
        ]
    },
    "CInTheCircle": {
        "recognition": "OCR",
        "expected": [
            "我的关注",
            "最热"
        ],
        "roi": [
            1,
            23,
            719,
            216
        ],
        "focus": true,
        "focus_succeeded": "已在圈子中",
        "next": [
            "CCircleSwipe0"
        ]
    },
    "CDXCircle": {
        "recognition": "TemplateMatch",
        "template": [
            "wodes.png",
            "wodes_.png"
        ],
        "roi": [
            25,
            1162,
            679,
            98
        ],
        "action": "Click",
        "post_wait_freezes": 500,
        "post_delay": 1000,
        "focus": true,
        "focus_succeeded": "开始执行圈子点赞收藏任务...",
        "interrupt": [
            "Back"
        ],
        "next": [
            "CClickCircle"
        ]
    },
    "CClickCircle": {
        "recognition": "OCR",
        "expected": "大象圈",
        "roi": [
            0,
            1158,
            719,
            107
        ],
        "action": "Click",
        "post_delay": 500,
        "next": [
            "CClickSubsCircle"
        ]
    },
    "CClickSubsCircle": {
        "recognition": "OCR",
        "expected": "关注",
        "roi": [
            0,
            0,
            720,
            129
        ],
        "action": "Click",
        "post_delay": 500,
        "next": [
            "CClickMyCircle"
        ]
    },
    "CClickMyCircle": {
        "recognition": "OCR",
        "expected": "我的圈子",
        "roi": [
            1,
            146,
            719,
            108
        ],
        "action": "Click",
        "post_delay": 500,
        "interrupt": [
            "CCircleSwipe"
        ],
        "next": [
            "CClickTheCircle",
            "CCircleSwipeS"
        ]
    },
    "CCircleSwipeS": {
        "recognition": "OCR",
        "expected": "没有更多数据",
        "action": "Swipe",
        "begin": [
            200,
            400,
            10,
            10
        ],
        "end": [
            200,
            1200,
            10,
            10
        ],
        "interrupt": [
            "CCircleSwipe"
        ],
        "next": [
            "CClickTheCircle"
        ]
    },
    "CClickTheCircle": {
        "recognition": "OCR",
        "expected": [
            "无线“象”往",
            "展示新时代河南",
            "中波人",
            "“象”"
        ],
        "action": "Click",
        "post_delay": 1000,
        "focus": true,
        "focus_succeeded": "识别进入圈子成功",
        "focus_succeeded_color": "Blue",
        "next": [
            "CCircleSwipe0"
        ]
    },
    "CCircleSwipe0": {
        "recognition": "OCR",
        "expected": [
            "关注",
            "大象圈"
        ],
        "pre_delay": 200,
        "action": "Swipe",
        "begin": [
            200,
            900,
            10,
            10
        ],
        "end": [
            200,
            650,
            10,
            10
        ],
        "duration": 300,
        "post_delay": 500,
        "post_wait_freezes": 200,
        "on_error": [
            "CReIn"
        ],
        "next": [
            "CIsLoaded"
        ]
    },
    "CIsLoaded": {
        "enabled": true,
        "recognition": "OCR",
        "expected": [
            "置顶",
            "已关注",
            "分钟前",
            "大象圈",
            "官方客服",
            "小时前"
        ],
        "focus": true,
        "focus_succeeded": "圈子已加载...",
        "next": [
            "CCircleCollect&Like"
        ]
    },
    "CReIn": {
        "enabled": true,
        "action": "Key",
        "key": 4,
        "next": [
            "CClickTheCircle"
        ]
    },
    "CCircleSwipe": {
        "action": "Swipe",
        "begin": [
            200,
            800,
            10,
            10
        ],
        "end": [
            200,
            400,
            10,
            10
        ]
    },
    "CCircleCollect&Like": {
        "focus": true,
        "focus_succeeded": "点赞、收藏进行中...",
        "interrupt": [
            "CCircleSwipe"
        ],
        "next": [
            "CCircleCollect"
        ]
    },
    "CCircleCollect": {
        "recognition": "TemplateMatch",
        "template": [
            "circle_collect.png"
        ],
        "action": "Click",
        "focus": true,
        "focus_succeeded": "收藏进行中...",
        "interrupt": [
            "CInVideo",
            "CInImagetxt",
            "CCircleSwipe"
        ],
        "next": [
            "CCircleLike",
            "CCircleCollectFail",
            "CIsCompleted"
        ]
    },
    "CCircleLike": {
        "recognition": "TemplateMatch",
        "template": [
            "circle_like.png"
        ],
        "roi": "CCircleCollect",
        "roi_offset": [
            -170,
            -5,
            350,
            10
        ],
        "action": "Click",
        "focus": true,
        "focus_succeeded": "点赞进行中...",
        "interrupt": [
            "CInVideo",
            "CInImagetxt",
            "CCircleSwipe"
        ],
        "next": [
            "CIsCompleted",
            "CCircleCollect"
        ]
    },
    "CCircleCollectFail": {
        "recognition": "OCR",
        "expected": [
            "操作失败"
        ],
        "action": "Swipe",
        "begin": [
            200,
            800,
            10,
            10
        ],
        "end": [
            200,
            500,
            10,
            10
        ],
        "focus": true,
        "pre_delay": 1500,
        "focus_succeeded": "操作失败，跳过...",
        "post_delay": 2000,
        "next": [
            "CCircleCollect",
            "CIsCompleted"
        ]
    },
    "CInImagetxt": {
        "enabled": true,
        "recognition": "OCR",
        "expected": [
            "期待你",
            "的评论"
        ],
        "roi": [
            40,
            1200,
            350,
            45
        ],
        "action": "Key",
        "key": 4,
        "focus": true,
        "focus_succeeded": "进入图文退出...",
        "next": [
            "Stop"
        ]
    },
    "CInVideo": {
        "enabled": true,
        "recognition": "TemplateMatch",
        "template": [
            "video_collect0g.png",
            "video_collect1g.png",
            "video_like0g.png",
            "video_like1g.png",
            "video_comment.png",
            "video_share0.png",
            "videotag.png"
        ],
        "green_mask": true,
        "threshold": 0.7,
        "action": "Key",
        "key": 4,
        "focus": true,
        "focus_succeeded": "进入视频退出...",
        "next": [
            "Stop"
        ]
    },
    "CIsCompleted": {
        "enabled": true,
        "focus": true,
        "focus_succeeded": "任务完成检测...",
        "interrupt": [
            "CCircleErrorCheck01",
            "CInImagetxt",
            "CInVideo",
            "CCircleSwipe"
        ],
        "next": [
            "CTheDayBefore",
            "CCircleCollectFail",
            "CCircleCollect",
            "CCircleSwipe1"
        ]
    },
    "CCircleErrorCheck01": {
        "recognition": "TemplateMatch",
        "template": [
            "circle_share2.png"
        ],
        "roi": [
            566,
            1132,
            44,
            32
        ],
        "action": "Swipe",
        "begin": [
            200,
            800,
            10,
            10
        ],
        "end": [
            200,
            400,
            10,
            10
        ],
        "next": [
            "CCircleErrorCheck02",
            "Stop"
        ]
    },
    "CCircleErrorCheck02": {
        "recognition": "TemplateMatch",
        "template": [
            "circle_share2.png"
        ],
        "roi": [
            566,
            1132,
            44,
            32
        ],
        "action": "Swipe",
        "begin": [
            200,
            800,
            10,
            10
        ],
        "end": [
            200,
            400,
            10,
            10
        ],
        "next": [
            "CCircleErrorCheck03",
            "Stop"
        ]
    },
    "CCircleErrorCheck03": {
        "recognition": "TemplateMatch",
        "template": [
            "circle_share2.png"
        ],
        "roi": [
            566,
            1132,
            44,
            32
        ],
        "action": "Click",
        "target": [
            348,
            1244,
            1,
            1
        ],
        "post_delay": 2000,
        "next": [
            "CCheckInImage",
            "CCheckInVideo",
            "Stop"
        ]
    },
    "CCheckInImage": {
        "enabled": true,
        "recognition": "OCR",
        "expected": [
            "期待你",
            "的评论"
        ],
        "roi": [
            40,
            1200,
            350,
            45
        ],
        "action": "Key",
        "key": 4,
        "next": [
            "Stop"
        ]
    },
    "CCheckInVideo": {
        "enabled": true,
        "recognition": "TemplateMatch",
        "template": [
            "video_collect0g.png",
            "video_collect1g.png",
            "video_like0g.png",
            "video_like1g.png",
            "video_comment.png",
            "video_share0.png",
            "videotag.png"
        ],
        "green_mask": true,
        "threshold": 0.7,
        "action": "Key",
        "key": 4,
        "next": [
            "Stop"
        ]
    },
    "CTheDayBefore": {
        "enabled": false,
        "interrupt": [
            "CInImagetxt",
            "CInVideo",
            "CCircleSwipe"
        ],
        "next": [
            "CTheDayBefore2",
            "CCircleCollectFail",
            "CCircleCollect"
        ]
    },
    "CTheDayBefore2": {
        "enabled": true,
        "recognition": "OCR",
        "expected": [
            "1天前"
        ],
        "roi": [
            0,
            106,
            270,
            1174
        ],
        "interrupt": [
            "CInImagetxt",
            "CInVideo"
        ],
        "focus": true,
        "focus_succeeded": "检测到一天前",
        "next": [
            "CCircleCompletedBack"
        ]
    },
    "CCircleSwipe1": {
        "recognition": "TemplateMatch",
        "template": "circle_collect1.png",
        "action": "Swipe",
        "begin": [
            200,
            800,
            10,
            10
        ],
        "end": [
            200,
            400,
            10,
            10
        ],
        "timeout": 5000,
        "on_error": [
            "CCircleCompletedBack"
        ],
        "next": [
            "CCircleCollect",
            "CCircleLike",
            "CCircleSwipe2"
        ]
    },
    "CCircleSwipe2": {
        "action": "Swipe",
        "begin": [
            200,
            800,
            10,
            10
        ],
        "end": [
            200,
            400,
            10,
            10
        ],
        "timeout": 5000,
        "on_error": [
            "CCircleCompletedBack"
        ],
        "next": [
            "CCircleCollect",
            "CCircleLike",
            "CCircleSwipe3"
        ]
    },
    "CCircleSwipe3": {
        "action": "Swipe",
        "begin": [
            200,
            800,
            10,
            10
        ],
        "end": [
            200,
            400,
            10,
            10
        ],
        "timeout": 5000,
        "on_error": [
            "CCircleCompletedBack"
        ],
        "next": [
            "CCircleCollect",
            "CCircleLike",
            "CCircleSwipe4"
        ]
    },
    "CCircleSwipe4": {
        "action": "Swipe",
        "begin": [
            200,
            800,
            10,
            10
        ],
        "end": [
            200,
            400,
            10,
            10
        ],
        "timeout": 5000,
        "on_error": [
            "CCircleCompletedBack"
        ],
        "next": [
            "CCircleCollect",
            "CCircleLike",
            "CCircleSwipe5"
        ]
    },
    "CCircleSwipe5": {
        "action": "Swipe",
        "begin": [
            200,
            800,
            10,
            10
        ],
        "end": [
            200,
            400,
            10,
            10
        ],
        "timeout": 5000,
        "on_error": [
            "CCircleCompletedBack"
        ],
        "next": [
            "CCircleCollect",
            "CCircleLike",
            "CCircleSwipe6"
        ]
    },
    "CCircleSwipe6": {
        "action": "Swipe",
        "begin": [
            200,
            800,
            10,
            10
        ],
        "end": [
            200,
            400,
            10,
            10
        ],
        "timeout": 5000,
        "on_error": [
            "CCircleCompletedBack"
        ],
        "next": [
            "CCircleCollect",
            "CCircleLike",
            "CCircleSwipe7"
        ]
    },
    "CCircleSwipe7": {
        "action": "Swipe",
        "begin": [
            200,
            800,
            10,
            10
        ],
        "end": [
            200,
            400,
            10,
            10
        ],
        "timeout": 5000,
        "on_error": [
            "CCircleCompletedBack"
        ],
        "next": [
            "CCircleCollect",
            "CCircleLike",
            "CCircleSwipe8"
        ]
    },
    "CCircleSwipe8": {
        "action": "Swipe",
        "begin": [
            200,
            800,
            10,
            10
        ],
        "end": [
            200,
            400,
            10,
            10
        ],
        "timeout": 5000,
        "on_error": [
            "CCircleCompletedBack"
        ],
        "next": [
            "CCircleCollect",
            "CCircleLike"
        ]
    },
    "CCircleCompletedBack": {
        "action": "Key",
        "key": 4,
        "focus": true,
        "focus_succeeded": "圈子任务完成",
        "focus_succeeded_color": "Blue",
        "focus_toast": "圈子任务完成",
        "next": []
    }
}