{
    "CirclePublish": {
        "interrupt": [
            "Back"
        ],
        "next": [
            "LoadPicture",
            "关闭发布成功分享ed",
            "CirclePublish0"
        ]
    },
    "LoadPicture": {
        "enabled": true,
        "action": "StartApp",
        "package": "com.android.gallery3d",
        "post_delay": 3000,
        "next": [
            "LoadDxxw"
        ]
    },
    "LoadDxxw": {
        "action": "StartApp",
        "package": "com.hnr.dxxw",
        "interrupt": [
            "Back"
        ],
        "post_delay": 3000,
        "next": [
            "关闭发布成功分享ed",
            "CirclePublish0"
        ]
    },
    "关闭发布成功分享ed":{
        "enabled": true,
        "recognition": "OCR",
        "expected":[
            "取消"
        ],
        "roi": [0, 1159, 720, 121],
        "pre_delay": 2000,
        "action": "Click",
        "next":[
           "CirclePublish0"
        ]
    },
    "CirclePublish0": {
        "recognition": "OCR",
        "expected": [
            "发布"
        ],
        "roi": [
            0,
            0,
            720,
            176
        ],
        "interrupt":[
            "Back"
        ],
        "pre_delay": 800,
        "action": "Click",
        "post_delay": 800,
        "next": [
            "新版发布",
            "PublishVideo"
        ]
    },
    "PublishVideo": {
        "recognition": "OCR",
        "expected": [
            "视频"
        ],
        "action": "Click",
        "next": [
            "SwitchFolder"
        ]
    },
    "新版发布":{
        "enabled": false,
        "recognition": "OCR",
        "expected":[
            "输入标题",
            "输人标题",
            "限28个字"
        ],
        "roi": [0, 118, 720, 98],
        "next":[
            "发布视频"
        ]
    },
    "发布视频": {
        "recognition": "OCR",
        "expected": [
            "视频"
        ],
        "action": "Click",
        "next": [
            "点击选择作品"
        ]
    },
    "点击选择作品":{
        "recognition": "OCR",
        "expected":[
            "全部视频"
        ],
        "action": "Click",
        "target": [142, 481, 1, 1],
        "focus": {
            "succeeded": "[color:orange]选择 视频1[/color]"
        },
        "next":[
            "点击下一步1"
        ]
    },
    "点击下一步1":{
        "recognition": "OCR",
        "expected":[
            "下一步"
        ],
        "roi": [359, 57, 361, 70],
        "action": "Click",
        "next":[
            "点击下一步2"
        ]
    },
    "点击下一步2":{
        "recognition": "OCR",
        "expected":[
            "下一步"
        ],
        "roi": [359, 57, 361, 70],
        "action": "Click",
        "next":[
            "InputTitle"
        ]
    },
    "SwitchFolder": {
        "recognition": "OCR",
        "expected": [
            "全部"
        ],
        "roi": [
            0,
            0,
            720,
            158
        ],
        "action": "Click",
        "next": [
            "SelectFolder"
        ]
    },
    "SelectFolder": {
        "recognition": "OCR",
        "expected": [
            "圈子作品1"
        ],
        "action": "Click",
        "focus": {
            "succeeded": "[color:orange]选择 圈子作品1[/color]"
        },
        "next": [
            "SelectWork01"
        ]
    },
    "SelectWork01": {
        "recognition": "TemplateMatch",
        "template": "select.png",
        "roi": [
            139,
            168,
            96,
            97
        ],
        "threshold": 0.5,
        "action": "Click",
        "target": [
            185,
            215,
            1,
            1
        ],
        "focus": {
            "succeeded": "[color:deepskyblue]选择作品01[/color]"
        },
        "next": [
            "ClickConfirm"
        ]
    },
    "SelectWork02": {
        "recognition": "TemplateMatch",
        "template": "select.png",
        "threshold": 0.5,
        "action": "Click",
        "target": [
            430,
            215,
            1,
            1
        ],
        "focus": {
            "succeeded": "[color:deepskyblue]选择作品02[/color]"
        },
        "next": [
            "ClickConfirm"
        ]
    },
    "SelectWork03": {
        "recognition": "TemplateMatch",
        "template": "select.png",
        "threshold": 0.5,
        "action": "Click",
        "target": [
            671,
            216,
            1,
            1
        ],
        "focus": {
            "succeeded": "[color:deepskyblue]选择作品03[/color]"
        },
        "next": [
            "ClickConfirm"
        ]
    },
    "SelectWork04": {
        "recognition": "TemplateMatch",
        "template": "select.png",
        "threshold": 0.5,
        "action": "Click",
        "target": [
            185,
            458,
            1,
            1
        ],
        "focus": {
            "succeeded": "[color:deepskyblue]选择作品04[/color]"
        },
        "next": [
            "ClickConfirm"
        ]
    },
    "SelectWork05": {
        "recognition": "TemplateMatch",
        "template": "select.png",
        "threshold": 0.5,
        "action": "Click",
        "target": [
            430,
            458,
            1,
            1
        ],
        "focus": {
            "succeeded": "[color:deepskyblue]选择作品05[/color]"
        },
        "next": [
            "ClickConfirm"
        ]
    },
    "SelectWork06": {
        "recognition": "TemplateMatch",
        "template": "select.png",
        "threshold": 0.5,
        "action": "Click",
        "target": [
            671,
            457,
            1,
            1
        ],
        "focus": {
            "succeeded": "[color:deepskyblue]选择作品06[/color]"
        },
        "next": [
            "ClickConfirm"
        ]
    },
    "SelectWork07": {
        "recognition": "TemplateMatch",
        "template": "select.png",
        "threshold": 0.5,
        "action": "Click",
        "target": [
            185,
            700,
            1,
            1
        ],
        "focus": {
            "succeeded": "[color:deepskyblue]选择作品07[/color]"
        },
        "next": [
            "ClickConfirm"
        ]
    },
    "SelectWork08": {
        "recognition": "TemplateMatch",
        "template": "select.png",
        "threshold": 0.5,
        "action": "Click",
        "target": [
            430,
            701,
            1,
            1
        ],
        "focus": {
            "succeeded": "[color:deepskyblue]选择作品08[/color]"
        },
        "next": [
            "ClickConfirm"
        ]
    },
    "SelectWork09": {
        "recognition": "TemplateMatch",
        "template": "select.png",
        "threshold": 0.5,
        "action": "Click",
        "target": [
            671,
            702,
            1,
            1
        ],
        "focus": {
            "succeeded": "[color:deepskyblue]选择作品09[/color]"
        },
        "next": [
            "ClickConfirm"
        ]
    },
    "SelectWork10": {
        "recognition": "TemplateMatch",
        "template": "select.png",
        "threshold": 0.5,
        "action": "Click",
        "target": [
            185,
            946,
            1,
            1
        ],
        "focus": {
            "succeeded": "[color:deepskyblue]选择作品10[/color]"
        },
        "next": [
            "ClickConfirm"
        ]
    },
    "SelectWork11": {
        "recognition": "TemplateMatch",
        "template": "select.png",
        "threshold": 0.5,
        "action": "Click",
        "target": [
            430,
            945,
            1,
            1
        ],
        "focus": {
            "succeeded": "[color:deepskyblue]选择作品11[/color]"
        },
        "next": [
            "ClickConfirm"
        ]
    },
    "SelectWork12": {
        "recognition": "TemplateMatch",
        "template": "select.png",
        "threshold": 0.5,
        "action": "Click",
        "target": [
            671,
            944,
            1,
            1
        ],
        "focus": {
            "succeeded": "[color:deepskyblue]选择作品12[/color]"
        },
        "next": [
            "ClickConfirm"
        ]
    },
    "ClickConfirm": {
        "recognition": "OCR",
        "expected": [
            "确定\\(1\\)"
        ],
        "roi": [
            0,
            1176,
            720,
            104
        ],
        "action": "Click",
        "next": [
            "InputTitle"
        ]
    },
    "InputTitle": {
        "recognition": "OCR",
        "expected": [
            "输入标题"
        ],
        "action": "Click",
        "next": [
            "PublishXF01"
        ]
    },
    "PublishXF01": {
        "enabled": true,
        "recognition": "TemplateMatch",
        "template": "XF_comment.png",
        "roi": [
            1,
            698,
            719,
            132
        ],
        "action": "Click",
        "focus": true,
        "succeeded": "检测到语录功能，使用XF语录",
        "next": [
            "PublishXF02Tag",
            "PublishXF02Title"
        ]
    },
    "PublishXF02Tag": {
        "enabled": true,
        "recognition": "OCR",
        "expected": [
            "Tag1"
        ],
        "roi": [
            5,
            862,
            715,
            412
        ],
        "action": "Click",
        "pre_delay": 500,
        "post_delay": 500,
        "next": [
            "PublishXF02Title"
        ]
    },
    "PublishXF02Title": {
        "enabled": true,
        "recognition": "OCR",
        "expected": [
            "标题1"
        ],
        "roi": [
            5,
            862,
            715,
            412
        ],
        "action": "Click",
        "pre_delay": 500,
        "post_delay": 500,
        "next": [
            "XFBack01"
        ]
    },
    "XFBack01": {
        "action": "Key",
        "key": 4,
        "next": [
            "XFBack02"
        ]
    },
    "XFBack02": {
        "action": "Key",
        "key": 4,
        "interrupt": [
            "PublishSwipeUp"
        ],
        "next": [
            "SelectCircle"
        ]
    },
    "PublishSwipeUp": {
        "action": "Swipe",
        "begin": [
            300,
            900,
            10,
            10
        ],
        "end": [
            300,
            400,
            10,
            10
        ],
        "duration": 500
    },
    "圈子类型上滑": {
        "enabled": false,
        "action": "Swipe",
        "begin": [
            100,
            800,
            10,
            10
        ],
        "end": [
            100,
            400,
            10,
            10
        ],
        "duration": 500
    },
    "SelectCircle": {
        "recognition": "OCR",
        "expected": [
            "选择圈子"
        ],
        "action": "Click",
        "interrupt": [
            "圈子类型上滑",
            "PublishSwipeUp"
        ],
        "next": [
            "选择圈子类型",
            "PublishClickCircle"
        ]
    },
    "选择圈子类型":{
        "enabled": false,
        "recognition": "OCR",
        "expected":[
            "机构"
        ],
        "roi": [1, 255, 193, 1025],
        "action": "Click",
        "interrupt": [
            "PublishSwipeUp"
        ],
        "next":[
            "PublishClickCircle"
        ]
    },
    "PublishClickCircle": {
        "recognition": "OCR",
        "expected": [
            "无线“象”往"
        ],
        "action": "Click",
        "focus": true,
        "succeeded": "已选择 无线“象”往 圈子",
        "succeeded_color": "Green",
        "next": [
            "SelectTag01"
        ]
    },
    "SelectTag01": {
        "recognition": "OCR",
        "expected": [
            "标签和关键词"
        ],
        "action": "Click",
        "next": [
            "SelectTag02"
        ]
    },
    "SelectTag02": {
        "recognition": "OCR",
        "expected": [
            "选择标签"
        ],
        "action": "Click",
        "next": [
            "SelectTag03"
        ]
    },
    "SelectTag03": {
        "recognition": "OCR",
        "expected": [
            "社会"
        ],
        "action": "Click",
        "next": [
            "SelectTag04"
        ]
    },
    "SelectTag04": {
        "recognition": "OCR",
        "expected": [
            "环境保护"
        ],
        "action": "Click",
        "pre_delay": 1000,
        "next": [
            "SelectTag05"
        ]
    },
    "SelectTag05": {
        "recognition": "OCR",
        "expected": [
            "确定"
        ],
        "action": "Click",
        "interrupt": [
            "PublishSwipeUp"
        ],
        "next": [
            "PClickPublish"
        ]
    },
    "AI生成":{
        "enabled": true,
        "recognition": "OCR",
        "expected":[
            "AI生成"
        ],
        "roi": [1, 614, 237, 666],
        "next":[
            "启用AI生成开关"
        ]
    },
    "启用AI生成开关":{
        "recognition": "TemplateMatch",
        "template": "AI生成开关.png",
        "roi": "AI生成",
        "roi_offset": [
            570,
            -20,
            50,
            50
        ],
        "action": "Click",
        "interrupt": [
            "PublishSwipeUp"
        ],
        "next":[
            "PClickPublish"
        ]
    },
    "PClickPublish": {
        "recognition": "OCR",
        "expected": [
            "发布"
        ],
        "roi": [
            358,
            1127,
            362,
            153
        ],
        "action": "Click",
        "next": [
            "ConfirmPublish"
        ]
    },
    "ConfirmPublish": {
        "recognition": "OCR",
        "expected": [
            "确认"
        ],
        "roi": [
            81,
            704,
            560,
            124
        ],
        "action": "Click",
        "timeout": 60000,
        "next": [
            "PublishDone"
        ]
    },
    "PublishDone": {
        "recognition": "OCR",
        "expected": [
            "点击查看"
        ],
        "roi": [
            537,
            188,
            183,
            199
        ],
        "post_delay": 6000,
        "timeout": 12000,
        "on_error":[
            "Stop"
        ],
        "focus": {
            "succeeded": "[color:blue]发布完成[/color]"
        },
        "next": [
            "关闭发布成功分享"
        ]
    },
    "关闭发布成功分享":{
        "recognition": "OCR",
        "expected":[
            "取消"
        ],
        "roi": [0, 1159, 720, 121],
        "pre_delay": 6000,
        "action": "Click",
        "next":[
            "Stop"
        ]
    }
}