{
    "Circle": {
        "enabled": true,
        "interrupt": [
            "Back"
        ],
        "next": [
            "CNotResponding",
            "InTheCircle",
            "ClickMyCircle",
            "DXCircle"
        ]
    },
    "InTheCircle": {
        "recognition": "OCR",
        "expected": [
            "我的关注",
            "最热"
        ],
        "roi": [
            1,
            23,
            719,
            216
        ],
        "focus": {
            "succeeded": "已在圈子中"
        },
        "next": [
            "CircleSwipe0"
        ]
    },
    "CNotResponding": {
        "recognition": "OCR",
        "expected": [
            "大象新闻没有响应",
            "关闭应用",
            "没有响应"
        ],
        "action": "StopApp",
        "package": "com.hnr.dxxw",
        "post_delay": 3000,
        "focus": {
            "start": "应用没有响应，正在关闭Dxxw..."
        },
        "next": [
            "CStartApp"
        ]
    },
    "CStartApp": {
        "action": "StartApp",
        "package": "com.hnr.dxxw",
        "post_delay": 3000,
        "focus": {
            "start": "重新启动Dxxw..."
        },
        "succeeded": "启动成功",
        "next": [
            "CSkip1"
        ]
    },
    "CSkip1": {
        "recognition": "OCR",
        "expected": "跳过",
        "action": "Click",
        "post_delay": 1500,
        "next": [
            "CSkip2",
            "ClickMyCircle",
            "DXCircle"
        ]
    },
    "CSkip2": {
        "recognition": "OCR",
        "expected": "跳过",
        "action": "Click",
        "post_delay": 1500,
        "next": [
            "ClickMyCircle",
            "DXCircle"
        ]
    },
    "DXCircle": {
        "recognition": "TemplateMatch",
        "template": [
            "wodes.png",
            "wodes_.png"
        ],
        "roi": [
            25,
            1162,
            679,
            98
        ],
        "action": "Click",
        "post_wait_freezes": 500,
        "post_delay": 1000,
        "focus": {
            "succeeded": "开始执行圈子点赞收藏任务..."
        },
        "interrupt": [
            "Back"
        ],
        "next": [
            "ClickCircle"
        ]
    },
    "ClickCircle": {
        "recognition": "OCR",
        "expected": "大象圈",
        "roi": [
            0,
            1158,
            719,
            107
        ],
        "action": "Click",
        "post_delay": 500,
        "next": [
            "ClickSubsCircle"
        ]
    },
    "ClickAllCircle": {
        "recognition": "OCR",
        "expected": "圈子",
        "roi": [
            0,
            0,
            720,
            129
        ],
        "action": "Click",
        "post_delay": 500,
        "next": [
            "ClickTheCircle",
            "CircleSwipeS"
        ]
    },
    "ClickSubsCircle": {
        "recognition": "OCR",
        "expected": "关注",
        "roi": [
            0,
            0,
            720,
            129
        ],
        "action": "Click",
        "post_delay": 500,
        "next": [
            "ClickMyCircle"
        ]
    },
    "ClickMyCircle": {
        "recognition": "OCR",
        "expected": "我的圈子",
        "roi": [
            1,
            146,
            719,
            108
        ],
        "action": "Click",
        "post_delay": 500,
        "interrupt": [
            "CircleSwipe"
        ],
        "next": [
            "ClickTheCircle",
            "CircleSwipeS"
        ]
    },
    "CircleSwipe": {
        "action": "Swipe",
        "begin": [
            200,
            800,
            10,
            10
        ],
        "end": [
            200,
            400,
            10,
            10
        ]
    },
    "CircleSwipeS": {
        "recognition": "OCR",
        "expected": "没有更多数据",
        "action": "Swipe",
        "begin": [
            200,
            400,
            10,
            10
        ],
        "end": [
            200,
            1200,
            10,
            10
        ],
        "interrupt": [
            "CircleSwipe"
        ],
        "next": [
            "ClickTheCircle"
        ]
    },
    "ClickTheCircle": {
        "recognition": "OCR",
        "expected": [
            "无线“象”往",
            "展示新时代河南",
            "中波人",
            "“象”"
        ],
        "roi": [0, 136, 720, 1041],
        "action": "Click",
        "post_delay": 1000,
        "focus": {
            "succeeded": "识别进入圈子成功"
        },
        "succeeded_color": "Blue",
        "next": [
            "CircleSwipe0"
        ]
    },
    "IsTheCircle": {
        "recognition": "OCR",
        "expected": [
            "无线“象”往",
            "无线",
            "“象"
        ],
        "roi": [
            0,
            35,
            720,
            205
        ]
    },
    "CircleSwipe0": {
        "recognition": "OCR",
        "expected": [
            "关注",
            "大象圈"
        ],
        "pre_delay": 200,
        "action": "Swipe",
        "begin": [
            200,
            900,
            10,
            10
        ],
        "end": [
            200,
            650,
            10,
            10
        ],
        "duration": 300,
        "post_delay": 500,
        "post_wait_freezes": 200,
        "next": [
            "IsLoaded",
            "ReIn",
            "IsTop0",
            "ToCircleTime",
            "CircleCollect&Like"
        ]
    },
    "ToCircleTime": {
        "enabled": true,
        "interrupt": [
            "ToCircleSwipe"
        ],
        "next": [
            "ToTime"
        ]
    },
    "ToTime": {
        "enabled": true,
        "recognition": "OCR",
        "expected": [
            "1小时前"
        ],
        "roi": [
            0,
            106,
            270,
            1174
        ],
        "focus": {
            "succeeded": "[color:blue]已至1小时前[/color]",
            "toast": "已至1小时前"
        },
        "next": [
            "IsTop0",
            "CircleCollect&Like"
        ]
    },
    "ToCircleSwipe": {
        "action": "Swipe",
        "begin": [
            200,
            1000,
            10,
            10
        ],
        "end": [
            200,
            400,
            10,
            10
        ]
    },
    "ReIn": {
        "enabled": true,
        "action": "Key",
        "key": 4,
        "next": [
            "ClickTheCircle"
        ]
    },
    "IsLoaded": {
        "enabled": true,
        "recognition": "OCR",
        "expected": [
            "置顶",
            "已关注",
            "分钟前",
            "大象圈",
            "官方客服",
            "小时前"
        ],
        "focus": {
            "succeeded": "开启圈子点赞收藏..."
        },
        "next": [
            "IsTop0",
            "ToCircleTime",
            "CircleCollect&Like"
        ]
    },
    "IsTop0": {
        "enabled": true,
        "recognition": "OCR",
        "expected": [
            "置顶"
        ],
        "roi": [
            0,
            220,
            124,
            1060
        ],
        "action": "Swipe",
        "begin": [
            200,
            900,
            10,
            10
        ],
        "end": [
            200,
            700,
            10,
            10
        ],
        "next": [
            "IsTop",
            "ToCircleTime",
            "CircleCollect&Like"
        ]
    },
    "IsTop": {
        "recognition": "OCR",
        "expected": [
            "置顶"
        ],
        "roi": [
            0,
            220,
            124,
            1060
        ],
        "action": "Swipe",
        "begin": [
            200,
            900,
            10,
            10
        ],
        "end": [
            200,
            700,
            10,
            10
        ],
        "next": [
            "IsTop0",
            "ToCircleTime",
            "CircleCollect&Like"
        ]
    },
    "CircleCollect&Like": {
        "focus": {
            "succeeded": "点赞、收藏进行中..."
        },
        "interrupt": [
            "CircleSwipe"
        ],
        "next": [
            "IsCompleted",
            "NameList",
            "CircleCollect"
        ]
    },
    "CircleCollect": {
        "recognition": "TemplateMatch",
        "template": [
            "circle_collect.png"
        ],
        "action": "Click",
        "focus": {
            "succeeded": "收藏进行中..."
        },
        "interrupt": [
            "InImagetxt",
            "CircleSwipe"
        ],
        "next": [
            "CircleLike",
            "CircleCollectFail",
            "IsCompleted"
        ]
    },
    "CircleCollectFail": {
        "recognition": "OCR",
        "expected": [
            "操作失败"
        ],
        "action": "Swipe",
        "begin": [
            200,
            800,
            10,
            10
        ],
        "end": [
            200,
            500,
            10,
            10
        ],
        "pre_delay": 1500,
        "focus": {
            "succeeded": "操作失败，跳过..."
        },
        "post_delay": 2000,
        "next": [
            "CircleCollect",
            "IsCompleted"
        ]
    },
    "CircleLike": {
        "recognition": "TemplateMatch",
        "template": [
            "circle_like.png"
        ],
        "roi": "CircleCollect",
        "roi_offset": [
            -170,
            -5,
            350,
            10
        ],
        "action": "Click",
        "focus": {
            "succeeded": "点赞进行中..."
        },
        "interrupt": [
            "InImagetxt",
            "CircleSwipe"
        ],
        "next": [
            "CircleSwipe2"
        ]
    },
    "InCircle": {
        "recognition": "OCR",
        "expected": [
            "我的关注"
        ],
        "next": [
            "NameList",
            "CircleSwipe2"
        ]
    },
    "CircleSwipe2": {
        "recognition": "OCR",
        "expected": [
            "我的关注"
        ],
        "action": "Swipe",
        "begin": [
            200,
            800,
            10,
            10
        ],
        "end": [
            200,
            400,
            10,
            10
        ],
        "next": [
            "IsCompleted",
            "CircleCollect&Like"
        ]
    },
    "InImagetxt": {
        "enabled": true,
        "recognition": "OCR",
        "expected": [
            "期待你",
            "的评论"
        ],
        "roi": [
            40,
            1200,
            350,
            45
        ],
        "action": "Key",
        "key": 4,
        "focus": {
            "succeeded": "进入作品退出..."
        },
        "next": [
            "Stop"
        ]
    },
    "InVideo": {
        "enabled": true,
        "recognition": "TemplateMatch",
        "template": [
            "video_collect0g.png",
            "video_collect1g.png",
            "video_like0g.png",
            "video_like1g.png",
            "video_comment.png",
            "video_share0.png",
            "videotag.png"
        ],
        "green_mask": true,
        "threshold": 0.7,
        "action": "Key",
        "key": 4,
        "focus": {
            "succeeded": "进入视频退出..."
        },
        "next": [
            "Stop"
        ]
    },
    "IsCompleted": {
        "enabled": true,
        "focus": {
            "succeeded": "任务完成检测..."
        },
        "interrupt": [
            "CircleErrorCheck01",
            "InImagetxt",
            "CircleSwipe"
        ],
        "next": [
            "TheDayBefore",
            "CircleCollect1",
            "CircleCollectFail",
            "NameList",
            "CircleCollect"
        ]
    },
    "CircleErrorCheck01": {
        "recognition": "TemplateMatch",
        "template": [
            "circle_share2.png"
        ],
        "roi": [
            566,
            1132,
            44,
            32
        ],
        "action": "Swipe",
        "begin": [
            200,
            800,
            10,
            10
        ],
        "end": [
            200,
            400,
            10,
            10
        ],
        "next": [
            "CircleErrorCheck02",
            "Stop"
        ]
    },
    "CircleErrorCheck02": {
        "recognition": "TemplateMatch",
        "template": [
            "circle_share2.png"
        ],
        "roi": [
            566,
            1132,
            44,
            32
        ],
        "action": "Swipe",
        "begin": [
            200,
            800,
            10,
            10
        ],
        "end": [
            200,
            400,
            10,
            10
        ],
        "next": [
            "CircleErrorCheck03",
            "Stop"
        ]
    },
    "CircleErrorCheck03": {
        "recognition": "TemplateMatch",
        "template": [
            "circle_share2.png"
        ],
        "roi": [
            566,
            1132,
            44,
            32
        ],
        "action": "Click",
        "target": [
            348,
            1244,
            1,
            1
        ],
        "post_delay": 2000,
        "next": [
            "CheckInImage",
            "Stop"
        ]
    },
    "CheckInImage": {
        "enabled": true,
        "recognition": "OCR",
        "expected": [
            "期待你",
            "的评论"
        ],
        "roi": [
            40,
            1200,
            350,
            45
        ],
        "action": "Key",
        "key": 4,
        "next": [
            "Stop"
        ]
    },
    "CheckInVideo": {
        "enabled": true,
        "recognition": "TemplateMatch",
        "template": [
            "video_collect0g.png",
            "video_collect1g.png",
            "video_like0g.png",
            "video_like1g.png",
            "video_comment.png",
            "video_share0.png",
            "videotag.png"
        ],
        "green_mask": true,
        "threshold": 0.7,
        "action": "Key",
        "key": 4,
        "next": [
            "Stop"
        ]
    },
    "TheDayBefore": {
        "enabled": true,
        "recognition": "OCR",
        "expected": [
            "1天前"
        ],
        "roi": [
            0,
            106,
            270,
            1174
        ],
        "interrupt": [
            "InImagetxt"
        ],
        "focus": {
            "succeeded": "检测到1天前"
        },
        "next": [
            "CircleCollect1",
            "CircleCollect"
        ]
    },
    "CircleCollect1": {
        "recognition": "TemplateMatch",
        "template": [
            "circle_collect1.png"
        ],
        "focus": {
            "succeeded": "检测到收藏"
        },
        "interrupt": [
            "InImagetxt",
            "CircleSwipe"
        ],
        "next": [
            "CircleLike1",
            "NameList",
            "CircleCollect"
        ]
    },
    "CircleLike1": {
        "recognition": "TemplateMatch",
        "template": [
            "circle_like1.png"
        ],
        "focus": {
            "succeeded": "检测到点赞"
        },
        "next": [
            "CircleCollectFail",
            "CircleCollect",
            "CircleSwipe3"
        ]
    },
    "CircleSwipe3": {
        "action": "Swipe",
        "begin": [
            200,
            800,
            10,
            10
        ],
        "end": [
            200,
            400,
            10,
            10
        ],
        "timeout": 5000,
        "on_error": [
            "CircleCompletedBack"
        ],
        "next": [
            "NameList",
            "CircleCollect",
            "CircleLike",
            "CircleSwipe4"
        ]
    },
    "CircleSwipe4": {
        "action": "Swipe",
        "begin": [
            200,
            800,
            10,
            10
        ],
        "end": [
            200,
            400,
            10,
            10
        ],
        "timeout": 5000,
        "on_error": [
            "CircleCompletedBack"
        ],
        "next": [
            "NameList",
            "CircleCollect",
            "CircleLike",
            "CircleSwipe5"
        ]
    },
    "CircleSwipe5": {
        "action": "Swipe",
        "begin": [
            200,
            800,
            10,
            10
        ],
        "end": [
            200,
            400,
            10,
            10
        ],
        "timeout": 5000,
        "on_error": [
            "CircleCompletedBack"
        ],
        "next": [
            "NameList",
            "CircleCollect",
            "CircleLike",
            "CircleSwipe6"
        ]
    },
    "CircleSwipe6": {
        "action": "Swipe",
        "begin": [
            200,
            800,
            10,
            10
        ],
        "end": [
            200,
            400,
            10,
            10
        ],
        "timeout": 5000,
        "on_error": [
            "CircleCompletedBack"
        ],
        "next": [
            "NameList",
            "CircleCollect",
            "CircleLike",
            "CircleSwipe7"
        ]
    },
    "CircleSwipe7": {
        "action": "Swipe",
        "begin": [
            200,
            800,
            10,
            10
        ],
        "end": [
            200,
            400,
            10,
            10
        ],
        "timeout": 5000,
        "on_error": [
            "CircleCompletedBack"
        ],
        "next": [
            "NameList",
            "CircleCollect",
            "CircleLike",
            "CircleSwipe8"
        ]
    },
    "CircleSwipe8": {
        "action": "Swipe",
        "begin": [
            200,
            800,
            10,
            10
        ],
        "end": [
            200,
            400,
            10,
            10
        ],
        "timeout": 5000,
        "on_error": [
            "CircleCompletedBack"
        ],
        "next": [
            "NameList",
            "CircleCollect",
            "CircleLike"
        ]
    },
    "CircleCollect0": {
        "recognition": "TemplateMatch",
        "template": [
            "circle_collect.png"
        ],
        "action": "Click",
        "next": [
            "CircleLike0",
            "CircleCollect&Like"
        ]
    },
    "CircleLike0": {
        "recognition": "TemplateMatch",
        "template": [
            "circle_like.png"
        ],
        "action": "Click",
        "next": [
            "CircleCollect&Like"
        ]
    },
    "CircleCompletedBack": {
        "focus": {
            "succeeded": "[color:blue]圈子任务完成[/color]",
            "toast": "圈子任务完成"
        },
        "next": [
            "CircleCompletedBack02"
        ]
    },
    "CircleCompletedBack02": {
        "enabled": true,
        "action": "Key",
        "key": 4,
        "next": []
    }
}