{
    "Circle": {
        "enabled": true,
        "interrupt": [
            "Back"
        ],
        "next": [
            "CNotResponding",
            "InTheCircle",
            "ClickMyCircle",
            "DXCircle"
        ]
    },
    "InTheCircle": {
        "recognition": "OCR",
        "expected": [
            "我的关注",
            "最热"
        ],
        "roi": [
            0,
            46,
            720,
            732
        ],
        "next": [
            "CircleSwipe0"
        ]
    },
    "CNotResponding": {
        "recognition": "OCR",
        "expected": [
            "大象新闻没有响应",
            "关闭应用",
            "没有响应"
        ],
        "action": "StopApp",
        "package": "com.hnr.dxxw",
        "post_delay": 3000,
        "focus": true,
        "focus_tip": "应用没有响应，正在关闭Dxxw...",
        "next": [
            "CStartApp"
        ]
    },
    "CStartApp": {
        "action": "StartApp",
        "package": "com.hnr.dxxw",
        "post_delay": 3000,
        "focus": true,
        "focus_tip": "重新启动Dxxw...",
        "focus_succeeded": "启动成功",
        "next": [
            "CSkip1"
        ]
    },
    "CSkip1": {
        "recognition": "OCR",
        "expected": "跳过",
        "action": "Click",
        "post_delay": 1500,
        "next": [
            "CSkip2",
            "ClickMyCircle",
            "DXCircle"
        ]
    },
    "CSkip2": {
        "recognition": "OCR",
        "expected": "跳过",
        "action": "Click",
        "post_delay": 1500,
        "next": [
            "ClickMyCircle",
            "DXCircle"
        ]
    },
    "DXCircle": {
        "recognition": "TemplateMatch",
        "template": [
            "wodes.png",
            "wodes_.png"
        ],
        "roi": [
            25,
            1162,
            679,
            98
        ],
        "action": "Click",
        "post_wait_freezes": 500,
        "post_delay": 1000,
        "focus": true,
        "focus_succeeded": "开始执行圈子点赞收藏任务...",
        "interrupt": [
            "Back"
        ],
        "next": [
            "ClickCircle"
        ]
    },
    "ClickCircle": {
        "recognition": "OCR",
        "expected": "大象圈",
        "roi": [
            0,
            1158,
            719,
            107
        ],
        "action": "Click",
        "post_delay": 500,
        "next": [
            "ClickSubsCircle"
        ]
    },
    "ClickSubsCircle": {
        "recognition": "OCR",
        "expected": "关注",
        "roi": [
            0,
            0,
            720,
            129
        ],
        "action": "Click",
        "post_delay": 500,
        "next": [
            "ClickMyCircle"
        ]
    },
    "ClickMyCircle": {
        "recognition": "OCR",
        "expected": "我的圈子",
        "roi": [
            1,
            146,
            719,
            108
        ],
        "action": "Click",
        "post_delay": 500,
        "interrupt": [
            "CircleSwipe"
        ],
        "next": [
            "ClickTheCircle",
            "CircleSwipeS"
        ]
    },
    "CircleSwipe": {
        "action": "Swipe",
        "begin": [
            200,
            800,
            10,
            10
        ],
        "end": [
            200,
            400,
            10,
            10
        ]
    },
    "CircleSwipeS": {
        "recognition": "OCR",
        "expected": "没有更多数据",
        "action": "Swipe",
        "begin": [
            200,
            400,
            10,
            10
        ],
        "end": [
            200,
            1200,
            10,
            10
        ],
        "interrupt": [
            "CircleSwipe"
        ],
        "next": [
            "ClickTheCircle"
        ]
    },
    "ClickTheCircle": {
        "recognition": "OCR",
        "expected": [
            "无线“象”往",
            "展示新时代河南",
            "中波人",
            "“象”"
        ],
        "action": "Click",
        "post_delay": 1000,
        "focus": true,
        "focus_succeeded": "识别进入圈子成功",
        "focus_succeeded_color": "Blue",
        "next": [
            "CircleSwipe0"
        ]
    },
    "IsTheCircle": {
        "recognition": "OCR",
        "expected": [
            "无线“象”往",
            "无线",
            "“象"
        ],
        "roi": [
            0,
            35,
            720,
            205
        ]
    },
    "CircleSwipe0": {
        "recognition": "OCR",
        "expected": [
            "关注",
            "大象圈"
        ],
        "pre_delay": 200,
        "action": "Swipe",
        "begin": [
            200,
            900,
            10,
            10
        ],
        "end": [
            200,
            650,
            10,
            10
        ],
        "duration": 300,
        "post_delay": 500,
        "post_wait_freezes": 200,
        "next": [
            "IsLoaded",
            "ReIn",
            "IsTop0",
            "CircleCollect&Like"
        ]
    },
    "ReIn": {
        "enabled": true,
        "action": "Key",
        "key": 4,
        "next": [
            "ClickTheCircle"
        ]
    },
    "IsLoaded": {
        "enabled": true,
        "recognition": "OCR",
        "expected": [
            "置顶",
            "已关注",
            "分钟前",
            "大象圈",
            "官方客服",
            "小时前"
        ],
        "focus": true,
        "focus_succeeded": "开启圈子点赞收藏...",
        "next": [
            "IsTop0",
            "CircleCollect&Like"
        ]
    },
    "IsTop0": {
        "enabled": true,
        "recognition": "OCR",
        "expected": [
            "置顶"
        ],
        "roi": [
            0,
            220,
            124,
            1060
        ],
        "action": "Swipe",
        "begin": [
            200,
            900,
            10,
            10
        ],
        "end": [
            200,
            700,
            10,
            10
        ],
        "next": [
            "IsTop",
            "CircleCollect&Like"
        ]
    },
    "IsTop": {
        "recognition": "OCR",
        "expected": [
            "置顶"
        ],
        "roi": [
            0,
            220,
            124,
            1060
        ],
        "action": "Swipe",
        "begin": [
            200,
            900,
            10,
            10
        ],
        "end": [
            200,
            700,
            10,
            10
        ],
        "next": [
            "IsTop0",
            "CircleCollect&Like"
        ]
    },
    "CircleCollect&Like": {
        "focus": true,
        "focus_succeeded": "点赞、收藏进行中...",
        "interrupt": [
            "CircleSwipe"
        ],
        "next": [
            "IsCompleted",
            "CircleCollect"
        ]
    },
    "CircleCollect": {
        "recognition": "TemplateMatch",
        "template": [
            "circle_collect.png"
        ],
        "action": "Click",
        "focus": true,
        "focus_succeeded": "收藏进行中...",
        "interrupt": [
            "CircleSwipe"
        ],
        "next": [
            "CircleLike",
            "CircleCollectFail",
            "IsCompleted"
        ]
    },
    "CircleCollectFail": {
        "recognition": "OCR",
        "expected": [
            "操作失败"
        ],
        "action": "Swipe",
        "begin": [
            200,
            800,
            10,
            10
        ],
        "end": [
            200,
            500,
            10,
            10
        ],
        "focus": true,
        "focus_succeeded": "操作失败，跳过...",
        "post_delay": 2000,
        "next": [
            "CircleCollect"
        ]
    },
    "CircleLike": {
        "recognition": "TemplateMatch",
        "template": [
            "circle_like.png"
        ],
        "roi": "CircleCollect",
        "roi_offset": [
            -170,
            -5,
            350,
            10
        ],
        "action": "Click",
        "focus": true,
        "focus_succeeded": "点赞进行中...",
        "interrupt": [
            "CircleSwipe"
        ],
        "next": [
            "CircleSwipe2"
        ]
    },
    "InCircle": {
        "recognition": "OCR",
        "expected": [
            "我的关注"
        ],
        "next": [
            "CircleSwipe2"
        ]
    },
    "CircleSwipe2": {
        "recognition": "OCR",
        "expected": [
            "我的关注"
        ],
        "action": "Swipe",
        "begin": [
            200,
            800,
            10,
            10
        ],
        "end": [
            200,
            400,
            10,
            10
        ],
        "next": [
            "IsCompleted",
            "CircleCollect&Like"
        ]
    },
    "InImagetxt": {
        "enabled": true,
        "recognition": "OCR",
        "expected": [
            "期待你",
            "的评论"
        ],
        "roi": [
            40,
            1200,
            350,
            40
        ],
        "action": "Key",
        "key": 4,
        "next": [
            "CircleCollect&Like"
        ]
    },
    "InVideo": {
        "enabled": true,
        "recognition": "TemplateMatch",
        "template": [
            "video_collect0g.png",
            "video_collect1g.png",
            "video_like0g.png",
            "video_like1g.png",
            "video_comment.png",
            "video_share0.png",
            "videotag.png"
        ],
        "green_mask": true,
        "threshold": 0.7,
        "action": "Key",
        "key": 4,
        "next": [
            "CircleCollect&Like"
        ]
    },
    "IsCompleted": {
        "enabled": true,
        "focus": true,
        "focus_succeeded": "任务完成检测...",
        "interrupt": [
            "CircleSwipe"
        ],
        "next": [
            "InImagetxt",
            "InVideo",
            "TheDayBefore",
            "CircleCollect1",
            "CircleCollectFail",
            "CircleCollect"
        ]
    },
    "TheDayBefore": {
        "enabled": true,
        "recognition": "OCR",
        "expected": [
            "1天前"
        ],
        "roi": [
            0,
            106,
            270,
            1174
        ],
        "focus": true,
        "focus_succeeded": "检测到一天前",
        "next": [
            "CircleCollect1",
            "InImagetxt",
            "InVideo",
            "CircleCollect"
        ]
    },
    "CircleCollect1": {
        "recognition": "TemplateMatch",
        "template": [
            "circle_collect1.png"
        ],
        "focus": true,
        "focus_succeeded": "检测到收藏",
        "interrupt": [
            "CircleSwipe"
        ],
        "next": [
            "CircleLike1",
            "InImagetxt",
            "InVideo",
            "CircleCollect"
        ]
    },
    "CircleLike1": {
        "recognition": "TemplateMatch",
        "template": [
            "circle_like1.png"
        ],
        "focus": true,
        "focus_succeeded": "检测到点赞",
        "next": [
            "CircleCollectFail",
            "CircleCollect",
            "CircleSwipe3"
        ]
    },
    "CircleSwipe3": {
        "action": "Swipe",
        "begin": [
            200,
            800,
            10,
            10
        ],
        "end": [
            200,
            400,
            10,
            10
        ],
        "timeout": 5000,
        "on_error": [
            "CircleCompletedBack"
        ],
        "next": [
            "CircleCollect",
            "CircleLike",
            "CircleSwipe4"
        ]
    },
    "CircleSwipe4": {
        "action": "Swipe",
        "begin": [
            200,
            800,
            10,
            10
        ],
        "end": [
            200,
            400,
            10,
            10
        ],
        "timeout": 5000,
        "on_error": [
            "CircleCompletedBack"
        ],
        "next": [
            "CircleCollect",
            "CircleLike",
            "CircleSwipe5"
        ]
    },
    "CircleSwipe5": {
        "action": "Swipe",
        "begin": [
            200,
            800,
            10,
            10
        ],
        "end": [
            200,
            400,
            10,
            10
        ],
        "timeout": 5000,
        "on_error": [
            "CircleCompletedBack"
        ],
        "next": [
            "CircleCollect",
            "CircleLike",
            "CircleSwipe6"
        ]
    },
    "CircleSwipe6": {
        "action": "Swipe",
        "begin": [
            200,
            800,
            10,
            10
        ],
        "end": [
            200,
            400,
            10,
            10
        ],
        "timeout": 5000,
        "on_error": [
            "CircleCompletedBack"
        ],
        "next": [
            "CircleCollect",
            "CircleLike",
            "CircleSwipe7"
        ]
    },
    "CircleSwipe7": {
        "action": "Swipe",
        "begin": [
            200,
            800,
            10,
            10
        ],
        "end": [
            200,
            400,
            10,
            10
        ],
        "timeout": 5000,
        "on_error": [
            "CircleCompletedBack"
        ],
        "next": [
            "CircleCollect",
            "CircleLike",
            "CircleSwipe8"
        ]
    },
    "CircleSwipe8": {
        "action": "Swipe",
        "begin": [
            200,
            800,
            10,
            10
        ],
        "end": [
            200,
            400,
            10,
            10
        ],
        "timeout": 5000,
        "on_error": [
            "CircleCompletedBack"
        ],
        "next": [
            "CircleCollect",
            "CircleLike"
        ]
    },
    "CircleCollect0": {
        "recognition": "TemplateMatch",
        "template": [
            "circle_collect.png"
        ],
        "action": "Click",
        "next": [
            "CircleLike0",
            "CircleCollect&Like"
        ]
    },
    "CircleLike0": {
        "recognition": "TemplateMatch",
        "template": [
            "circle_like.png"
        ],
        "action": "Click",
        "next": [
            "CircleCollect&Like"
        ]
    },
    "CircleCompletedBack": {
        "action": "Key",
        "key": 4,
        "focus": true,
        "focus_succeeded": "圈子任务完成",
        "focus_succeeded_color": "Blue",
        "next": []
    }
}