{
    "CCircle": {
        "enabled": true,
        "interrupt": [
            "Back"
        ],
        "next": [
            "CInTheCircle",
            "我的圈子",
            "CClickMyCircle",
            "CDXCircle"
        ]
    },
    "CInTheCircle": {
        "recognition": "OCR",
        "expected": [
            "我的关注",
            "最热"
        ],
        "roi": [
            1,
            23,
            719,
            216
        ],
        "focus": {
            "succeeded": "已在圈子中"
        },
        "next": [
            "CCircleSwipe0"
        ]
    },
    "CDXCircle": {
        "recognition": "TemplateMatch",
        "template": [
            "wodes.png",
            "wodes_.png"
        ],
        "roi": [
            25,
            1162,
            679,
            98
        ],
        "action": "Click",
        "post_wait_freezes": 500,
        "post_delay": 1000,
        "focus": {
            "succeeded": "开始执行圈子点赞收藏任务..."
        },
        "interrupt": [
            "Back"
        ],
        "next": [
            "CClickCircle"
        ]
    },
    "CClickCircle": {
        "recognition": "OCR",
        "expected": "大象圈",
        "roi": [
            0,
            1158,
            719,
            107
        ],
        "action": "Click",
        "post_delay": 500,
        "next": [
            "我的圈子",
            "CClickSubsCircle"
        ]
    },
    "我的圈子":{
        "enabled": false,
        "recognition": "OCR",
        "expected":[
            "我的圈子"
        ],
        "roi": [18, 153, 137, 54],
        "action": "Click",
        "target": [86, 277, 1, 1],
        "post_delay": 1000,
        "focus": {
            "succeeded": "[color:blue]识别进入圈子1成功[/color]"
        },
        "next": [
            "CCircleSwipe0"
        ]
    },
    "CClickAllCircle": {
        "recognition": "OCR",
        "expected": "圈子",
        "roi": [
            0,
            0,
            720,
            129
        ],
        "action": "Click",
        "post_delay": 500,
        "interrupt": [
            "CCircleSwipe"
        ],
        "next": [
            "CClickTheCircle",
            "CCircleSwipeS"
        ]
    },
    "CClickSubsCircle": {
        "recognition": "OCR",
        "expected": "关注",
        "roi": [
            0,
            0,
            720,
            129
        ],
        "action": "Click",
        "post_delay": 500,
        "next": [
            "CClickMyCircle"
        ]
    },
    "CClickMyCircle": {
        "enabled": true,
        "recognition": "OCR",
        "expected": "我的圈子",
        "roi": [113, 185, 144, 54],
        "action": "Click",
        "post_delay": 500,
        "interrupt": [
            "CCircleSwipe"
        ],
        "next": [
            "CClickTheCircle",
            "CCircleSwipeS"
        ]
    },
    "CCircleSwipeS": {
        "recognition": "OCR",
        "expected": "没有更多数据",
        "action": "Swipe",
        "begin": [
            200,
            400,
            10,
            10
        ],
        "end": [
            200,
            1200,
            10,
            10
        ],
        "interrupt": [
            "CCircleSwipe"
        ],
        "next": [
            "CClickTheCircle"
        ]
    },
    "CClickTheCircle": {
        "recognition": "OCR",
        "expected": [
            "无线“象”往",
            "展示新时代河南",
            "中波人",
            "“象”"
        ],
        "action": "Click",
        "post_delay": 1000,
        "focus": {
            "succeeded": "[color:blue]识别进入圈子成功[/color]"
        },
        "next": [
            "CCircleSwipe0"
        ]
    },
    "CCircleSwipe0": {
        "recognition": "OCR",
        "expected": [
            "关注",
            "大象圈",
            "动态"
        ],
        "pre_delay": 200,
        "action": "Swipe",
        "begin": [
            200,
            900,
            10,
            10
        ],
        "end": [
            200,
            650,
            10,
            10
        ],
        "duration": 300,
        "post_delay": 500,
        "post_wait_freezes": 200,
        "on_error": [
            "CReIn"
        ],
        "next": [
            "CIsLoaded"
        ]
    },
    "CIsLoaded": {
        "enabled": true,
        "recognition": "OCR",
        "expected": [
            "置顶",
            "已关注",
            "分钟前",
            "大象圈",
            "官方客服",
            "小时前"
        ],
        "focus": {
            "succeeded": "圈子已加载..."
        },
        "next": [
            "CCircleShare0",
            "新版圈子识别",
            "CCircleCollect&Like"
        ]
    },
    "CCircleShare0": {
        "enabled": true,
        "focus": {
            "succeeded": "每日分享任务"
        },
        "next": [
            "CCircleShare"
        ]
    },
    "CCircleShare": {
        "enabled": true,
        "recognition": "TemplateMatch",
        "template": [
            "circle_share.png",
            "圈子分享.png"
        ],
        "roi": [455, 128, 265, 1152],
        "interrupt": [
            "CCircleSwipe"
        ],
        "action": "Click",
        "post_delay": 500,
        "next": [
            "CCircleShareToQQ"
        ]
    },
    "CCircleShareToQQ": {
        "recognition": "OCR",
        "expected": "QQ",
        "roi": [
            1,
            662,
            719,
            615
        ],
        "action": "Click",
        "post_delay": 1800,
        "timeout": 6000,
        "on_error": [
            "新版圈子识别",
            "CCircleCollect&Like"
        ],
        "next": [
            "CCircleShareDone"
        ]
    },
    "CCircleShareDone": {
        "recognition": "OCR",
        "expected": [
            "完成分享积分"
        ],
        "pre_delay": 1000,
        "post_delay": 500,
        "next": [
            "CCircleShare"
        ]
    },
    "CReIn": {
        "enabled": true,
        "action": "Key",
        "key": 4,
        "next": [
            "CClickTheCircle"
        ]
    },
    "CCircleSwipe": {
        "action": "Swipe",
        "begin": [
            200,
            800,
            10,
            10
        ],
        "end": [
            200,
            400,
            10,
            10
        ]
    },
    "CCircleCollect&Like": {
        "enabled": true,
        "recognition": "OCR",
        "expected": [
            "我的关注",
            "最热"
        ],
        "roi": [
            1,
            23,
            719,
            216
        ],
        "focus": {
            "succeeded": "点赞、收藏进行中..."
        },
        "interrupt": [
            "CCircleSwipe"
        ],
        "next": [
            "CCircleCollect"
        ]
    },
    
    "CCircleCollect": {
        "enabled": true,
        "recognition": "TemplateMatch",
        "template": [
            "circle_collect.png"
        ],
        "order_by": "Vertical",
        "action": "Click",
        "focus": {
            "succeeded": "收藏进行中..."
        },
        "interrupt": [
            "CInImagetxt",
            "CCircleSwipe"
        ],
        "next": [
            "CCircleLike",
            "CCircleCollectFail",
            "CIsCompleted"
        ]
    },
    "CCircleLike": {
        "recognition": "TemplateMatch",
        "template": [
            "circle_like.png"
        ],
        "roi": "CCircleCollect",
        "roi_offset": [
            -170,
            -5,
            350,
            10
        ],
        "action": "Click",
        "focus": {
            "succeeded": "点赞进行中..."
        },
        "interrupt": [
            "CInImagetxt",
            "CCircleSwipe"
        ],
        "next": [
            "CIsCompleted",
            "CCircleCollect"
        ]
    },
    "CCircleCollectL": {
        "recognition": "TemplateMatch",
        "template": [
            "circle_collect.png"
        ],
        "action": "Click",
        "focus": {
            "succeeded": "收藏进行中..."
        },
        "interrupt": [
            "CInImagetxt",
            "CCircleSwipe"
        ],
        "next": [
            "CCircleLikeL",
            "CCircleCollectFailL",
            "CIsCompletedL"
        ]
    },
    "CCircleLikeL": {
        "recognition": "TemplateMatch",
        "template": [
            "circle_like.png"
        ],
        "roi": "CCircleCollectL",
        "roi_offset": [
            -170,
            -5,
            350,
            10
        ],
        "action": "Click",
        "focus": {
            "succeeded": "点赞进行中..."
        },
        "interrupt": [
            "CInImagetxt",
            "CCircleSwipe"
        ],
        "next": [
            "CIsCompletedL",
            "CCircleCollectL"
        ]
    },
    "CCircleCollectFail": {
        "recognition": "OCR",
        "expected": [
            "操作失败"
        ],
        "action": "Swipe",
        "begin": [
            200,
            800,
            10,
            10
        ],
        "end": [
            200,
            500,
            10,
            10
        ],
        "pre_delay": 1500,
        "focus": {
            "succeeded": "操作失败，跳过..."
        },
        "post_delay": 2000,
        "next": [
            "CCircleCollect",
            "CIsCompleted"
        ]
    },
    "CCircleCollectFailL": {
        "recognition": "OCR",
        "expected": [
            "操作失败"
        ],
        "action": "Swipe",
        "begin": [
            200,
            800,
            10,
            10
        ],
        "end": [
            200,
            500,
            10,
            10
        ],
        "pre_delay": 1500,
        "focus": {
            "succeeded": "操作失败，跳过..."
        },
        "post_delay": 2000,
        "next": [
            "CCircleCollectL",
            "CIsCompletedL"
        ]
    },
    "CInImagetxt": {
        "enabled": true,
        "recognition": "OCR",
        "expected": [
            "期待你",
            "的评论"
        ],
        "roi": [
            40,
            1200,
            350,
            45
        ],
        "action": "Key",
        "key": 4,
        "focus": {
            "succeeded": "进入作品退出..."
        },
        "next": [
            "Stop"
        ]
    },
    "CInVideo": {
        "enabled": false,
        "recognition": "TemplateMatch",
        "template": [
            "video_collect0g.png",
            "video_collect1g.png",
            "video_like0g.png",
            "video_like1g.png",
            "video_comment.png",
            "video_share0.png",
            "videotag.png"
        ],
        "green_mask": true,
        "threshold": 0.7,
        "action": "Key",
        "key": 4,
        "focus": {
            "succeeded": "进入视频退出..."
        },
        "next": [
            "Stop"
        ]
    },
    
    "CIsCompleted": {
        "enabled": true,
        "focus": {
            "succeeded": "任务完成检测..."
        },
        "interrupt": [
            "CCircleErrorCheck01",
            "CInImagetxt",
            "CCircleSwipe"
        ],
        "next": [
            "CTheDayBefore",
            "CCircleCollectFail",
            "CCircleCollect",
            "CCircleSwipe1"
        ]
    },
    "CIsCompletedL": {
        "enabled": true,
        "focus": {
            "succeeded": "任务完成检测..."
        },
        "interrupt": [
            "CCircleErrorCheck01",
            "CInImagetxt",
            "CCircleSwipe"
        ],
        "next": [
            "CTheDayBeforeL",
            "CCircleCollectFailL",
            "CCircleCollectL",
            "CCircleSwipe1",
            "CCircleSwipe1L"
        ]
    },
    "CCircleErrorCheck01": {
        "enabled": true,
        "recognition": "TemplateMatch",
        "template": [
            "circle_share2.png"
        ],
        "roi": [
            566,
            1132,
            44,
            32
        ],
        "action": "Swipe",
        "begin": [
            200,
            800,
            10,
            10
        ],
        "end": [
            200,
            400,
            10,
            10
        ],
        "next": [
            "CCircleErrorCheck02",
            "Stop"
        ]
    },
    "CCircleErrorCheck02": {
        "recognition": "TemplateMatch",
        "template": [
            "circle_share2.png"
        ],
        "roi": [
            566,
            1132,
            44,
            32
        ],
        "action": "Swipe",
        "begin": [
            200,
            800,
            10,
            10
        ],
        "end": [
            200,
            400,
            10,
            10
        ],
        "next": [
            "CCircleErrorCheck03",
            "Stop"
        ]
    },
    "CCircleErrorCheck03": {
        "recognition": "TemplateMatch",
        "template": [
            "circle_share2.png"
        ],
        "roi": [
            566,
            1132,
            44,
            32
        ],
        "action": "Click",
        "target": [
            348,
            1244,
            1,
            1
        ],
        "post_delay": 2000,
        "next": [
            "CCheckInImage",
            "Stop"
        ]
    },
    "CCheckInImage": {
        "enabled": true,
        "recognition": "OCR",
        "expected": [
            "期待你",
            "的评论"
        ],
        "roi": [
            40,
            1200,
            350,
            45
        ],
        "action": "Key",
        "key": 4,
        "next": [
            "Stop"
        ]
    },
    "CCheckInVideo": {
        "enabled": true,
        "recognition": "TemplateMatch",
        "template": [
            "video_collect0g.png",
            "video_collect1g.png",
            "video_like0g.png",
            "video_like1g.png",
            "video_comment.png",
            "video_share0.png",
            "videotag.png"
        ],
        "green_mask": true,
        "threshold": 0.7,
        "action": "Key",
        "key": 4,
        "next": [
            "Stop"
        ]
    },
    "CTheDayBefore": {
        "enabled": false,
        "interrupt": [
            "CCircleSwipe"
        ],
        "next": [
            "CTheDayBefore2",
            "新版圈子识别",
            "CCircleCollect"
        ]
    },
    "CTheDayBeforeL": {
        "enabled": false,
        "interrupt": [
            "CCircleSwipe"
        ],
        "next": [
            "CTheDayBefore2",
            "新版圈子识别",
            "CCircleCollectL"
        ]
    },
    "CTheDayBefore2": {
        "enabled": true,
        "recognition": "OCR",
        "expected": [
            "1天前"
        ],
        "roi": [
            0,
            106,
            270,
            1174
        ],
        "interrupt": [
            "CInImagetxt"
        ],
        "focus": {
            "succeeded": "检测到1天前"
        },
        "next": [
            "CCircleCompletedBack"
        ]
    },
    "CCircleSwipe1": {
        "recognition": "TemplateMatch",
        "template": "circle_collect1.png",
        "action": "Swipe",
        "begin": [
            200,
            800,
            10,
            10
        ],
        "end": [
            200,
            400,
            10,
            10
        ],
        "timeout": 5000,
        "on_error": [
            "CCircleCompletedBack"
        ],
        "next": [
            "CCircleCollect",
            "CCircleLike",
            "CCircleSwipe2"
        ]
    },
    "CCircleSwipe2": {
        "action": "Swipe",
        "begin": [
            200,
            800,
            10,
            10
        ],
        "end": [
            200,
            400,
            10,
            10
        ],
        "timeout": 5000,
        "on_error": [
            "CCircleCompletedBack"
        ],
        "next": [
            "CCircleCollect",
            "CCircleLike",
            "CCircleSwipe3"
        ]
    },
    "CCircleSwipe3": {
        "action": "Swipe",
        "begin": [
            200,
            800,
            10,
            10
        ],
        "end": [
            200,
            400,
            10,
            10
        ],
        "timeout": 5000,
        "on_error": [
            "CCircleCompletedBack"
        ],
        "next": [
            "CCircleCollect",
            "CCircleLike",
            "CCircleSwipe4"
        ]
    },
    "CCircleSwipe4": {
        "action": "Swipe",
        "begin": [
            200,
            800,
            10,
            10
        ],
        "end": [
            200,
            400,
            10,
            10
        ],
        "timeout": 5000,
        "on_error": [
            "CCircleCompletedBack"
        ],
        "next": [
            "CCircleCollect",
            "CCircleLike",
            "CCircleSwipe5"
        ]
    },
    "CCircleSwipe5": {
        "action": "Swipe",
        "begin": [
            200,
            800,
            10,
            10
        ],
        "end": [
            200,
            400,
            10,
            10
        ],
        "timeout": 5000,
        "on_error": [
            "CCircleCompletedBack"
        ],
        "next": [
            "CCircleCollect",
            "CCircleLike",
            "CCircleSwipe6"
        ]
    },
    "CCircleSwipe6": {
        "action": "Swipe",
        "begin": [
            200,
            800,
            10,
            10
        ],
        "end": [
            200,
            400,
            10,
            10
        ],
        "timeout": 5000,
        "on_error": [
            "CCircleCompletedBack"
        ],
        "next": [
            "CCircleCollect",
            "CCircleLike",
            "CCircleSwipe7"
        ]
    },
    "CCircleSwipe7": {
        "action": "Swipe",
        "begin": [
            200,
            800,
            10,
            10
        ],
        "end": [
            200,
            400,
            10,
            10
        ],
        "timeout": 5000,
        "on_error": [
            "CCircleCompletedBack"
        ],
        "next": [
            "CCircleCollect",
            "CCircleLike",
            "CCircleSwipe8"
        ]
    },
    "CCircleSwipe8": {
        "action": "Swipe",
        "begin": [
            200,
            800,
            10,
            10
        ],
        "end": [
            200,
            400,
            10,
            10
        ],
        "timeout": 5000,
        "on_error": [
            "CCircleCompletedBack"
        ],
        "next": [
            "CCircleCollect",
            "CCircleLike"
        ]
    },
    "新版圈子识别":{
        "enabled": false,
        "recognition": "OCR",
        "expected":[
            "动态"
        ],
        "roi": [17, 155, 119, 61],
        "interrupt": [
            "CCircleSwipe"
        ],
        "next":[
            "圈子点赞"
        ]
    },
    "圈子点赞":{
        "recognition": "TemplateMatch",
        "template": [
            "圈子点赞.png"
        ],
        "order_by": "Vertical",
        "action": "Click",
        "interrupt": [
            "CInImagetxt",
            "圈子菜单遮挡滑动",
            "CCircleSwipe"
        ],
        "next": [
            "圈子收藏菜单"
        ]
    },
    "圈子菜单遮挡滑动": {
        "action": "Swipe",
        "begin": [
            200,
            450,
            10,
            10
        ],
        "end": [
            200,
            400,
            10,
            10
        ],
        "duration": 500
    },
    "圈子收藏菜单":{
        "recognition": "TemplateMatch",
        "template": [
            "圈子收藏菜单.png"
        ],
        "roi": "圈子点赞",
        "roi_offset": [
            515,
            -100,
            40,
            100
        ],
        "order_by": "Vertical",
        "action": "Click",
        "next":[
            "圈子收藏",
            "圈子已收藏"
        ]
    },
    "圈子收藏":{
        "recognition": "OCR",
        "expected":[
            "加入收藏",
            "加人收藏"
        ],
        "roi": [1, 971, 719, 179],
        "action": "Click",
        "interrupt": [
            "CInImagetxt",
            "CCircleSwipe"
        ],
        "next":[
            "圈子完成判断",
            "圈子点赞"
        ]
    },
    "圈子已收藏":{
        "recognition": "OCR",
        "expected":[
            "取消收藏"
        ],
        "roi": [1, 971, 719, 179],
        "action": "Click",
        "target": [504, 169, 1, 1],
        "interrupt": [
            "CInImagetxt",
            "CCircleSwipe"
        ],
        "next":[
            "圈子完成判断",
            "圈子点赞"
        ]
    },
    "圈子完成判断": {
        "enabled": true,
        "focus": {
            "succeeded": "任务完成检测..."
        },
        "interrupt": [
            "CInImagetxt",
            "CCircleSwipe"
        ],
        "next": [
            "CTheDayBefore",
            "圈子点赞",
            "CCircleSwipe1L"
        ]
    },
    "CCircleSwipe1L": {
        "recognition": "TemplateMatch",
        "template": "圈子点赞1.png",
        "action": "Swipe",
        "begin": [
            200,
            800,
            10,
            10
        ],
        "end": [
            200,
            400,
            10,
            10
        ],
        "timeout": 5000,
        "on_error": [
            "CCircleCompletedBack"
        ],
        "next": [
            "圈子点赞",
            "CCircleSwipe2L"
        ]
    },
    "CCircleSwipe2L": {
        "action": "Swipe",
        "begin": [
            200,
            800,
            10,
            10
        ],
        "end": [
            200,
            400,
            10,
            10
        ],
        "timeout": 5000,
        "on_error": [
            "CCircleCompletedBack"
        ],
        "next": [
            "圈子点赞",
            "CCircleSwipe3L"
        ]
    },
    "CCircleSwipe3L": {
        "action": "Swipe",
        "begin": [
            200,
            800,
            10,
            10
        ],
        "end": [
            200,
            400,
            10,
            10
        ],
        "timeout": 5000,
        "on_error": [
            "CCircleCompletedBack"
        ],
        "next": [
            "圈子点赞",
            "CCircleSwipe4L"
        ]
    },
    "CCircleSwipe4L": {
        "action": "Swipe",
        "begin": [
            200,
            800,
            10,
            10
        ],
        "end": [
            200,
            400,
            10,
            10
        ],
        "timeout": 5000,
        "on_error": [
            "CCircleCompletedBack"
        ],
        "next": [
            "圈子点赞",
            "CCircleSwipe5L"
        ]
    },
    "CCircleSwipe5L": {
        "action": "Swipe",
        "begin": [
            200,
            800,
            10,
            10
        ],
        "end": [
            200,
            400,
            10,
            10
        ],
        "timeout": 5000,
        "on_error": [
            "CCircleCompletedBack"
        ],
        "next": [
            "圈子点赞",
            "CCircleSwipe6L"
        ]
    },
    "CCircleSwipe6L": {
        "action": "Swipe",
        "begin": [
            200,
            800,
            10,
            10
        ],
        "end": [
            200,
            400,
            10,
            10
        ],
        "timeout": 5000,
        "on_error": [
            "CCircleCompletedBack"
        ],
        "next": [
            "圈子点赞",
            "CCircleSwipe7L"
        ]
    },
    "CCircleSwipe7L": {
        "action": "Swipe",
        "begin": [
            200,
            800,
            10,
            10
        ],
        "end": [
            200,
            400,
            10,
            10
        ],
        "timeout": 5000,
        "on_error": [
            "CCircleCompletedBack"
        ],
        "next": [
            "圈子点赞",
            "CCircleSwipe7L01"
        ]
    },
    "CCircleSwipe7L01": {
        "action": "Swipe",
        "begin": [
            200,
            800,
            10,
            10
        ],
        "end": [
            200,
            400,
            10,
            10
        ],
        "timeout": 5000,
        "on_error": [
            "CCircleCompletedBack"
        ],
        "next": [
            "圈子点赞",
            "CCircleSwipe7L02"
        ]
    },
    "CCircleSwipe7L02": {
        "action": "Swipe",
        "begin": [
            200,
            800,
            10,
            10
        ],
        "end": [
            200,
            400,
            10,
            10
        ],
        "timeout": 5000,
        "on_error": [
            "CCircleCompletedBack"
        ],
        "next": [
            "圈子点赞",
            "CCircleSwipe7L03"
        ]
    },
    "CCircleSwipe7L03": {
        "action": "Swipe",
        "begin": [
            200,
            800,
            10,
            10
        ],
        "end": [
            200,
            400,
            10,
            10
        ],
        "timeout": 5000,
        "on_error": [
            "CCircleCompletedBack"
        ],
        "next": [
            "圈子点赞",
            "CCircleSwipe7L04"
        ]
    },
    "CCircleSwipe7L04": {
        "action": "Swipe",
        "begin": [
            200,
            800,
            10,
            10
        ],
        "end": [
            200,
            400,
            10,
            10
        ],
        "timeout": 5000,
        "on_error": [
            "CCircleCompletedBack"
        ],
        "next": [
            "圈子点赞",
            "CCircleSwipe7L05"
        ]
    },
    "CCircleSwipe7L05": {
        "action": "Swipe",
        "begin": [
            200,
            800,
            10,
            10
        ],
        "end": [
            200,
            400,
            10,
            10
        ],
        "timeout": 5000,
        "on_error": [
            "CCircleCompletedBack"
        ],
        "next": [
            "圈子点赞",
            "CCircleSwipe7L06"
        ]
    },
    "CCircleSwipe7L06": {
        "action": "Swipe",
        "begin": [
            200,
            800,
            10,
            10
        ],
        "end": [
            200,
            400,
            10,
            10
        ],
        "timeout": 5000,
        "on_error": [
            "CCircleCompletedBack"
        ],
        "next": [
            "圈子点赞",
            "CCircleSwipe7L07"
        ]
    },
    "CCircleSwipe7L07": {
        "action": "Swipe",
        "begin": [
            200,
            800,
            10,
            10
        ],
        "end": [
            200,
            400,
            10,
            10
        ],
        "timeout": 5000,
        "on_error": [
            "CCircleCompletedBack"
        ],
        "next": [
            "圈子点赞",
            "CCircleSwipe7L08"
        ]
    },
    "CCircleSwipe7L08": {
        "action": "Swipe",
        "begin": [
            200,
            800,
            10,
            10
        ],
        "end": [
            200,
            400,
            10,
            10
        ],
        "timeout": 5000,
        "on_error": [
            "CCircleCompletedBack"
        ],
        "next": [
            "圈子点赞",
            "CCircleSwipe7L09"
        ]
    },
    "CCircleSwipe7L09": {
        "action": "Swipe",
        "begin": [
            200,
            800,
            10,
            10
        ],
        "end": [
            200,
            400,
            10,
            10
        ],
        "timeout": 5000,
        "on_error": [
            "CCircleCompletedBack"
        ],
        "next": [
            "圈子点赞",
            "CCircleSwipe8L"
        ]
    },
    "CCircleSwipe8L": {
        "action": "Swipe",
        "begin": [
            200,
            800,
            10,
            10
        ],
        "end": [
            200,
            400,
            10,
            10
        ],
        "timeout": 5000,
        "on_error": [
            "CCircleCompletedBack"
        ],
        "next": [
            "圈子点赞"
        ]
    },
    "CCircleCompletedBack": {
        "enabled": true,
        "focus": {
            "succeeded": "[color:blue]圈子任务完成[/color]",
            "toast": "圈子任务完成"
        },
        "next": [
            "CCircleCompletedBack00"
        ]
    },
    "CCircleCompletedBack00": {
        "enabled": true,
        "action": "Key",
        "key": 4,
        "next": []
    }
}