{
    "Circle": {
        "enabled": true,
        "interrupt": [
            "Back"
        ],
        "next": [
            "ClickMyCircle",
            "DXCircle"
        ]
    },
    "DXCircle": {
        "recognition": "TemplateMatch",
        "template": [
            "wodes.png",
            "wodes_.png"
        ],
        "roi": [
            25,
            1162,
            679,
            98
        ],
        "action": "Click",
        "post_wait_freezes": 500,
        "post_delay": 1000,
        "focus": true,
        "focus_succeeded": "开始执行圈子点赞收藏任务...",
        "interrupt": [
            "Back"
        ],
        "next": [
            "ClickCircle"
        ]
    },
    "ClickCircle": {
        "recognition": "OCR",
        "expected": "大象圈",
        "roi": [
            0,
            1158,
            719,
            107
        ],
        "action": "Click",
        "post_delay": 500,
        "next": [
            "ClickSubsCircle"
        ]
    },
    "ClickSubsCircle": {
        "recognition": "OCR",
        "expected": "关注",
        "roi": [
            0,
            0,
            720,
            129
        ],
        "action": "Click",
        "post_delay": 500,
        "next": [
            "ClickMyCircle"
        ]
    },
    "ClickMyCircle": {
        "recognition": "OCR",
        "expected": "我的圈子",
        "roi": [
            1,
            146,
            719,
            108
        ],
        "action": "Click",
        "post_delay": 500,
        "interrupt": [
            "CircleSwipe"
        ],
        "next": [
            "ClickTheCircle",
            "CircleSwipeS"
        ]
    },
    "CircleSwipe": {
        "action": "Swipe",
        "begin": [
            200,
            800,
            10,
            10
        ],
        "end": [
            200,
            400,
            10,
            10
        ]
    },
    "CircleSwipeS": {
        "recognition": "OCR",
        "expected": "没有更多数据",
        "action": "Swipe",
        "begin": [
            200,
            400,
            10,
            10
        ],
        "end": [
            200,
            1200,
            10,
            10
        ],
        "interrupt": [
            "CircleSwipe"
        ],
        "next": [
            "ClickTheCircle"
        ]
    },
    "ClickTheCircle": {
        "recognition": "OCR",
        "expected": [
            "无线“象”往",
            "展示新时代河南",
            "中波人",
            "“象”"
        ],
        "action": "Click",
        "post_delay": 1000,
        "focus": true,
        "focus_succeeded": "识别进入圈子成功",
        "next": [
            "CircleSwipe0"
        ]
    },
    "IsTheCircle": {
        "recognition": "OCR",
        "expected": [
            "无线“象”往",
            "无线",
            "“象"
        ],
        "roi": [
            0,
            35,
            720,
            205
        ]
    },
    "CircleSwipe0": {
        "recognition": "OCR",
        "expected": [
            "关注",
            "大象圈"
        ],
        "pre_delay": 200,
        "action": "Swipe",
        "begin": [
            200,
            900,
            10,
            10
        ],
        "end": [
            200,
            650,
            10,
            10
        ],
        "duration": 300,
        "post_delay": 500,
        "post_wait_freezes": 200,
        "focus": true,
        "focus_succeeded": "开启圈子点赞收藏...",
        "next": [
            "IsTop0",
            "CircleCollect&Like"
        ]
    },
    "IsTop0": {
        "enabled": false,
        "interrupt": [
            "CircleSwipe"
        ],
        "next": [
            "IsTop"
        ]
    },
    "IsTop": {
        "recognition": "OCR",
        "expected": [
            "置顶"
        ],
        "roi": [
            0,
            220,
            124,
            1060
        ],
        "inverse": true,
        "next": [
            "CircleCollect&Like"
        ]
    },
    "CircleCollect&Like": {
        "focus": true,
        "focus_succeeded": "点赞、收藏进行中...",
        "interrupt": [
            "CircleSwipe"
        ],
        "next": [
            "IsCompleted",
            "CircleCollectFail",
            "CircleCollect"
        ]
    },
    "CircleCollect": {
        "recognition": "TemplateMatch",
        "template": [
            "circle_collect.png"
        ],
        "action": "Click",
        "focus": true,
        "focus_succeeded": "收藏进行中...",
        "interrupt": [
            "CircleSwipe"
        ],
        "next": [
            "CircleLike",
            "IsCompleted"
        ]
    },
    "CircleCollectFail": {
        "recognition": "OCR",
        "expected": [
            "操作失败"
        ],
        "action": "Swipe",
        "begin": [
            200,
            800,
            10,
            10
        ],
        "end": [
            200,
            400,
            10,
            10
        ],
        "next": [
            "CircleCollect"
        ]
    },
    "CircleLike": {
        "recognition": "TemplateMatch",
        "template": [
            "circle_like.png"
        ],
        "action": "Click",
        "focus": true,
        "focus_succeeded": "点赞进行中...",
        "interrupt": [
            "CircleSwipe"
        ],
        "next": [
            "CircleSwipe2"
        ]
    },
    "CircleSwipe2": {
        "action": "Swipe",
        "begin": [
            200,
            800,
            10,
            10
        ],
        "end": [
            200,
            400,
            10,
            10
        ],
        "next": [
            "IsCompleted",
            "CircleCollect&Like"
        ]
    },
    "InImagetxt": {
        "enabled": true,
        "recognition": "OCR",
        "expected": [
            "期待你",
            "的评论"
        ],
        "roi": [
            50,
            1215,
            300,
            30
        ],
        "action": "Key",
        "key": 4,
        "next": [
            "CircleCollect&Like"
        ]
    },
    "InVideo": {
        "enabled": true,
        "recognition": "TemplateMatch",
        "template": [
            "videotag.png",
            "video_collect0g.png",
            "video_collect1g.png",
            "video_like0g.png",
            "video_like1g.png",
            "video_share0.png"
        ],
        "green_mask": true,
        "action": "Key",
        "key": 4,
        "next": [
            "CircleCollect&Like"
        ]
    },
    "IsCompleted": {
        "enabled": true,
        "focus": true,
        "focus_succeeded": "任务完成检测...",
        "interrupt": [
            "CircleSwipe"
        ],
        "next": [
            "InImagetxt",
            "InVideo",
            "CircleCollect1",
            "CircleCollectFail",
            "CircleCollect"
        ]
    },
    "CircleCollect1": {
        "recognition": "TemplateMatch",
        "template": [
            "circle_collect1.png"
        ],
        "focus": true,
        "focus_succeeded": "检测到收藏",
        "interrupt": [
            "CircleSwipe"
        ],
        "next": [
            "CircleLike1",
            "InImagetxt",
            "InVideo",
            "CircleCollect"
        ]
    },
    "CircleLike1": {
        "recognition": "TemplateMatch",
        "template": [
            "circle_like1.png"
        ],
        "focus": true,
        "focus_succeeded": "检测到点赞",
        "next": [
            "CircleSwipe3"
        ]
    },
    "CircleSwipe3": {
        "action": "Swipe",
        "begin": [
            200,
            800,
            10,
            10
        ],
        "end": [
            200,
            400,
            10,
            10
        ],
        "timeout": 5000,
        "on_error": [
            "CircleCompletedBack"
        ],
        "next": [
            "CircleCollect",
            "CircleLike",
            "CircleSwipe4"
        ]
    },
    "CircleSwipe4": {
        "action": "Swipe",
        "begin": [
            200,
            800,
            10,
            10
        ],
        "end": [
            200,
            400,
            10,
            10
        ],
        "timeout": 5000,
        "on_error": [
            "CircleCompletedBack"
        ],
        "next": [
            "CircleCollect",
            "CircleLike",
            "CircleSwipe5"
        ]
    },
    "CircleSwipe5": {
        "action": "Swipe",
        "begin": [
            200,
            800,
            10,
            10
        ],
        "end": [
            200,
            400,
            10,
            10
        ],
        "timeout": 5000,
        "on_error": [
            "CircleCompletedBack"
        ],
        "next": [
            "CircleCollect",
            "CircleLike",
            "CircleSwipe6"
        ]
    },
    "CircleSwipe6": {
        "action": "Swipe",
        "begin": [
            200,
            800,
            10,
            10
        ],
        "end": [
            200,
            400,
            10,
            10
        ],
        "timeout": 5000,
        "on_error": [
            "CircleCompletedBack"
        ],
        "next": [
            "CircleCollect",
            "CircleLike",
            "CircleSwipe7"
        ]
    },
    "CircleSwipe7": {
        "action": "Swipe",
        "begin": [
            200,
            800,
            10,
            10
        ],
        "end": [
            200,
            400,
            10,
            10
        ],
        "timeout": 5000,
        "on_error": [
            "CircleCompletedBack"
        ],
        "next": [
            "CircleCollect",
            "CircleLike",
            "CircleSwipe8"
        ]
    },
    "CircleSwipe8": {
        "action": "Swipe",
        "begin": [
            200,
            800,
            10,
            10
        ],
        "end": [
            200,
            400,
            10,
            10
        ],
        "timeout": 5000,
        "on_error": [
            "CircleCompletedBack"
        ],
        "next": [
            "CircleCollect",
            "CircleLike"
        ]
    },
    "CircleCollect0": {
        "recognition": "TemplateMatch",
        "template": [
            "circle_collect.png"
        ],
        "action": "Click",
        "next": [
            "CircleLike0",
            "CircleCollect&Like"
        ]
    },
    "CircleLike0": {
        "recognition": "TemplateMatch",
        "template": [
            "circle_like.png"
        ],
        "action": "Click",
        "next": [
            "CircleCollect&Like"
        ]
    },
    "CircleCompletedBack": {
        "action": "Key",
        "key": 4,
        "focus": true,
        "focus_succeeded": "圈子任务完成",
        "next": []
    }
}