{
    "CircleList": {
        "enabled": true,
        "recognition": "OCR",
        "expected": [
            "天天开心",
            "莫离",
            "蓝莲花",
            "空白",
            "NameList启动"
        ],
        "pre_delay": 500,
        "focus": true,
        "focus_succeeded": "识别到成员，评论中...",
        "next": [
            "ClickName"
        ]
    },
    "ClickName": {
        "action": "Click",
        "target": "NameList",
        "target_offset": [
            100,
            40,
            0,
            0
        ],
        "post_delay": 2000,
        "next": [
            "LVideoLiked",
            "LImageLiked",
            "ListVideoCollect",
            "ListImageCollect",
            "ListVideoLike",
            "ListImageLike",
            "CCommentVideo",
            "CCommentImage"
        ]
    },
    "LImageLiked": {
        "enabled": true,
        "recognition": "TemplateMatch",
        "template": [
            "like1.png",
            "收藏1.png"
        ],
        "roi": [
            1,
            1184,
            719,
            96
        ],
        "action": "Key",
        "key": 4,
        "focus": true,
        "focus_succeeded": "已点赞，返回",
        "next": [
            "CCommentBack02"
        ]
    },
    "LVideoLiked": {
        "enabled": true,
        "recognition": "TemplateMatch",
        "template": [
            "video_like1g.png",
            "video_collect1g.png"
        ],
        "roi": [
            620,
            457,
            83,
            640
        ],
        "green_mask": true,
        "threshold": 0.55,
        "action": "Key",
        "key": 4,
        "focus": true,
        "focus_succeeded": "已点赞，返回",
        "next": [
            "CCommentBack02"
        ]
    },
    "ListImageCollect": {
        "recognition": "TemplateMatch",
        "template": "收藏.png",
        "roi": [
            1,
            1184,
            719,
            96
        ],
        "action": "Click",
        "pre_delay": 500,
        "next": [
            "ListImageLike",
            "CCommentImage",
            "CCommentVideo"
        ]
    },
    "ListImageLike": {
        "recognition": "TemplateMatch",
        "template": [
            "like0.png",
            "点赞.png"
        ],
        "roi": [
            1,
            1184,
            719,
            96
        ],
        "action": "Click",
        "pre_delay": 500,
        "next": [
            "CCommentImage",
            "CCommentVideo"
        ]
    },
    "ListVideoCollect": {
        "recognition": "TemplateMatch",
        "template": "video_collect0g.png",
        "roi": [
            620,
            457,
            83,
            640
        ],
        "green_mask": true,
        "threshold": 0.5,
        "pre_delay": 500,
        "action": "Click",
        "next": [
            "ListVideoLike",
            "CCommentImage",
            "CCommentVideo"
        ]
    },
    "ListVideoLike": {
        "recognition": "TemplateMatch",
        "template": "video_like0g.png",
        "roi": [
            620,
            457,
            83,
            640
        ],
        "green_mask": true,
        "threshold": 0.5,
        "pre_delay": 500,
        "action": "Click",
        "next": [
            "CCommentImage",
            "CCommentVideo"
        ]
    }
}