{
    "CCheckLike": {
        "recognition": "TemplateMatch",
        "template": [
            "circle_like1.png"
        ],
        "next": [
            "CClickComment"
        ]
    },
    "CClickComment": {
        "recognition": "TemplateMatch",
        "template": "circle_comment.png",
        "roi": "CircleLike",
        "roi_offset": [
            0,
            0,
            342,
            3
        ],
        "action": "Click",
        "pre_delay": 500,
        "post_delay": 2000,
        "focus": true,
        "focus_succeeded": "进入作品",
        "timeout": 60000,
        "next": [
            "CCommentImage",
            "CCommentVideo",
            "ClickCommentVideo",
            "CantFindComment"
        ]
    },
    "CClickCommentLite": {
        "recognition": "TemplateMatch",
        "template": "circle_comment.png",
        "roi": "CCircleLike",
        "roi_offset": [
            0,
            0,
            342,
            3
        ],
        "action": "Click",
        "pre_delay": 500,
        "post_delay": 2000,
        "focus": true,
        "focus_succeeded": "进入作品",
        "timeout": 30000,
        "on_error": [
            "ClickCommentVideo",
            "CantFindComment"
        ],
        "next": [
            "CCommentImage",
            "CCommentVideo"
        ]
    },
    "CheckName": {
        "enabled": false,
        "recognition": "OCR",
        "expected": [
            "天天开心",
            "莫离",
            "蓝莲花",
            "空白",
            "NameList启动"
        ],
        "focus": true,
        "focus_succeeded": "识别到成员，评论中...",
        "next": [
            "CCommentImage",
            "CCommentVideo",
            "ClickCommentVideo",
            "CantFindComment"
        ]
    },
    "CCommentImage": {
        "recognition": "OCR",
        "expected": [
            "期待你",
            "的评论"
        ],
        "roi": [
            40,
            1200,
            320,
            50
        ],
        "action": "Click",
        "target": [
            50,
            1215,
            300,
            30
        ],
        "post_delay": 1500,
        "interrupt": [
            "InputmethodCheck",
            "InputmethodCheck0"
        ],
        "next": [
            "CCommentVideoD",
            "CInputCommentImage",
            "CCommentXF01VH",
            "CommentCommon01",
            "CommentCommon00"
        ]
    },
    "CCommentXF01VH": {
        "enabled": true,
        "recognition": "TemplateMatch",
        "template": "XF_comment.png",
        "roi": [
            1,
            698,
            719,
            132
        ],
        "action": "Click",
        "focus": true,
        "focus_succeeded": "检测到语录功能，使用XF语录",
        "next": [
            "CCCommentXF02VHX1"
        ]
    },
    "CCCommentXF02VHX1": {
        "enabled": true,
        "recognition": "OCR",
        "expected": [
            "Dxxw1",
            "dxxw1",
            "Dxxw2",
            "dxxw2",
            "Dxxw3",
            "dxxw3"
        ],
        "roi": [
            5,
            862,
            715,
            412
        ],
        "action": "Click",
        "pre_delay": 500,
        "post_delay": 500,
        "next": [
            "CCCommentXF02VHX2",
            "CSendCommentImage"
        ]
    },
    "CCCommentXF02VHX2": {
        "enabled": true,
        "recognition": "OCR",
        "expected": [
            "Dxxw2",
            "dxxw2",
            "Dxxw3",
            "dxxw3",
            "Dxxw1",
            "dxxw1"
        ],
        "roi": [
            5,
            862,
            715,
            412
        ],
        "action": "Click",
        "pre_delay": 500,
        "post_delay": 500,
        "next": [
            "CCCommentXF02VHX3",
            "CSendCommentImage"
        ]
    },
    "CCCommentXF02VHX3": {
        "enabled": true,
        "recognition": "OCR",
        "expected": [
            "Dxxw3",
            "dxxw3",
            "Dxxw1",
            "dxxw1",
            "Dxxw2",
            "dxxw2"
        ],
        "roi": [
            5,
            862,
            715,
            412
        ],
        "action": "Click",
        "pre_delay": 500,
        "post_delay": 500,
        "next": [
            "CSendCommentImage"
        ]
    },
    "CInputCommentImage": {
        "recognition": "TemplateMatch",
        "template": "大象新语.png",
        "pre_delay": 300,
        "action": "Click",
        "next": [
            "CClickXinyuComment"
        ]
    },
    "CClickXinyuComment": {
        "recognition": "TemplateMatch",
        "template": "大象新语.png",
        "action": "Click",
        "target": [
            42,
            473,
            1,
            1
        ],
        "next": [
            "CSendCommentImage",
            "CCommentXF01VH"
        ]
    },
    "CInputCommentImage02": {
        "recognition": "TemplateMatch",
        "template": "大象新语.png",
        "pre_delay": 300,
        "action": "Click",
        "next": [
            "CSendCommentImage"
        ]
    },
    "CSendCommentImage": {
        "recognition": "TemplateMatch",
        "template": [
            "发表0.png",
            "发表.png"
        ],
        "action": "Click",
        "focus": true,
        "focus_succeeded": "发表评论..",
        "timeout": 60000,
        "interrupt": [
            "CReComment"
        ],
        "next": [
            "CCommentBack02T"
        ]
    },
    "CReComment": {
        "recognition": "OCR",
        "expected": [
            "不能发表",
            "复制粘贴",
            "其他用户一样"
        ],
        "pre_delay": 5000,
        "next": [
            "CReCommentImage"
        ]
    },
    "OcrChinese": {
        "recognition": "OCR",
        "expected": [
            "[\u4e00-\u9fa5]"
        ],
        "next": []
    },
    "CReCommentImage": {
        "action": "Click",
        "target": [
            50,
            1215,
            300,
            30
        ],
        "post_delay": 1000,
        "next": [
            "CCommentXF01VH",
            "CInputCommentImage",
            "CommentCommon01",
            "CommentCommon00"
        ]
    },
    "CCommentVideoD": {
        "recognition": "OCR",
        "expected": [
            "全部评论"
        ],
        "roi": [
            201,
            406,
            302,
            92
        ],
        "pre_delay": 400,
        "post_delay": 400,
        "on_error": [
            "TimeCircleBack"
        ],
        "next": [
            "CCheckComment001",
            "CCheckComment002",
            "CCommentVideoIn02"
        ]
    },
    "CCommentVideo": {
        "recognition": "TemplateMatch",
        "template": "video_comment.png",
        "roi": [
            597,
            494,
            84,
            517
        ],
        "threshold": 0.6,
        "action": "Click",
        "green_mask": true,
        "pre_delay": 2000,
        "post_delay": 500,
        "on_error": [
            "TimeCircleBack"
        ],
        "next": [
            "CCheckComment001",
            "CCheckComment002",
            "CCommentVideoIn02"
        ]
    },
    "CCommentVideoBack": {
        "recognition": "TemplateMatch",
        "template": "video_comment.png",
        "roi": [
            597,
            494,
            84,
            517
        ],
        "threshold": 0.6,
        "green_mask": true,
        "action": "Key",
        "key": 4,
        "post_delay": 500,
        "next": [
            "Stop"
        ]
    },
    "CCheckComment001": {
        "enabled": true,
        "recognition": "OCR",
        "expected": [
            "作者赞过"
        ],
        "post_delay": 1000,
        "focus": true,
        "focus_succeeded": "检测到评论，复制评论",
        "next": [
            "CCopyComment001d",
            "CCopyComment001"
        ]
    },
    "CCopyComment001d": {
        "recognition": "OCR",
        "expected": [
            "[\u4e00-\u9fa5]"
        ],
        "roi": "CCheckComment001",
        "roi_offset": [
            -26,
            -68,
            60,
            30
        ],
        "action": "Swipe",
        "duration": 2000,
        "next": [
            "CClickCopy",
            "CCommentVideoIn02"
        ]
    },
    "CCopyComment001": {
        "action": "Swipe",
        "begin": "CCheckComment001",
        "end": "CCheckComment001",
        "begin_offset": [
            -10,
            -50,
            0,
            0
        ],
        "end_offset": [
            -5,
            -50,
            0,
            0
        ],
        "duration": 2000,
        "next": [
            "CClickCopy",
            "CCommentVideoIn02"
        ]
    },
    "CCheckComment002": {
        "enabled": true,
        "recognition": "OCR",
        "expected": [
            "回复"
        ],
        "post_delay": 1000,
        "focus": true,
        "focus_succeeded": "检测到评论，复制评论",
        "next": [
            "CCopyComment002d",
            "CCopyComment002"
        ]
    },
    "CCopyComment002d": {
        "recognition": "OCR",
        "expected": [
            "[\u4e00-\u9fa5]"
        ],
        "roi": "CCheckComment002",
        "roi_offset": [
            -26,
            -68,
            60,
            30
        ],
        "action": "Swipe",
        "duration": 2000,
        "next": [
            "CClickCopy",
            "CCommentVideoIn02"
        ]
    },
    "CCopyComment002": {
        "action": "Swipe",
        "begin": "CCheckComment002",
        "end": "CCheckComment002",
        "begin_offset": [
            -25,
            -80,
            0,
            0
        ],
        "end_offset": [
            -20,
            -80,
            0,
            0
        ],
        "duration": 2000,
        "next": [
            "CClickCopy",
            "CCommentVideoIn02"
        ]
    },
    "CClickCopy": {
        "recognition": "OCR",
        "expected": "复制",
        "action": "Click",
        "next": [
            "CCommentVideoIn"
        ]
    },
    "CCommentVideoIn": {
        "recognition": "OCR",
        "expected": [
            "期待你",
            "的评论"
        ],
        "roi": [
            50,
            1215,
            300,
            35
        ],
        "action": "Click",
        "target": [
            50,
            1215,
            300,
            30
        ],
        "interrupt": [
            "InputmethodCheck",
            "InputmethodCheck0"
        ],
        "next": [
            "CCommentPasteXF01",
            "CommentCommon00"
        ]
    },
    "CCommentPasteXF01": {
        "recognition": "TemplateMatch",
        "template": "edit.png",
        "roi": [
            5,
            728,
            709,
            100
        ],
        "action": "Click",
        "next": [
            "CCommentPasteXF02",
            "CommentCommon00"
        ]
    },
    "CCommentPasteXF02": {
        "recognition": "OCR",
        "expected": "粘贴",
        "action": "Click",
        "next": [
            "CCommentPasteEdit",
            "CCommentXF01",
            "CommentCommon00"
        ]
    },
    "CCommentPasteEdit": {
        "recognition": "OCR",
        "expected": "粘贴",
        "action": "InputText",
        "input_text": ".",
        "next": [
            "CCommentPublish",
            "CommentCommon00"
        ]
    },
    "CCommentVideoIn02": {
        "recognition": "OCR",
        "expected": [
            "期待你",
            "的评论"
        ],
        "roi": [
            50,
            1215,
            300,
            35
        ],
        "action": "Click",
        "target": [
            50,
            1215,
            300,
            30
        ],
        "interrupt": [
            "InputmethodCheck",
            "InputmethodCheck0"
        ],
        "next": [
            "CCommentXF01",
            "CommentCommon01",
            "CommentCommon00"
        ]
    },
    "CCommentXF01": {
        "enabled": true,
        "recognition": "TemplateMatch",
        "template": "XF_comment.png",
        "roi": [
            1,
            698,
            719,
            132
        ],
        "action": "Click",
        "focus": true,
        "focus_succeeded": "检测到语录功能，使用XF语录",
        "next": [
            "Comment03T",
            "Comment14T",
            "Comment25T",
            "CCCommentXF02",
            "CommentCommon01",
            "CommentCommon00"
        ]
    },
    "CCCommentXF02": {
        "enabled": true,
        "recognition": "OCR",
        "expected": [
            "Dxxw3",
            "dxxw3",
            "Dxxw2",
            "dxxw2",
            "Dxxw1",
            "dxxw1"
        ],
        "roi": [
            5,
            862,
            715,
            412
        ],
        "action": "Click",
        "pre_delay": 500,
        "post_delay": 500,
        "next": [
            "CCCommentXF02X2",
            "CCommentPublish"
        ]
    },
    "CCCommentXF02X2": {
        "enabled": true,
        "recognition": "OCR",
        "expected": [
            "Dxxw3",
            "dxxw3",
            "Dxxw2",
            "dxxw2",
            "Dxxw1",
            "dxxw1"
        ],
        "roi": [
            5,
            862,
            715,
            412
        ],
        "action": "Click",
        "post_delay": 500,
        "next": [
            "CCCommentXF02X3",
            "CCommentPublish"
        ]
    },
    "CCCommentXF02X3": {
        "enabled": true,
        "recognition": "OCR",
        "expected": [
            "Dxxw3",
            "dxxw3",
            "Dxxw2",
            "dxxw2",
            "Dxxw1",
            "dxxw1"
        ],
        "roi": [
            5,
            862,
            715,
            412
        ],
        "action": "Click",
        "post_delay": 500,
        "next": [
            "CCommentPublish"
        ]
    },
    "CCCommentXFTEmoji": {
        "enabled": true,
        "recognition": "OCR",
        "expected": [
            "Emoji",
            "表情",
            "Dxxw1",
            "dxxw1"
        ],
        "roi": [
            5,
            862,
            715,
            412
        ],
        "action": "Click",
        "pre_delay": 500,
        "post_delay": 500,
        "next": [
            "CCommentPublish"
        ]
    },
    "CCCommentXFT03": {
        "recognition": "OCR",
        "expected": [
            "Dxxw3",
            "dxxw3",
            "Dxxw2",
            "dxxw2",
            "Dxxw1",
            "dxxw1"
        ],
        "roi": [
            5,
            862,
            715,
            412
        ],
        "action": "Click",
        "pre_delay": 300,
        "post_delay": 300,
        "next": [
            "CCCommentXFT03X2",
            "CCommentPublish"
        ]
    },
    "CCCommentXFT03X2": {
        "enabled": true,
        "recognition": "OCR",
        "expected": [
            "Dxxw3",
            "dxxw3",
            "Dxxw2",
            "dxxw2",
            "Dxxw1",
            "dxxw1"
        ],
        "roi": [
            5,
            862,
            715,
            412
        ],
        "action": "Click",
        "post_delay": 300,
        "next": [
            "CCCommentXFT03X3",
            "CCommentPublish"
        ]
    },
    "CCCommentXFT03X3": {
        "enabled": true,
        "recognition": "OCR",
        "expected": [
            "Dxxw3",
            "dxxw3",
            "Dxxw2",
            "dxxw2",
            "Dxxw1",
            "dxxw1"
        ],
        "roi": [
            5,
            862,
            715,
            412
        ],
        "action": "Click",
        "post_delay": 300,
        "next": [
            "CCommentPublish"
        ]
    },
    "CCCommentXFT14": {
        "recognition": "OCR",
        "expected": [
            "Dxxw2",
            "dxxw2",
            "Dxxw3",
            "dxxw3",
            "Dxxw1",
            "dxxw1"
        ],
        "roi": [
            5,
            862,
            715,
            412
        ],
        "action": "Click",
        "pre_delay": 300,
        "post_delay": 300,
        "next": [
            "CCCommentXFT14X2",
            "CCommentPublish"
        ]
    },
    "CCCommentXFT14X2": {
        "enabled": true,
        "recognition": "OCR",
        "expected": [
            "Dxxw2",
            "dxxw2",
            "Dxxw3",
            "dxxw3",
            "Dxxw1",
            "dxxw1"
        ],
        "roi": [
            5,
            862,
            715,
            412
        ],
        "action": "Click",
        "post_delay": 300,
        "next": [
            "CCCommentXFT14X3",
            "CCommentPublish"
        ]
    },
    "CCCommentXFT14X3": {
        "enabled": true,
        "recognition": "OCR",
        "expected": [
            "Dxxw2",
            "dxxw2",
            "Dxxw3",
            "dxxw3",
            "Dxxw1",
            "dxxw1"
        ],
        "roi": [
            5,
            862,
            715,
            412
        ],
        "action": "Click",
        "post_delay": 300,
        "next": [
            "CCommentPublish"
        ]
    },
    "CCCommentXFT25": {
        "recognition": "OCR",
        "expected": [
            "Dxxw1",
            "dxxw1",
            "Dxxw3",
            "dxxw3",
            "Dxxw2",
            "dxxw2"
        ],
        "roi": [
            5,
            862,
            715,
            412
        ],
        "action": "Click",
        "pre_delay": 300,
        "post_delay": 300,
        "next": [
            "CCCommentXFT25X2",
            "CCommentPublish"
        ]
    },
    "CCCommentXFT25X2": {
        "enabled": true,
        "recognition": "OCR",
        "expected": [
            "Dxxw1",
            "dxxw1",
            "Dxxw3",
            "dxxw3",
            "Dxxw2",
            "dxxw2"
        ],
        "roi": [
            5,
            862,
            715,
            412
        ],
        "action": "Click",
        "post_delay": 300,
        "next": [
            "CCCommentXFT25X3",
            "CCommentPublish"
        ]
    },
    "CCCommentXFT25X3": {
        "enabled": true,
        "recognition": "OCR",
        "expected": [
            "Dxxw1",
            "dxxw1",
            "Dxxw3",
            "dxxw3",
            "Dxxw2",
            "dxxw2"
        ],
        "roi": [
            5,
            862,
            715,
            412
        ],
        "action": "Click",
        "post_delay": 300,
        "next": [
            "CCommentPublish"
        ]
    },
    "CommentCommon01": {
        "action": "InputText",
        "input_text": "zilihangjianganshoudaomanmandeyongxin",
        "next": [
            "CommentCommon02"
        ]
    },
    "CommentCommon02": {
        "action": "Key",
        "key": 62,
        "next": [
            "CCommentPublish"
        ]
    },
    "CommentCommon00": {
        "action": "InputText",
        "input_text": "think",
        "next": [
            "CCommentPublish"
        ]
    },
    "Comment03T": {
        "recognition": "OCR",
        "expected": [
            ":0",
            ":3"
        ],
        "roi": [
            0,
            0,
            189,
            45
        ],
        "next": [
            "CCCommentXFT03",
            "CommentCommon00",
            "Comment14T"
        ]
    },
    "Comment14T": {
        "recognition": "OCR",
        "expected": [
            ":1",
            ":4"
        ],
        "roi": [
            0,
            0,
            189,
            45
        ],
        "next": [
            "CCCommentXFT14",
            "CommentCommon00",
            "Comment25T"
        ]
    },
    "Comment25T": {
        "recognition": "OCR",
        "expected": [
            ":2",
            ":5"
        ],
        "roi": [
            0,
            0,
            189,
            45
        ],
        "next": [
            "CCCommentXFT25",
            "CommentCommon00",
            "Comment03T"
        ]
    },
    "Comment03T000": {
        "recognition": "OCR",
        "expected": [
            ":00",
            ":30"
        ],
        "roi": [
            0,
            0,
            189,
            45
        ],
        "action": "InputText",
        "input_text": "用心记录的点滴总是值得品味",
        "next": [
            "CCommentPublish"
        ]
    },
    "Comment03T001": {
        "recognition": "OCR",
        "expected": [
            ":01",
            ":31"
        ],
        "roi": [
            0,
            0,
            189,
            45
        ],
        "action": "InputText",
        "input_text": "这份沉淀感让人受益匪浅",
        "next": [
            "CCommentPublish"
        ]
    },
    "Comment03T002": {
        "recognition": "OCR",
        "expected": [
            ":02",
            ":32"
        ],
        "roi": [
            0,
            0,
            189,
            45
        ],
        "action": "InputText",
        "input_text": "您对细节的把握总是很到位",
        "next": [
            "CCommentPublish"
        ]
    },
    "Comment03T003": {
        "recognition": "OCR",
        "expected": [
            ":03",
            ":33"
        ],
        "roi": [
            0,
            0,
            189,
            45
        ],
        "action": "InputText",
        "input_text": "隔着屏幕也能感受到这份专注",
        "next": [
            "CCommentPublish"
        ]
    },
    "Comment03T004": {
        "recognition": "OCR",
        "expected": [
            ":04",
            ":34"
        ],
        "roi": [
            0,
            0,
            189,
            45
        ],
        "action": "InputText",
        "input_text": "行稳致远的智慧值得学习",
        "next": [
            "CCommentPublish"
        ]
    },
    "Comment03T005": {
        "recognition": "OCR",
        "expected": [
            ":05",
            ":35"
        ],
        "roi": [
            0,
            0,
            189,
            45
        ],
        "action": "InputText",
        "input_text": "字里行间都是宝贵经验",
        "next": [
            "CCommentPublish"
        ]
    },
    "Comment03T006": {
        "recognition": "OCR",
        "expected": [
            ":06",
            ":36"
        ],
        "roi": [
            0,
            0,
            189,
            45
        ],
        "action": "InputText",
        "input_text": "持续积累的力量令人敬佩",
        "next": [
            "CCommentPublish"
        ]
    },
    "Comment03T007": {
        "recognition": "OCR",
        "expected": [
            ":07",
            ":37"
        ],
        "roi": [
            0,
            0,
            189,
            45
        ],
        "action": "InputText",
        "input_text": "您传递的这份能量已接收",
        "next": [
            "CCommentPublish"
        ]
    },
    "Comment03T008": {
        "recognition": "OCR",
        "expected": [
            ":08",
            ":38"
        ],
        "roi": [
            0,
            0,
            189,
            45
        ],
        "action": "InputText",
        "input_text": "静水深流般的思考方式",
        "next": [
            "CCommentPublish"
        ]
    },
    "Comment03T009": {
        "recognition": "OCR",
        "expected": [
            ":09",
            ":39"
        ],
        "roi": [
            0,
            0,
            189,
            45
        ],
        "action": "InputText",
        "input_text": "每个阶段都有独特的价值",
        "next": [
            "CCommentPublish"
        ]
    },
    "Comment14T000": {
        "recognition": "OCR",
        "expected": [
            ":10",
            ":40"
        ],
        "roi": [
            0,
            0,
            189,
            45
        ],
        "action": "InputText",
        "input_text": "这份从容感正是修炼的境界",
        "next": [
            "CCommentPublish"
        ]
    },
    "Comment14T001": {
        "recognition": "OCR",
        "expected": [
            ":11",
            ":41"
        ],
        "roi": [
            0,
            0,
            189,
            45
        ],
        "action": "InputText",
        "input_text": "感谢您愿意分享这些思考",
        "next": [
            "CCommentPublish"
        ]
    },
    "Comment14T002": {
        "recognition": "OCR",
        "expected": [
            ":12",
            ":42"
        ],
        "roi": [
            0,
            0,
            189,
            45
        ],
        "action": "InputText",
        "input_text": "行动力永远是我们的榜样！",
        "next": [
            "CCommentPublish"
        ]
    },
    "Comment14T003": {
        "recognition": "OCR",
        "expected": [
            ":13",
            ":43"
        ],
        "roi": [
            0,
            0,
            189,
            45
        ],
        "action": "InputText",
        "input_text": "认真对待生活的样子真赞",
        "next": [
            "CCommentPublish"
        ]
    },
    "Comment14T004": {
        "recognition": "OCR",
        "expected": [
            ":14",
            ":44"
        ],
        "roi": [
            0,
            0,
            189,
            45
        ],
        "action": "InputText",
        "input_text": "这种持之以恒的态度太强了",
        "next": [
            "CCommentPublish"
        ]
    },
    "Comment14T005": {
        "recognition": "OCR",
        "expected": [
            ":15",
            ":45"
        ],
        "roi": [
            0,
            0,
            189,
            45
        ],
        "action": "InputText",
        "input_text": "这个观点让人耳目一新！",
        "next": [
            "CCommentPublish"
        ]
    },
    "Comment14T006": {
        "recognition": "OCR",
        "expected": [
            ":16",
            ":46"
        ],
        "roi": [
            0,
            0,
            189,
            45
        ],
        "action": "InputText",
        "input_text": "平衡的智慧体现得淋漓尽致",
        "next": [
            "CCommentPublish"
        ]
    },
    "Comment14T007": {
        "recognition": "OCR",
        "expected": [
            ":17",
            ":47"
        ],
        "roi": [
            0,
            0,
            189,
            45
        ],
        "action": "InputText",
        "input_text": "这种细腻观察力值得学习",
        "next": [
            "CCommentPublish"
        ]
    },
    "Comment14T008": {
        "recognition": "OCR",
        "expected": [
            ":18",
            ":48"
        ],
        "roi": [
            0,
            0,
            189,
            45
        ],
        "action": "InputText",
        "input_text": "专业度满分的分享，感谢您的时间沉淀",
        "next": [
            "CCommentPublish"
        ]
    },
    "Comment14T009": {
        "recognition": "OCR",
        "expected": [
            ":19",
            ":49"
        ],
        "roi": [
            0,
            0,
            189,
            45
        ],
        "action": "InputText",
        "input_text": "真诚的分享永远打动人心",
        "next": [
            "CCommentPublish"
        ]
    },
    "Comment25T000": {
        "recognition": "OCR",
        "expected": [
            ":20",
            ":50"
        ],
        "roi": [
            0,
            0,
            189,
            45
        ],
        "action": "InputText",
        "input_text": "这份坚持本身就是答案",
        "next": [
            "CCommentPublish"
        ]
    },
    "Comment25T001": {
        "recognition": "OCR",
        "expected": [
            ":21",
            ":51"
        ],
        "roi": [
            0,
            0,
            189,
            45
        ],
        "action": "InputText",
        "input_text": "这个视角很有启发性，学习了！",
        "next": [
            "CCommentPublish"
        ]
    },
    "Comment25T002": {
        "recognition": "OCR",
        "expected": [
            ":22",
            ":52"
        ],
        "roi": [
            0,
            0,
            189,
            45
        ],
        "action": "InputText",
        "input_text": "温润有力的表达方式",
        "next": [
            "CCommentPublish"
        ]
    },
    "Comment25T003": {
        "recognition": "OCR",
        "expected": [
            ":23",
            ":53"
        ],
        "roi": [
            0,
            0,
            189,
            45
        ],
        "action": "InputText",
        "input_text": "平凡日常中的不平凡洞察",
        "next": [
            "CCommentPublish"
        ]
    },
    "Comment25T004": {
        "recognition": "OCR",
        "expected": [
            ":24",
            ":54"
        ],
        "roi": [
            0,
            0,
            189,
            45
        ],
        "action": "InputText",
        "input_text": "从容中见智慧的表达方式！",
        "next": [
            "CCommentPublish"
        ]
    },
    "Comment25T005": {
        "recognition": "OCR",
        "expected": [
            ":25",
            ":55"
        ],
        "roi": [
            0,
            0,
            189,
            45
        ],
        "action": "InputText",
        "input_text": "时间会铭记所有的用心",
        "next": [
            "CCommentPublish"
        ]
    },
    "Comment25T006": {
        "recognition": "OCR",
        "expected": [
            ":26",
            ":56"
        ],
        "roi": [
            0,
            0,
            189,
            45
        ],
        "action": "InputText",
        "input_text": "这种踏实的风格让人安心",
        "next": [
            "CCommentPublish"
        ]
    },
    "Comment25T007": {
        "recognition": "OCR",
        "expected": [
            ":27",
            ":57"
        ],
        "roi": [
            0,
            0,
            189,
            45
        ],
        "action": "InputText",
        "input_text": "您让我有了新的理解",
        "next": [
            "CCommentPublish"
        ]
    },
    "Comment25T008": {
        "recognition": "OCR",
        "expected": [
            ":28",
            ":58"
        ],
        "roi": [
            0,
            0,
            189,
            45
        ],
        "action": "InputText",
        "input_text": "每次分享都是营养补给站",
        "next": [
            "CCommentPublish"
        ]
    },
    "Comment25T009": {
        "recognition": "OCR",
        "expected": [
            ":29",
            ":59"
        ],
        "roi": [
            0,
            0,
            189,
            45
        ],
        "action": "InputText",
        "input_text": "在路上的状态就是最好的状态",
        "next": [
            "CCommentPublish"
        ]
    },
    "Comment010": {
        "action": "InputText",
        "input_text": "字里行间感受到满满的用心！",
        "next": [
            "CCommentPublish"
        ]
    },
    "CCommentPublish": {
        "recognition": "TemplateMatch",
        "template": [
            "发表0.png",
            "发表.png"
        ],
        "action": "Click",
        "focus": true,
        "focus_succeeded": "发表评论...",
        "timeout": 60000,
        "next": [
            "CCommentBack01"
        ]
    },
    "CCommentBack01": {
        "recognition": "OCR",
        "expected": [
            "已提交",
            "完成评论",
            "发送成功",
            "不能发表",
            "复制粘贴",
            "其他用户一样",
            "频率过高",
            "慢慢酝酿"
        ],
        "pre_delay": 1500,
        "action": "Key",
        "key": 4,
        "next": [
            "CCommentBack02V"
        ]
    },
    "CCommentBack02V": {
        "recognition": "TemplateMatch",
        "template": [
            "video_comment.png",
            "video_like0g.png",
            "video_like1g.png",
            "video_collect0g.png",
            "video_collect1g.png",
            "video_share0.png"
        ],
        "roi": [
            597,
            494,
            84,
            517
        ],
        "green_mask": true,
        "threshold": 0.6,
        "action": "Key",
        "key": 4,
        "next": [
            "CCommentBack02"
        ]
    },
    "CCommentBack02T": {
        "recognition": "OCR",
        "expected": [
            "发送成功",
            "已提交",
            "频率过高"
        ],
        "pre_delay": 1000,
        "action": "Key",
        "key": 4,
        "next": [
            "CCommentBack02"
        ]
    },
    "CCommentLiked": {
        "enabled": true,
        "recognition": "TemplateMatch",
        "template": [
            "video_like1g.png",
            "video_collect1g.png",
            "like1g.png",
            "收藏1g.png"
        ],
        "green_mask": true,
        "threshold": 0.6,
        "action": "Key",
        "key": 4,
        "next": [
            "CCommentBack02"
        ]
    },
    "NotCCommentBack": {
        "enabled": false,
        "action": "Key",
        "key": 4,
        "next": [
            "CCommentBack02"
        ]
    },
    "ClickCommentVideo": {
        "recognition": "TemplateMatch",
        "template": [
            "video_comment.png",
            "video_like0g.png",
            "video_like1g.png",
            "video_collect0g.png",
            "video_collect1g.png",
            "video_share0.png"
        ],
        "roi": [
            597,
            494,
            84,
            517
        ],
        "action": "Click",
        "target": [
            659,
            694,
            1,
            1
        ],
        "pre_delay": 300,
        "post_delay": 500,
        "on_error": [
            "TimeCircleBack"
        ],
        "next": [
            "CCheckComment001",
            "CCheckComment002",
            "CCommentVideoIn02"
        ]
    },
    "CantFindComment": {
        "enabled": true,
        "action": "Key",
        "key": 4,
        "next": [
            "CCommentBack02"
        ]
    },
    "CCommentBack02": {
        "next": [
            "Stop"
        ]
    }
}