{
    "ErrorImagetxt001": {
        "enabled": true,
        "interrupt": [
            "Back"
        ],
        "next": [
            "ErrorImagetxt1001"
        ]
    },
    "ErrorImagetxt1001": {
        "recognition": "TemplateMatch",
        "template": [
            "wodes.png",
            "wodes_.png"
        ],
        "roi": [
            25,
            1162,
            679,
            98
        ],
        "action": "Click",
        "post_wait_freezes": 500,
        "post_delay": 500,
        "interrupt": [
            "Back"
        ],
        "next": [
            "Skip2",
            "ErrorImagetxtClickSubs001"
        ]
    },
    "ErrorImagetxtClickSubs001": {
        "recognition": "OCR",
        "expected": "关注",
        "action": "Click",
        "post_delay": 500,
        "interrupt": [
            "DxhSwipe"
        ],
        "timeout": 20000,
        "on_error": "ErrorBackImagetxt",
        "next": [
            "ErrorImagetxtSelectDxh001"
        ]
    },
    "ErrorImagetxtDxhSwipe001": {
        "action": "Swipe",
        "begin": [
            200,
            500,
            10,
            10
        ],
        "end": [
            200,
            400,
            10,
            10
        ]
    },
    "ErrorImagetxtSelectDxh001": {
        "recognition": "OCR",
        "expected": [
            "河南信息广播"
        ],
        "action": "Click",
        "post_wait_freezes": 1000,
        "post_delay": 500,
        "timeout": 20000,
        "on_error": "ErrorBackImagetxt",
        "next": [
            "ErrorImagetxtSwipeUpivl001",
            "ErrorImagetxtSelectDxh2nd001"
        ]
    },
    "ErrorImagetxtSelectDxh2nd001": {
        "action": "Key",
        "key": 4,
        "next": [
            "ErrorImagetxtSelectDxh001"
        ]
    },
    "ErrorImagetxtSwipeUpivl001": {
        "recognition": "OCR",
        "expected": [
            "评论",
            "全部"
        ],
        "roi": [
            0,
            707,
            720,
            558
        ],
        "pre_delay": 200,
        "action": "Swipe",
        "begin": [
            200,
            1000,
            10,
            10
        ],
        "end": [
            200,
            650,
            10,
            10
        ],
        "duration": 300,
        "post_delay": 500,
        "post_wait_freezes": 200,
        "timeout": 20000,
        "on_error": "ErrorBackImagetxt",
        "next": [
            "ErrorImagetxtClickImagetxtPart001"
        ]
    },
    "ErrorImagetxtClickImagetxtPart001": {
        "recognition": "OCR",
        "expected": "图文",
        "action": "Click",
        "pre_wait_freezes": 200,
        "post_delay": 500,
        "timeout": 20000,
        "on_error": "ErrorBackImagetxt",
        "next": [
            "ClickIt01"
        ]
    },
    "ErrorImagetxt002": {
        "enabled": true,
        "interrupt": [
            "Back"
        ],
        "next": [
            "ErrorImagetxt1002"
        ]
    },
    "ErrorImagetxt1002": {
        "recognition": "TemplateMatch",
        "template": [
            "wodes.png",
            "wodes_.png"
        ],
        "roi": [
            25,
            1162,
            679,
            98
        ],
        "action": "Click",
        "post_wait_freezes": 500,
        "post_delay": 500,
        "interrupt": [
            "Back"
        ],
        "next": [
            "Skip2",
            "ErrorImagetxtClickSubs002"
        ]
    },
    "ErrorImagetxtClickSubs002": {
        "recognition": "OCR",
        "expected": "关注",
        "action": "Click",
        "post_delay": 500,
        "interrupt": [
            "DxhSwipe"
        ],
        "timeout": 20000,
        "on_error": "ErrorBackImagetxt",
        "next": [
            "ErrorImagetxtSelectDxh002"
        ]
    },
    "ErrorImagetxtDxhSwipe002": {
        "action": "Swipe",
        "begin": [
            200,
            500,
            10,
            10
        ],
        "end": [
            200,
            400,
            10,
            10
        ]
    },
    "ErrorImagetxtSelectDxh002": {
        "recognition": "OCR",
        "expected": [
            "河南信息广播"
        ],
        "action": "Click",
        "post_wait_freezes": 1000,
        "post_delay": 500,
        "timeout": 20000,
        "on_error": "ErrorBackImagetxt",
        "next": [
            "ErrorImagetxtSwipeUpivl002",
            "ErrorImagetxtSelectDxh2nd002"
        ]
    },
    "ErrorImagetxtSelectDxh2nd002": {
        "action": "Key",
        "key": 4,
        "next": [
            "ErrorImagetxtSelectDxh002"
        ]
    },
    "ErrorImagetxtSwipeUpivl002": {
        "recognition": "OCR",
        "expected": [
            "评论",
            "全部"
        ],
        "roi": [
            0,
            707,
            720,
            558
        ],
        "pre_delay": 200,
        "action": "Swipe",
        "begin": [
            200,
            1000,
            10,
            10
        ],
        "end": [
            200,
            650,
            10,
            10
        ],
        "duration": 300,
        "post_delay": 500,
        "post_wait_freezes": 200,
        "timeout": 20000,
        "on_error": "ErrorBackImagetxt",
        "next": [
            "ErrorImagetxtClickImagetxtPart002"
        ]
    },
    "ErrorImagetxtClickImagetxtPart002": {
        "recognition": "OCR",
        "expected": "图文",
        "action": "Click",
        "pre_wait_freezes": 200,
        "post_delay": 500,
        "timeout": 20000,
        "on_error": "ErrorBackImagetxt",
        "next": [
            "ClickIt02"
        ]
    },
    "ErrorImagetxt003": {
        "enabled": true,
        "interrupt": [
            "Back"
        ],
        "next": [
            "ErrorImagetxt1003"
        ]
    },
    "ErrorImagetxt1003": {
        "recognition": "TemplateMatch",
        "template": [
            "wodes.png",
            "wodes_.png"
        ],
        "roi": [
            25,
            1162,
            679,
            98
        ],
        "action": "Click",
        "post_wait_freezes": 500,
        "post_delay": 500,
        "interrupt": [
            "Back"
        ],
        "next": [
            "Skip2",
            "ErrorImagetxtClickSubs003"
        ]
    },
    "ErrorImagetxtClickSubs003": {
        "recognition": "OCR",
        "expected": "关注",
        "action": "Click",
        "post_delay": 500,
        "interrupt": [
            "DxhSwipe"
        ],
        "timeout": 20000,
        "on_error": "ErrorBackImagetxt",
        "next": [
            "ErrorImagetxtSelectDxh003"
        ]
    },
    "ErrorImagetxtDxhSwipe003": {
        "action": "Swipe",
        "begin": [
            200,
            500,
            10,
            10
        ],
        "end": [
            200,
            400,
            10,
            10
        ]
    },
    "ErrorImagetxtSelectDxh003": {
        "recognition": "OCR",
        "expected": [
            "河南信息广播"
        ],
        "action": "Click",
        "post_wait_freezes": 1000,
        "post_delay": 500,
        "timeout": 20000,
        "on_error": "ErrorBackImagetxt",
        "next": [
            "ErrorImagetxtSwipeUpivl003",
            "ErrorImagetxtSelectDxh2nd003"
        ]
    },
    "ErrorImagetxtSelectDxh2nd003": {
        "action": "Key",
        "key": 4,
        "next": [
            "ErrorImagetxtSelectDxh003"
        ]
    },
    "ErrorImagetxtSwipeUpivl003": {
        "recognition": "OCR",
        "expected": [
            "评论",
            "全部"
        ],
        "roi": [
            0,
            707,
            720,
            558
        ],
        "pre_delay": 200,
        "action": "Swipe",
        "begin": [
            200,
            1000,
            10,
            10
        ],
        "end": [
            200,
            650,
            10,
            10
        ],
        "duration": 300,
        "post_delay": 500,
        "post_wait_freezes": 200,
        "timeout": 20000,
        "on_error": "ErrorBackImagetxt",
        "next": [
            "ErrorImagetxtClickImagetxtPart003"
        ]
    },
    "ErrorImagetxtClickImagetxtPart003": {
        "recognition": "OCR",
        "expected": "图文",
        "action": "Click",
        "pre_wait_freezes": 200,
        "post_delay": 500,
        "timeout": 20000,
        "on_error": "ErrorBackImagetxt",
        "next": [
            "ClickIt03"
        ]
    },
    "ErrorImagetxt004": {
        "enabled": true,
        "interrupt": [
            "Back"
        ],
        "next": [
            "ErrorImagetxt1004"
        ]
    },
    "ErrorImagetxt1004": {
        "recognition": "TemplateMatch",
        "template": [
            "wodes.png",
            "wodes_.png"
        ],
        "roi": [
            25,
            1162,
            679,
            98
        ],
        "action": "Click",
        "post_wait_freezes": 500,
        "post_delay": 500,
        "interrupt": [
            "Back"
        ],
        "next": [
            "Skip2",
            "ErrorImagetxtClickSubs004"
        ]
    },
    "ErrorImagetxtClickSubs004": {
        "recognition": "OCR",
        "expected": "关注",
        "action": "Click",
        "post_delay": 500,
        "interrupt": [
            "DxhSwipe"
        ],
        "timeout": 20000,
        "on_error": "ErrorBackImagetxt",
        "next": [
            "ErrorImagetxtSelectDxh004"
        ]
    },
    "ErrorImagetxtDxhSwipe004": {
        "action": "Swipe",
        "begin": [
            200,
            500,
            10,
            10
        ],
        "end": [
            200,
            400,
            10,
            10
        ]
    },
    "ErrorImagetxtSelectDxh004": {
        "recognition": "OCR",
        "expected": [
            "河南信息广播"
        ],
        "action": "Click",
        "post_wait_freezes": 1000,
        "post_delay": 500,
        "timeout": 20000,
        "on_error": "ErrorBackImagetxt",
        "next": [
            "ErrorImagetxtSwipeUpivl004",
            "ErrorImagetxtSelectDxh2nd004"
        ]
    },
    "ErrorImagetxtSelectDxh2nd004": {
        "action": "Key",
        "key": 4,
        "next": [
            "ErrorImagetxtSelectDxh004"
        ]
    },
    "ErrorImagetxtSwipeUpivl004": {
        "recognition": "OCR",
        "expected": [
            "评论",
            "全部"
        ],
        "roi": [
            0,
            707,
            720,
            558
        ],
        "pre_delay": 200,
        "action": "Swipe",
        "begin": [
            200,
            1000,
            10,
            10
        ],
        "end": [
            200,
            650,
            10,
            10
        ],
        "duration": 300,
        "post_delay": 500,
        "post_wait_freezes": 200,
        "timeout": 20000,
        "on_error": "ErrorBackImagetxt",
        "next": [
            "ErrorImagetxtClickImagetxtPart004"
        ]
    },
    "ErrorImagetxtClickImagetxtPart004": {
        "recognition": "OCR",
        "expected": "图文",
        "action": "Click",
        "pre_wait_freezes": 200,
        "post_delay": 1000,
        "timeout": 20000,
        "on_error": "ErrorBackImagetxt",
        "next": [
            "SwipeUpivl01"
        ]
    },
    "ErrorImagetxt005": {
        "enabled": true,
        "interrupt": [
            "Back"
        ],
        "next": [
            "ErrorImagetxt1005"
        ]
    },
    "ErrorImagetxt1005": {
        "recognition": "TemplateMatch",
        "template": [
            "wodes.png",
            "wodes_.png"
        ],
        "roi": [
            25,
            1162,
            679,
            98
        ],
        "action": "Click",
        "post_wait_freezes": 500,
        "post_delay": 500,
        "interrupt": [
            "Back"
        ],
        "next": [
            "Skip2",
            "ErrorImagetxtClickSubs005"
        ]
    },
    "ErrorImagetxtClickSubs005": {
        "recognition": "OCR",
        "expected": "关注",
        "action": "Click",
        "post_delay": 500,
        "interrupt": [
            "DxhSwipe"
        ],
        "timeout": 20000,
        "on_error": "ErrorBackImagetxt",
        "next": [
            "ErrorImagetxtSelectDxh005"
        ]
    },
    "ErrorImagetxtDxhSwipe005": {
        "action": "Swipe",
        "begin": [
            200,
            500,
            10,
            10
        ],
        "end": [
            200,
            400,
            10,
            10
        ]
    },
    "ErrorImagetxtSelectDxh005": {
        "recognition": "OCR",
        "expected": [
            "河南信息广播"
        ],
        "action": "Click",
        "post_wait_freezes": 1000,
        "post_delay": 500,
        "timeout": 20000,
        "on_error": "ErrorBackImagetxt",
        "next": [
            "ErrorImagetxtSwipeUpivl005",
            "ErrorImagetxtSelectDxh2nd005"
        ]
    },
    "ErrorImagetxtSelectDxh2nd005": {
        "action": "Key",
        "key": 4,
        "next": [
            "ErrorImagetxtSelectDxh005"
        ]
    },
    "ErrorImagetxtSwipeUpivl005": {
        "recognition": "OCR",
        "expected": [
            "评论",
            "全部"
        ],
        "roi": [
            0,
            707,
            720,
            558
        ],
        "pre_delay": 200,
        "action": "Swipe",
        "begin": [
            200,
            1000,
            10,
            10
        ],
        "end": [
            200,
            650,
            10,
            10
        ],
        "duration": 300,
        "post_delay": 500,
        "post_wait_freezes": 200,
        "timeout": 20000,
        "on_error": "ErrorBackImagetxt",
        "next": [
            "ErrorImagetxtClickImagetxtPart005"
        ]
    },
    "ErrorImagetxtClickImagetxtPart005": {
        "recognition": "OCR",
        "expected": "图文",
        "action": "Click",
        "pre_wait_freezes": 200,
        "post_delay": 500,
        "timeout": 20000,
        "on_error": "ErrorBackImagetxt",
        "next": [
            "SwipeUpivl01005"
        ]
    },
    "SwipeUpivl01005": {
        "action": "Swipe",
        "begin": [
            50,
            1200,
            10,
            10
        ],
        "end": [
            50,
            280,
            10,
            10
        ],
        "duration": 1200,
        "timeout": 20000,
        "on_error": "ErrorBackImagetxt",
        "next": [
            "ClickIt05"
        ]
    },
    "ErrorImagetxt006": {
        "enabled": true,
        "interrupt": [
            "Back"
        ],
        "next": [
            "ErrorImagetxt1006"
        ]
    },
    "ErrorImagetxt1006": {
        "recognition": "TemplateMatch",
        "template": [
            "wodes.png",
            "wodes_.png"
        ],
        "roi": [
            25,
            1162,
            679,
            98
        ],
        "action": "Click",
        "post_wait_freezes": 500,
        "post_delay": 500,
        "interrupt": [
            "Back"
        ],
        "next": [
            "Skip2",
            "ErrorImagetxtClickSubs006"
        ]
    },
    "ErrorImagetxtClickSubs006": {
        "recognition": "OCR",
        "expected": "关注",
        "action": "Click",
        "post_delay": 500,
        "interrupt": [
            "DxhSwipe"
        ],
        "timeout": 20000,
        "on_error": "ErrorBackImagetxt",
        "next": [
            "ErrorImagetxtSelectDxh006"
        ]
    },
    "ErrorImagetxtDxhSwipe006": {
        "action": "Swipe",
        "begin": [
            200,
            500,
            10,
            10
        ],
        "end": [
            200,
            400,
            10,
            10
        ]
    },
    "ErrorImagetxtSelectDxh006": {
        "recognition": "OCR",
        "expected": [
            "河南信息广播"
        ],
        "action": "Click",
        "post_wait_freezes": 1000,
        "post_delay": 500,
        "timeout": 20000,
        "on_error": "ErrorBackImagetxt",
        "next": [
            "ErrorImagetxtSwipeUpivl006",
            "ErrorImagetxtSelectDxh2nd006"
        ]
    },
    "ErrorImagetxtSelectDxh2nd006": {
        "action": "Key",
        "key": 4,
        "next": [
            "ErrorImagetxtSelectDxh006"
        ]
    },
    "ErrorImagetxtSwipeUpivl006": {
        "recognition": "OCR",
        "expected": [
            "评论",
            "全部"
        ],
        "roi": [
            0,
            707,
            720,
            558
        ],
        "pre_delay": 200,
        "action": "Swipe",
        "begin": [
            200,
            1000,
            10,
            10
        ],
        "end": [
            200,
            650,
            10,
            10
        ],
        "duration": 300,
        "post_delay": 500,
        "post_wait_freezes": 200,
        "timeout": 20000,
        "on_error": "ErrorBackImagetxt",
        "next": [
            "ErrorImagetxtClickImagetxtPart006"
        ]
    },
    "ErrorImagetxtClickImagetxtPart006": {
        "recognition": "OCR",
        "expected": "图文",
        "action": "Click",
        "pre_wait_freezes": 200,
        "post_delay": 1000,
        "timeout": 20000,
        "on_error": "ErrorBackImagetxt",
        "next": [
            "SwipeUpivl01006"
        ]
    },
    "SwipeUpivl01006": {
        "action": "Swipe",
        "begin": [
            50,
            1200,
            10,
            10
        ],
        "end": [
            50,
            280,
            10,
            10
        ],
        "duration": 1200,
        "timeout": 20000,
        "on_error": "ErrorBackImagetxt",
        "next": [
            "ClickIt06"
        ]
    },
    "ErrorImagetxt007": {
        "enabled": true,
        "interrupt": [
            "Back"
        ],
        "next": [
            "ErrorImagetxt1007"
        ]
    },
    "ErrorImagetxt1007": {
        "recognition": "TemplateMatch",
        "template": [
            "wodes.png",
            "wodes_.png"
        ],
        "roi": [
            25,
            1162,
            679,
            98
        ],
        "action": "Click",
        "post_wait_freezes": 500,
        "post_delay": 500,
        "interrupt": [
            "Back"
        ],
        "next": [
            "Skip2",
            "ErrorImagetxtClickSubs007"
        ]
    },
    "ErrorImagetxtClickSubs007": {
        "recognition": "OCR",
        "expected": "关注",
        "action": "Click",
        "post_delay": 500,
        "interrupt": [
            "DxhSwipe"
        ],
        "timeout": 20000,
        "on_error": "ErrorBackImagetxt",
        "next": [
            "ErrorImagetxtSelectDxh007"
        ]
    },
    "ErrorImagetxtDxhSwipe007": {
        "action": "Swipe",
        "begin": [
            200,
            500,
            10,
            10
        ],
        "end": [
            200,
            400,
            10,
            10
        ]
    },
    "ErrorImagetxtSelectDxh007": {
        "recognition": "OCR",
        "expected": [
            "河南信息广播"
        ],
        "action": "Click",
        "post_wait_freezes": 1000,
        "post_delay": 500,
        "timeout": 20000,
        "on_error": "ErrorBackImagetxt",
        "next": [
            "ErrorImagetxtSwipeUpivl007",
            "ErrorImagetxtSelectDxh2nd007"
        ]
    },
    "ErrorImagetxtSelectDxh2nd007": {
        "action": "Key",
        "key": 4,
        "next": [
            "ErrorImagetxtSelectDxh007"
        ]
    },
    "ErrorImagetxtSwipeUpivl007": {
        "recognition": "OCR",
        "expected": [
            "评论",
            "全部"
        ],
        "roi": [
            0,
            707,
            720,
            558
        ],
        "pre_delay": 200,
        "action": "Swipe",
        "begin": [
            200,
            1000,
            10,
            10
        ],
        "end": [
            200,
            650,
            10,
            10
        ],
        "duration": 300,
        "post_delay": 500,
        "post_wait_freezes": 200,
        "timeout": 20000,
        "on_error": "ErrorBackImagetxt",
        "next": [
            "ErrorImagetxtClickImagetxtPart007"
        ]
    },
    "ErrorImagetxtClickImagetxtPart007": {
        "recognition": "OCR",
        "expected": "图文",
        "action": "Click",
        "pre_wait_freezes": 200,
        "post_delay": 500,
        "timeout": 20000,
        "on_error": "ErrorBackImagetxt",
        "next": [
            "SwipeUpivl01007"
        ]
    },
    "SwipeUpivl01007": {
        "action": "Swipe",
        "begin": [
            50,
            1200,
            10,
            10
        ],
        "end": [
            50,
            280,
            10,
            10
        ],
        "duration": 1200,
        "timeout": 20000,
        "on_error": "ErrorBackImagetxt",
        "next": [
            "SwipeUpivl02007"
        ]
    },
    "SwipeUpivl02007": {
        "action": "Swipe",
        "begin": [
            50,
            1200,
            10,
            10
        ],
        "end": [
            50,
            280,
            10,
            10
        ],
        "duration": 1200,
        "timeout": 20000,
        "on_error": "ErrorBackImagetxt",
        "next": [
            "ClickIt07"
        ]
    },
    "ErrorImagetxt008": {
        "enabled": true,
        "interrupt": [
            "Back"
        ],
        "next": [
            "ErrorImagetxt1008"
        ]
    },
    "ErrorImagetxt1008": {
        "recognition": "TemplateMatch",
        "template": [
            "wodes.png",
            "wodes_.png"
        ],
        "roi": [
            25,
            1162,
            679,
            98
        ],
        "action": "Click",
        "post_wait_freezes": 500,
        "post_delay": 500,
        "interrupt": [
            "Back"
        ],
        "next": [
            "Skip2",
            "ErrorImagetxtClickSubs008"
        ]
    },
    "ErrorImagetxtClickSubs008": {
        "recognition": "OCR",
        "expected": "关注",
        "action": "Click",
        "post_delay": 500,
        "interrupt": [
            "DxhSwipe"
        ],
        "timeout": 20000,
        "on_error": "ErrorBackImagetxt",
        "next": [
            "ErrorImagetxtSelectDxh008"
        ]
    },
    "ErrorImagetxtDxhSwipe008": {
        "action": "Swipe",
        "begin": [
            200,
            500,
            10,
            10
        ],
        "end": [
            200,
            400,
            10,
            10
        ]
    },
    "ErrorImagetxtSelectDxh008": {
        "recognition": "OCR",
        "expected": [
            "河南信息广播"
        ],
        "action": "Click",
        "post_wait_freezes": 1000,
        "post_delay": 500,
        "timeout": 20000,
        "on_error": "ErrorBackImagetxt",
        "next": [
            "ErrorImagetxtSwipeUpivl008",
            "ErrorImagetxtSelectDxh2nd008"
        ]
    },
    "ErrorImagetxtSelectDxh2nd008": {
        "action": "Key",
        "key": 4,
        "next": [
            "ErrorImagetxtSelectDxh008"
        ]
    },
    "ErrorImagetxtSwipeUpivl008": {
        "recognition": "OCR",
        "expected": [
            "评论",
            "全部"
        ],
        "roi": [
            0,
            707,
            720,
            558
        ],
        "pre_delay": 200,
        "action": "Swipe",
        "begin": [
            200,
            1000,
            10,
            10
        ],
        "end": [
            200,
            650,
            10,
            10
        ],
        "duration": 300,
        "post_delay": 500,
        "post_wait_freezes": 200,
        "timeout": 20000,
        "on_error": "ErrorBackImagetxt",
        "next": [
            "ErrorImagetxtClickImagetxtPart008"
        ]
    },
    "ErrorImagetxtClickImagetxtPart008": {
        "recognition": "OCR",
        "expected": "图文",
        "action": "Click",
        "pre_wait_freezes": 200,
        "post_delay": 500,
        "timeout": 20000,
        "on_error": "ErrorBackImagetxt",
        "next": [
            "SwipeUpivl01008"
        ]
    },
    "SwipeUpivl01008": {
        "action": "Swipe",
        "begin": [
            50,
            1200,
            10,
            10
        ],
        "end": [
            50,
            280,
            10,
            10
        ],
        "duration": 1200,
        "timeout": 20000,
        "on_error": "ErrorBackImagetxt",
        "next": [
            "SwipeUpivl02008"
        ]
    },
    "SwipeUpivl02008": {
        "action": "Swipe",
        "begin": [
            50,
            1200,
            10,
            10
        ],
        "end": [
            50,
            280,
            10,
            10
        ],
        "duration": 1200,
        "timeout": 20000,
        "on_error": "ErrorBackImagetxt",
        "next": [
            "ClickIt08"
        ]
    },
    "ErrorImagetxt009": {
        "enabled": true,
        "interrupt": [
            "Back"
        ],
        "next": [
            "ErrorImagetxt1009"
        ]
    },
    "ErrorImagetxt1009": {
        "recognition": "TemplateMatch",
        "template": [
            "wodes.png",
            "wodes_.png"
        ],
        "roi": [
            25,
            1162,
            679,
            98
        ],
        "action": "Click",
        "post_wait_freezes": 500,
        "post_delay": 500,
        "interrupt": [
            "Back"
        ],
        "next": [
            "Skip2",
            "ErrorImagetxtClickSubs009"
        ]
    },
    "ErrorImagetxtClickSubs009": {
        "recognition": "OCR",
        "expected": "关注",
        "action": "Click",
        "post_delay": 500,
        "interrupt": [
            "DxhSwipe"
        ],
        "timeout": 20000,
        "on_error": "ErrorBackImagetxt",
        "next": [
            "ErrorImagetxtSelectDxh009"
        ]
    },
    "ErrorImagetxtDxhSwipe009": {
        "action": "Swipe",
        "begin": [
            200,
            500,
            10,
            10
        ],
        "end": [
            200,
            400,
            10,
            10
        ]
    },
    "ErrorImagetxtSelectDxh009": {
        "recognition": "OCR",
        "expected": [
            "河南信息广播"
        ],
        "action": "Click",
        "post_wait_freezes": 1000,
        "post_delay": 500,
        "timeout": 20000,
        "on_error": "ErrorBackImagetxt",
        "next": [
            "ErrorImagetxtSwipeUpivl009",
            "ErrorImagetxtSelectDxh2nd009"
        ]
    },
    "ErrorImagetxtSelectDxh2nd009": {
        "action": "Key",
        "key": 4,
        "next": [
            "ErrorImagetxtSelectDxh009"
        ]
    },
    "ErrorImagetxtSwipeUpivl009": {
        "recognition": "OCR",
        "expected": [
            "评论",
            "全部"
        ],
        "roi": [
            0,
            707,
            720,
            558
        ],
        "pre_delay": 200,
        "action": "Swipe",
        "begin": [
            200,
            1000,
            10,
            10
        ],
        "end": [
            200,
            650,
            10,
            10
        ],
        "duration": 300,
        "post_delay": 500,
        "post_wait_freezes": 200,
        "timeout": 20000,
        "on_error": "ErrorBackImagetxt",
        "next": [
            "ErrorImagetxtClickImagetxtPart009"
        ]
    },
    "ErrorImagetxtClickImagetxtPart009": {
        "recognition": "OCR",
        "expected": "图文",
        "action": "Click",
        "pre_wait_freezes": 200,
        "post_delay": 1000,
        "timeout": 20000,
        "on_error": "ErrorBackImagetxt",
        "next": [
            "SwipeUpivl01009"
        ]
    },
    "SwipeUpivl01009": {
        "action": "Swipe",
        "begin": [
            50,
            1200,
            10,
            10
        ],
        "end": [
            50,
            280,
            10,
            10
        ],
        "duration": 1200,
        "timeout": 20000,
        "on_error": "ErrorBackImagetxt",
        "next": [
            "SwipeUpivl02009"
        ]
    },
    "SwipeUpivl02009": {
        "action": "Swipe",
        "begin": [
            50,
            1200,
            10,
            10
        ],
        "end": [
            50,
            280,
            10,
            10
        ],
        "duration": 1200,
        "timeout": 20000,
        "on_error": "ErrorBackImagetxt",
        "next": [
            "ClickIt09"
        ]
    },
    "ErrorImagetxt0010": {
        "enabled": true,
        "interrupt": [
            "Back"
        ],
        "next": [
            "ErrorImagetxt10010"
        ]
    },
    "ErrorImagetxt10010": {
        "recognition": "TemplateMatch",
        "template": [
            "wodes.png",
            "wodes_.png"
        ],
        "roi": [
            25,
            1162,
            679,
            98
        ],
        "action": "Click",
        "post_wait_freezes": 500,
        "post_delay": 500,
        "interrupt": [
            "Back"
        ],
        "next": [
            "Skip2",
            "ErrorImagetxtClickSubs0010"
        ]
    },
    "ErrorImagetxtClickSubs0010": {
        "recognition": "OCR",
        "expected": "关注",
        "action": "Click",
        "post_delay": 500,
        "interrupt": [
            "DxhSwipe"
        ],
        "timeout": 20000,
        "on_error": "ErrorBackImagetxt",
        "next": [
            "ErrorImagetxtSelectDxh0010"
        ]
    },
    "ErrorImagetxtDxhSwipe0010": {
        "action": "Swipe",
        "begin": [
            200,
            500,
            10,
            10
        ],
        "end": [
            200,
            400,
            10,
            10
        ]
    },
    "ErrorImagetxtSelectDxh0010": {
        "recognition": "OCR",
        "expected": [
            "河南信息广播"
        ],
        "action": "Click",
        "post_wait_freezes": 1000,
        "post_delay": 500,
        "timeout": 20000,
        "on_error": "ErrorBackImagetxt",
        "next": [
            "ErrorImagetxtSwipeUpivl0010",
            "ErrorImagetxtSelectDxh2nd0010"
        ]
    },
    "ErrorImagetxtSelectDxh2nd0010": {
        "action": "Key",
        "key": 4,
        "next": [
            "ErrorImagetxtSelectDxh0010"
        ]
    },
    "ErrorImagetxtSwipeUpivl0010": {
        "recognition": "OCR",
        "expected": [
            "评论",
            "全部"
        ],
        "roi": [
            0,
            707,
            720,
            558
        ],
        "pre_delay": 200,
        "action": "Swipe",
        "begin": [
            200,
            1000,
            10,
            10
        ],
        "end": [
            200,
            650,
            10,
            10
        ],
        "duration": 300,
        "post_delay": 500,
        "post_wait_freezes": 200,
        "timeout": 20000,
        "on_error": "ErrorBackImagetxt",
        "next": [
            "ErrorImagetxtClickImagetxtPart0010"
        ]
    },
    "ErrorImagetxtClickImagetxtPart0010": {
        "recognition": "OCR",
        "expected": "图文",
        "action": "Click",
        "pre_wait_freezes": 200,
        "post_delay": 500,
        "timeout": 20000,
        "on_error": "ErrorBackImagetxt",
        "next": [
            "SwipeUpivl010010"
        ]
    },
    "SwipeUpivl010010": {
        "action": "Swipe",
        "begin": [
            50,
            1200,
            10,
            10
        ],
        "end": [
            50,
            280,
            10,
            10
        ],
        "duration": 1200,
        "timeout": 20000,
        "on_error": "ErrorBackImagetxt",
        "next": [
            "SwipeUpivl020010"
        ]
    },
    "SwipeUpivl020010": {
        "action": "Swipe",
        "begin": [
            50,
            1200,
            10,
            10
        ],
        "end": [
            50,
            280,
            10,
            10
        ],
        "duration": 1200,
        "timeout": 20000,
        "on_error": "ErrorBackImagetxt",
        "next": [
            "SwipeUpivl030010"
        ]
    },
    "SwipeUpivl030010": {
        "action": "Swipe",
        "begin": [
            50,
            1200,
            10,
            10
        ],
        "end": [
            50,
            280,
            10,
            10
        ],
        "duration": 1200,
        "timeout": 20000,
        "on_error": "ErrorBackImagetxt",
        "next": [
            "ClickIt10"
        ]
    },
    "ErrorImagetxt0011": {
        "enabled": true,
        "interrupt": [
            "Back"
        ],
        "next": [
            "ErrorImagetxt10011"
        ]
    },
    "ErrorImagetxt10011": {
        "recognition": "TemplateMatch",
        "template": [
            "wodes.png",
            "wodes_.png"
        ],
        "roi": [
            25,
            1162,
            679,
            98
        ],
        "action": "Click",
        "post_wait_freezes": 500,
        "post_delay": 500,
        "interrupt": [
            "Back"
        ],
        "next": [
            "Skip2",
            "ErrorImagetxtClickSubs0011"
        ]
    },
    "ErrorImagetxtClickSubs0011": {
        "recognition": "OCR",
        "expected": "关注",
        "action": "Click",
        "post_delay": 500,
        "interrupt": [
            "DxhSwipe"
        ],
        "timeout": 20000,
        "on_error": "ErrorBackImagetxt",
        "next": [
            "ErrorImagetxtSelectDxh0011"
        ]
    },
    "ErrorImagetxtDxhSwipe0011": {
        "action": "Swipe",
        "begin": [
            200,
            500,
            10,
            10
        ],
        "end": [
            200,
            400,
            10,
            10
        ]
    },
    "ErrorImagetxtSelectDxh0011": {
        "recognition": "OCR",
        "expected": [
            "河南信息广播"
        ],
        "action": "Click",
        "post_wait_freezes": 1000,
        "post_delay": 500,
        "timeout": 20000,
        "on_error": "ErrorBackImagetxt",
        "next": [
            "ErrorImagetxtSwipeUpivl0011",
            "ErrorImagetxtSelectDxh2nd0011"
        ]
    },
    "ErrorImagetxtSelectDxh2nd0011": {
        "action": "Key",
        "key": 4,
        "next": [
            "ErrorImagetxtSelectDxh0011"
        ]
    },
    "ErrorImagetxtSwipeUpivl0011": {
        "recognition": "OCR",
        "expected": [
            "评论",
            "全部"
        ],
        "roi": [
            0,
            707,
            720,
            558
        ],
        "pre_delay": 200,
        "action": "Swipe",
        "begin": [
            200,
            1000,
            10,
            10
        ],
        "end": [
            200,
            650,
            10,
            10
        ],
        "duration": 300,
        "post_delay": 500,
        "post_wait_freezes": 200,
        "timeout": 20000,
        "on_error": "ErrorBackImagetxt",
        "next": [
            "ErrorImagetxtClickImagetxtPart0011"
        ]
    },
    "ErrorImagetxtClickImagetxtPart0011": {
        "recognition": "OCR",
        "expected": "图文",
        "action": "Click",
        "pre_wait_freezes": 200,
        "post_delay": 500,
        "timeout": 20000,
        "on_error": "ErrorBackImagetxt",
        "next": [
            "SwipeUpivl010011"
        ]
    },
    "SwipeUpivl010011": {
        "action": "Swipe",
        "begin": [
            50,
            1200,
            10,
            10
        ],
        "end": [
            50,
            280,
            10,
            10
        ],
        "duration": 1200,
        "timeout": 20000,
        "on_error": "ErrorBackImagetxt",
        "next": [
            "SwipeUpivl020011"
        ]
    },
    "SwipeUpivl020011": {
        "action": "Swipe",
        "begin": [
            50,
            1200,
            10,
            10
        ],
        "end": [
            50,
            280,
            10,
            10
        ],
        "duration": 1200,
        "timeout": 20000,
        "on_error": "ErrorBackImagetxt",
        "next": [
            "SwipeUpivl030011"
        ]
    },
    "SwipeUpivl030011": {
        "action": "Swipe",
        "begin": [
            50,
            1200,
            10,
            10
        ],
        "end": [
            50,
            280,
            10,
            10
        ],
        "duration": 1200,
        "timeout": 20000,
        "on_error": "ErrorBackImagetxt",
        "next": [
            "ClickIt11"
        ]
    },
    "ErrorImagetxt0012": {
        "enabled": true,
        "interrupt": [
            "Back"
        ],
        "next": [
            "ErrorImagetxt10012"
        ]
    },
    "ErrorImagetxt10012": {
        "recognition": "TemplateMatch",
        "template": [
            "wodes.png",
            "wodes_.png"
        ],
        "roi": [
            25,
            1162,
            679,
            98
        ],
        "action": "Click",
        "post_wait_freezes": 500,
        "post_delay": 500,
        "interrupt": [
            "Back"
        ],
        "next": [
            "Skip2",
            "ErrorImagetxtClickSubs0012"
        ]
    },
    "ErrorImagetxtClickSubs0012": {
        "recognition": "OCR",
        "expected": "关注",
        "action": "Click",
        "post_delay": 500,
        "interrupt": [
            "DxhSwipe"
        ],
        "timeout": 20000,
        "on_error": "ErrorBackImagetxt",
        "next": [
            "ErrorImagetxtSelectDxh0012"
        ]
    },
    "ErrorImagetxtDxhSwipe0012": {
        "action": "Swipe",
        "begin": [
            200,
            500,
            10,
            10
        ],
        "end": [
            200,
            400,
            10,
            10
        ]
    },
    "ErrorImagetxtSelectDxh0012": {
        "recognition": "OCR",
        "expected": [
            "河南信息广播"
        ],
        "action": "Click",
        "post_wait_freezes": 1000,
        "post_delay": 500,
        "timeout": 20000,
        "on_error": "ErrorBackImagetxt",
        "next": [
            "ErrorImagetxtSwipeUpivl0012",
            "ErrorImagetxtSelectDxh2nd0012"
        ]
    },
    "ErrorImagetxtSelectDxh2nd0012": {
        "action": "Key",
        "key": 4,
        "next": [
            "ErrorImagetxtSelectDxh0012"
        ]
    },
    "ErrorImagetxtSwipeUpivl0012": {
        "recognition": "OCR",
        "expected": [
            "评论",
            "全部"
        ],
        "roi": [
            0,
            707,
            720,
            558
        ],
        "pre_delay": 200,
        "action": "Swipe",
        "begin": [
            200,
            1000,
            10,
            10
        ],
        "end": [
            200,
            650,
            10,
            10
        ],
        "duration": 300,
        "post_delay": 500,
        "post_wait_freezes": 200,
        "timeout": 20000,
        "on_error": "ErrorBackImagetxt",
        "next": [
            "ErrorImagetxtClickImagetxtPart0012"
        ]
    },
    "ErrorImagetxtClickImagetxtPart0012": {
        "recognition": "OCR",
        "expected": "图文",
        "action": "Click",
        "pre_wait_freezes": 200,
        "post_delay": 1000,
        "timeout": 20000,
        "on_error": "ErrorBackImagetxt",
        "next": [
            "SwipeUpivl010012"
        ]
    },
    "SwipeUpivl010012": {
        "action": "Swipe",
        "begin": [
            50,
            1200,
            10,
            10
        ],
        "end": [
            50,
            280,
            10,
            10
        ],
        "duration": 1200,
        "timeout": 20000,
        "on_error": "ErrorBackImagetxt",
        "next": [
            "SwipeUpivl020012"
        ]
    },
    "SwipeUpivl020012": {
        "action": "Swipe",
        "begin": [
            50,
            1200,
            10,
            10
        ],
        "end": [
            50,
            280,
            10,
            10
        ],
        "duration": 1200,
        "timeout": 20000,
        "on_error": "ErrorBackImagetxt",
        "next": [
            "SwipeUpivl030012"
        ]
    },
    "SwipeUpivl030012": {
        "action": "Swipe",
        "begin": [
            50,
            1200,
            10,
            10
        ],
        "end": [
            50,
            280,
            10,
            10
        ],
        "duration": 1200,
        "timeout": 20000,
        "on_error": "ErrorBackImagetxt",
        "next": [
            "ClickIt12"
        ]
    },
    "ErrorImagetxt0013": {
        "enabled": true,
        "interrupt": [
            "Back"
        ],
        "next": [
            "ErrorImagetxt10013"
        ]
    },
    "ErrorImagetxt10013": {
        "recognition": "TemplateMatch",
        "template": [
            "wodes.png",
            "wodes_.png"
        ],
        "roi": [
            25,
            1162,
            679,
            98
        ],
        "action": "Click",
        "post_wait_freezes": 500,
        "post_delay": 500,
        "interrupt": [
            "Back"
        ],
        "next": [
            "Skip2",
            "ErrorImagetxtClickSubs0013"
        ]
    },
    "ErrorImagetxtClickSubs0013": {
        "recognition": "OCR",
        "expected": "关注",
        "action": "Click",
        "post_delay": 500,
        "interrupt": [
            "DxhSwipe"
        ],
        "timeout": 20000,
        "on_error": "ErrorBackImagetxt",
        "next": [
            "ErrorImagetxtSelectDxh0013"
        ]
    },
    "ErrorImagetxtDxhSwipe0013": {
        "action": "Swipe",
        "begin": [
            200,
            500,
            10,
            10
        ],
        "end": [
            200,
            400,
            10,
            10
        ]
    },
    "ErrorImagetxtSelectDxh0013": {
        "recognition": "OCR",
        "expected": [
            "大象财富",
            "中波之家",
            "大象时政",
            "都市报道",
            "河南卫视"
        ],
        "action": "Click",
        "post_wait_freezes": 1000,
        "post_delay": 500,
        "timeout": 20000,
        "on_error": "ErrorBackImagetxt",
        "next": [
            "ErrorImagetxtSwipeUpivl0013",
            "ErrorImagetxtSelectDxh2nd0013"
        ]
    },
    "ErrorImagetxtSelectDxh2nd0013": {
        "action": "Key",
        "key": 4,
        "next": [
            "ErrorImagetxtSelectDxh0013"
        ]
    },
    "ErrorImagetxtSwipeUpivl0013": {
        "recognition": "OCR",
        "expected": [
            "评论",
            "全部"
        ],
        "roi": [
            0,
            707,
            720,
            558
        ],
        "pre_delay": 200,
        "action": "Swipe",
        "begin": [
            200,
            1000,
            10,
            10
        ],
        "end": [
            200,
            650,
            10,
            10
        ],
        "duration": 300,
        "post_delay": 500,
        "post_wait_freezes": 200,
        "timeout": 20000,
        "on_error": "ErrorBackImagetxt",
        "next": [
            "ErrorImagetxtClickImagetxtPart0013"
        ]
    },
    "ErrorImagetxtClickImagetxtPart0013": {
        "recognition": "OCR",
        "expected": "图文",
        "action": "Click",
        "pre_wait_freezes": 200,
        "post_delay": 500,
        "timeout": 20000,
        "on_error": "ErrorBackImagetxt",
        "next": [
            "ClickIt13"
        ]
    },
    "ErrorImagetxt0014": {
        "enabled": true,
        "interrupt": [
            "Back"
        ],
        "next": [
            "ErrorImagetxt10014"
        ]
    },
    "ErrorImagetxt10014": {
        "recognition": "TemplateMatch",
        "template": [
            "wodes.png",
            "wodes_.png"
        ],
        "roi": [
            25,
            1162,
            679,
            98
        ],
        "action": "Click",
        "post_wait_freezes": 500,
        "post_delay": 500,
        "interrupt": [
            "Back"
        ],
        "next": [
            "Skip2",
            "ErrorImagetxtClickSubs0014"
        ]
    },
    "ErrorImagetxtClickSubs0014": {
        "recognition": "OCR",
        "expected": "关注",
        "action": "Click",
        "post_delay": 500,
        "interrupt": [
            "DxhSwipe"
        ],
        "timeout": 20000,
        "on_error": "ErrorBackImagetxt",
        "next": [
            "ErrorImagetxtSelectDxh0014"
        ]
    },
    "ErrorImagetxtDxhSwipe0014": {
        "action": "Swipe",
        "begin": [
            200,
            500,
            10,
            10
        ],
        "end": [
            200,
            400,
            10,
            10
        ]
    },
    "ErrorImagetxtSelectDxh0014": {
        "recognition": "OCR",
        "expected": [
            "大象财富",
            "中波之家",
            "大象时政",
            "都市报道",
            "河南卫视"
        ],
        "action": "Click",
        "post_wait_freezes": 1000,
        "post_delay": 500,
        "timeout": 20000,
        "on_error": "ErrorBackImagetxt",
        "next": [
            "ErrorImagetxtSwipeUpivl0014",
            "ErrorImagetxtSelectDxh2nd0014"
        ]
    },
    "ErrorImagetxtSelectDxh2nd0014": {
        "action": "Key",
        "key": 4,
        "next": [
            "ErrorImagetxtSelectDxh0014"
        ]
    },
    "ErrorImagetxtSwipeUpivl0014": {
        "recognition": "OCR",
        "expected": [
            "评论",
            "全部"
        ],
        "roi": [
            0,
            707,
            720,
            558
        ],
        "pre_delay": 200,
        "action": "Swipe",
        "begin": [
            200,
            1000,
            10,
            10
        ],
        "end": [
            200,
            650,
            10,
            10
        ],
        "duration": 300,
        "post_delay": 500,
        "post_wait_freezes": 200,
        "timeout": 20000,
        "on_error": "ErrorBackImagetxt",
        "next": [
            "ErrorImagetxtClickImagetxtPart0014"
        ]
    },
    "ErrorImagetxtClickImagetxtPart0014": {
        "recognition": "OCR",
        "expected": "图文",
        "action": "Click",
        "pre_wait_freezes": 200,
        "post_delay": 500,
        "timeout": 20000,
        "on_error": "ErrorBackImagetxt",
        "next": [
            "ClickIt14"
        ]
    },
    "ErrorImagetxt0015": {
        "enabled": true,
        "interrupt": [
            "Back"
        ],
        "next": [
            "ErrorImagetxt10015"
        ]
    },
    "ErrorImagetxt10015": {
        "recognition": "TemplateMatch",
        "template": [
            "wodes.png",
            "wodes_.png"
        ],
        "roi": [
            25,
            1162,
            679,
            98
        ],
        "action": "Click",
        "post_wait_freezes": 500,
        "post_delay": 500,
        "interrupt": [
            "Back"
        ],
        "next": [
            "Skip2",
            "ErrorImagetxtClickSubs0015"
        ]
    },
    "ErrorImagetxtClickSubs0015": {
        "recognition": "OCR",
        "expected": "关注",
        "action": "Click",
        "post_delay": 500,
        "interrupt": [
            "DxhSwipe"
        ],
        "timeout": 20000,
        "on_error": "ErrorBackImagetxt",
        "next": [
            "ErrorImagetxtSelectDxh0015"
        ]
    },
    "ErrorImagetxtDxhSwipe0015": {
        "action": "Swipe",
        "begin": [
            200,
            500,
            10,
            10
        ],
        "end": [
            200,
            400,
            10,
            10
        ]
    },
    "ErrorImagetxtSelectDxh0015": {
        "recognition": "OCR",
        "expected": [
            "大象财富",
            "中波之家",
            "大象时政",
            "都市报道",
            "河南卫视"
        ],
        "action": "Click",
        "post_wait_freezes": 1000,
        "post_delay": 500,
        "timeout": 20000,
        "on_error": "ErrorBackImagetxt",
        "next": [
            "ErrorImagetxtSwipeUpivl0015",
            "ErrorImagetxtSelectDxh2nd0015"
        ]
    },
    "ErrorImagetxtSelectDxh2nd0015": {
        "action": "Key",
        "key": 4,
        "next": [
            "ErrorImagetxtSelectDxh0015"
        ]
    },
    "ErrorImagetxtSwipeUpivl0015": {
        "recognition": "OCR",
        "expected": [
            "评论",
            "全部"
        ],
        "roi": [
            0,
            707,
            720,
            558
        ],
        "pre_delay": 200,
        "action": "Swipe",
        "begin": [
            200,
            1000,
            10,
            10
        ],
        "end": [
            200,
            650,
            10,
            10
        ],
        "duration": 300,
        "post_delay": 500,
        "post_wait_freezes": 200,
        "timeout": 20000,
        "on_error": "ErrorBackImagetxt",
        "next": [
            "ErrorImagetxtClickImagetxtPart0015"
        ]
    },
    "ErrorImagetxtClickImagetxtPart0015": {
        "recognition": "OCR",
        "expected": "图文",
        "action": "Click",
        "pre_wait_freezes": 200,
        "post_delay": 500,
        "timeout": 20000,
        "on_error": "ErrorBackImagetxt",
        "next": [
            "ClickIt15"
        ]
    }
}