{
    "ErrorBackImagetxt": {
        "enabled": true,
        "focus": true,
        "focus_tip": "浏览图文出错，尝试恢复",
        "interrupt": [
            "Back"
        ],
        "next": [
            "MergeBrowsePublish000"
        ]
    },
    "ErrorBackVedio": {
        "enabled": true,
        "focus": true,
        "focus_tip": "浏览音视频出错，尝试恢复",
        "interrupt": [
            "Back"
        ],
        "next": [
            "ErrorGeneral"
        ]
    },
    "ErrorBackLive": {
        "enabled": true,
        "focus": true,
        "focus_tip": "观看直播出错，尝试恢复",
        "interrupt": [
            "Back"
        ],
        "next": [
            "ErrorGeneralLive"
        ]
    },
    "ErrorBackRadio": {
        "enabled": true,
        "focus": true,
        "focus_tip": "看电视听广播出错，尝试恢复",
        "interrupt": [
            "Back"
        ],
        "next": [
            "WatchVideoradio"
        ]
    },
    "ErrorBackPublish": {
        "enabled": true,
        "focus": true,
        "focus_tip": "发布作品出错，尝试恢复",
        "interrupt": [
            "Back"
        ],
        "next": [
            "Publish"
        ]
    },
    "ErrorBackPublishX2": {
        "enabled": true,
        "focus": true,
        "focus_tip": "发布作品X2出错，尝试恢复",
        "interrupt": [
            "Back"
        ],
        "next": [
            "PublishX2"
        ]
    },
    "MergeBrowsePublish000": {
        "enabled": true,
        "interrupt": [
            "Back"
        ],
        "next": [
            "MergeBrowsePublish1000"
        ]
    },
    "MergeBrowsePublish1000": {
        "recognition": "TemplateMatch",
        "template": [
            "wodes.png",
            "wodes_.png"
        ],
        "roi": [
            25,
            1162,
            679,
            98
        ],
        "action": "Click",
        "post_wait_freezes": 500,
        "post_delay": 500,
        "interrupt": [
            "Back"
        ],
        "next": [
            "Skip2",
            "ClickSubs000"
        ]
    },
    "ClickSubs000": {
        "recognition": "OCR",
        "expected": "关注",
        "action": "Click",
        "post_delay": 500,
        "interrupt": [
            "DxhSwipe"
        ],
        "timeout": 20000,
        "on_error": "ErrorBackImagetxt",
        "next": [
            "SelectDxh000"
        ]
    },
    "DxhSwipe000": {
        "action": "Swipe",
        "begin": [
            200,
            500,
            10,
            10
        ],
        "end": [
            200,
            400,
            10,
            10
        ]
    },
    "SelectDxh000": {
        "recognition": "OCR",
        "expected": [
            "大象新闻"
        ],
        "action": "Click",
        "post_wait_freezes": 1000,
        "post_delay": 500,
        "timeout": 20000,
        "on_error": "ErrorBackImagetxt",
        "next": [
            "SwipeUpivl",
            "SelectDxh2nd"
        ]
    },
    "ErrorGeneral": {
        "enabled": true,
        "interrupt": [
            "Back"
        ],
        "next": [
            "ErrorGeneral1"
        ]
    },
    "ErrorGeneral1": {
        "recognition": "TemplateMatch",
        "template": [
            "wodes.png",
            "wodes_.png"
        ],
        "roi": [
            25,
            1162,
            679,
            98
        ],
        "action": "Click",
        "post_wait_freezes": 500,
        "post_delay": 500,
        "interrupt": [
            "Back"
        ],
        "next": [
            "ErrorClickSubs"
        ]
    },
    "ErrorClickSubs": {
        "recognition": "OCR",
        "expected": "关注",
        "action": "Click",
        "post_delay": 500,
        "interrupt": [
            "DxhSwipe"
        ],
        "timeout": 20000,
        "on_error": "ErrorBackImagetxt",
        "next": [
            "ErrorSelectDxh"
        ]
    },
    "ErrorDxhSwipe": {
        "action": "Swipe",
        "begin": [
            200,
            500,
            10,
            10
        ],
        "end": [
            200,
            400,
            10,
            10
        ]
    },
    "ErrorSelectDxh": {
        "recognition": "OCR",
        "expected": [
            "河南信息广播"
        ],
        "action": "Click",
        "post_wait_freezes": 1000,
        "post_delay": 500,
        "timeout": 20000,
        "on_error": "ErrorBackImagetxt",
        "next": [
            "ErrorSwipeUpivl",
            "ErrorSelectDxh2nd"
        ]
    },
    "ErrorSelectDxh2nd": {
        "action": "Key",
        "key": 4,
        "next": [
            "ErrorSelectDxh"
        ]
    },
    "ErrorSwipeUpivl": {
        "recognition": "OCR",
        "expected": [
            "评论",
            "全部"
        ],
        "roi": [
            0,
            707,
            720,
            558
        ],
        "pre_delay": 200,
        "action": "Swipe",
        "begin": [
            200,
            1000,
            10,
            10
        ],
        "end": [
            200,
            650,
            10,
            10
        ],
        "duration": 300,
        "post_delay": 500,
        "post_wait_freezes": 200,
        "timeout": 20000,
        "on_error": "ErrorBackImagetxt",
        "next": [
            "ClickVideoPart"
        ]
    },
    "ErrorGeneralLive": {
        "enabled": true,
        "interrupt": [
            "Back"
        ],
        "next": [
            "ErrorGeneralLive1"
        ]
    },
    "ErrorGeneralLive1": {
        "recognition": "TemplateMatch",
        "template": [
            "wodes.png",
            "wodes_.png"
        ],
        "roi": [
            25,
            1162,
            679,
            98
        ],
        "action": "Click",
        "post_wait_freezes": 500,
        "post_delay": 500,
        "interrupt": [
            "Back"
        ],
        "next": [
            "ErrorClickSubsLive"
        ]
    },
    "ErrorClickSubsLive": {
        "recognition": "OCR",
        "expected": "关注",
        "action": "Click",
        "post_delay": 500,
        "interrupt": [
            "DxhSwipe"
        ],
        "timeout": 20000,
        "on_error": "ErrorBackImagetxt",
        "next": [
            "ErrorSelectDxhLive"
        ]
    },
    "ErrorDxhSwipeLive": {
        "action": "Swipe",
        "begin": [
            200,
            500,
            10,
            10
        ],
        "end": [
            200,
            400,
            10,
            10
        ]
    },
    "ErrorSelectDxhLive": {
        "recognition": "OCR",
        "expected": [
            "河南信息广播"
        ],
        "action": "Click",
        "post_wait_freezes": 1000,
        "post_delay": 500,
        "timeout": 20000,
        "on_error": "ErrorBackImagetxt",
        "next": [
            "ErrorSwipeUpivlLive",
            "ErrorSelectDxh2ndLive"
        ]
    },
    "ErrorSelectDxh2ndLive": {
        "action": "Key",
        "key": 4,
        "next": [
            "ErrorSelectDxhLive"
        ]
    },
    "ErrorSwipeUpivlLive": {
        "recognition": "OCR",
        "expected": [
            "评论",
            "全部"
        ],
        "roi": [
            0,
            707,
            720,
            558
        ],
        "pre_delay": 200,
        "action": "Swipe",
        "begin": [
            200,
            1000,
            10,
            10
        ],
        "end": [
            200,
            650,
            10,
            10
        ],
        "duration": 300,
        "post_delay": 500,
        "post_wait_freezes": 200,
        "timeout": 20000,
        "on_error": "ErrorBackImagetxt",
        "next": [
            "ClickLivePart"
        ]
    }
}