{
    "ErrorBackImagetxt": {
        "enabled": true,
        "focus": {
            "start": "浏览图文出错，尝试恢复"
        },
        "next": [
            "MergeBrowsePublish000",
            "[JumpBack]Back"
        ]
    },
    "ErrorBackVedio": {
        "enabled": true,
        "focus": {
            "start": "浏览音视频出错，尝试恢复"
        },
        "next": [
            "ErrorGeneral",
            "[JumpBack]Back"
        ]
    },
    "ErrorBackLive": {
        "enabled": true,
        "focus": {
            "start": "观看直播出错，尝试恢复"
        },
        "next": [
            "ErrorGeneralLive",
            "[JumpBack]Back"
        ]
    },
    "MergeBrowsePublish000": {
        "enabled": true,
        "next": [
            "MergeBrowsePublish1000",
            "[JumpBack]Back"
        ]
    },
    "MergeBrowsePublish1000": {
        "recognition": "TemplateMatch",
        "template": [
            "wodes.png",
            "wodes_.png"
        ],
        "roi": [
            25,
            1162,
            679,
            98
        ],
        "action": "Click",
        "post_wait_freezes": 500,
        "post_delay": 500,
        "next": [
            "Skip2",
            "ClickSubs000",
            "[JumpBack]Back"
        ]
    },
    "ClickSubs000": {
        "recognition": "OCR",
        "expected": "关注",
        "action": "Click",
        "post_delay": 500,
        "timeout": 20000,
        "on_error": ["ErrorBackImagetxt"],
        "next": [
            "SelectDxh000",
            "[JumpBack]DxhSwipe"
        ]
    },
    "DxhSwipe000": {
        "action": "Swipe",
        "begin": [
            200,
            500,
            10,
            10
        ],
        "end": [
            200,
            400,
            10,
            10
        ]
    },
    "SelectDxh000": {
        "recognition": "OCR",
        "expected": [
            "河南信息广播"
        ],
        "action": "Click",
        "post_wait_freezes": 1000,
        "post_delay": 500,
        "timeout": 20000,
        "on_error": ["ErrorBackImagetxt"],
        "next": [
            "SwipeUpivl",
            "SelectDxh2nd"
        ]
    },
    "ErrorGeneral": {
        "enabled": true,
        "next": [
            "ErrorGeneral1",
            "[JumpBack]Back"
        ]
    },
    "ErrorGeneral1": {
        "recognition": "TemplateMatch",
        "template": [
            "wodes.png",
            "wodes_.png"
        ],
        "roi": [
            25,
            1162,
            679,
            98
        ],
        "action": "Click",
        "post_wait_freezes": 500,
        "post_delay": 500,
        "next": [
            "ErrorClickSubs",
            "[JumpBack]Back"
        ]
    },
    "ErrorClickSubs": {
        "recognition": "OCR",
        "expected": "关注",
        "action": "Click",
        "post_delay": 500,
        "timeout": 20000,
        "on_error": ["ErrorBackImagetxt"],
        "next": [
            "ErrorSelectDxh",
            "[JumpBack]DxhSwipe"
        ]
    },
    "ErrorDxhSwipe": {
        "action": "Swipe",
        "begin": [
            200,
            500,
            10,
            10
        ],
        "end": [
            200,
            400,
            10,
            10
        ]
    },
    "ErrorSelectDxh": {
        "recognition": "OCR",
        "expected": [
            "河南信息广播"
        ],
        "action": "Click",
        "post_wait_freezes": 1000,
        "post_delay": 500,
        "timeout": 20000,
        "on_error": ["ErrorBackImagetxt"],
        "next": [
            "ErrorSwipeUpivl",
            "ErrorSelectDxh2nd"
        ]
    },
    "ErrorSelectDxh2nd": {
        "action": "Key",
        "key": 4,
        "next": [
            "ErrorSelectDxh"
        ]
    },
    "ErrorSwipeUpivl": {
        "recognition": "OCR",
        "expected": [
            "评论",
            "全部"
        ],
        "roi": [
            0,
            707,
            720,
            558
        ],
        "pre_delay": 200,
        "action": "Swipe",
        "begin": [
            200,
            1000,
            10,
            10
        ],
        "end": [
            200,
            650,
            10,
            10
        ],
        "duration": 300,
        "post_delay": 500,
        "post_wait_freezes": 200,
        "timeout": 20000,
        "on_error": ["ErrorBackImagetxt"],
        "next": []
    },
    "ErrorGeneralLive": {
        "enabled": true,
        "next": [
            "ErrorGeneralLive1",
            "[JumpBack]Back"
        ]
    },
    "ErrorGeneralLive1": {
        "recognition": "TemplateMatch",
        "template": [
            "wodes.png",
            "wodes_.png"
        ],
        "roi": [
            25,
            1162,
            679,
            98
        ],
        "action": "Click",
        "post_wait_freezes": 500,
        "post_delay": 500,
        "next": [
            "ErrorClickSubsLive",
            "[JumpBack]Back"
        ]
    },
    "ErrorClickSubsLive": {
        "recognition": "OCR",
        "expected": "关注",
        "action": "Click",
        "post_delay": 500,
        "timeout": 20000,
        "on_error": ["ErrorBackImagetxt"],
        "next": [
            "ErrorSelectDxhLive",
            "[JumpBack]DxhSwipe"
        ]
    },
    "ErrorDxhSwipeLive": {
        "action": "Swipe",
        "begin": [
            200,
            500,
            10,
            10
        ],
        "end": [
            200,
            400,
            10,
            10
        ]
    },
    "ErrorSelectDxhLive": {
        "recognition": "OCR",
        "expected": [
            "河南信息广播"
        ],
        "action": "Click",
        "post_wait_freezes": 1000,
        "post_delay": 500,
        "timeout": 20000,
        "on_error": ["ErrorBackImagetxt"],
        "next": [
            "ErrorSwipeUpivlLive",
            "ErrorSelectDxh2ndLive"
        ]
    },
    "ErrorSelectDxh2ndLive": {
        "action": "Key",
        "key": 4,
        "next": [
            "ErrorSelectDxhLive"
        ]
    },
    "ErrorSwipeUpivlLive": {
        "recognition": "OCR",
        "expected": [
            "评论",
            "全部"
        ],
        "roi": [
            0,
            707,
            720,
            558
        ],
        "pre_delay": 200,
        "action": "Swipe",
        "begin": [
            200,
            1000,
            10,
            10
        ],
        "end": [
            200,
            650,
            10,
            10
        ],
        "duration": 300,
        "post_delay": 500,
        "post_wait_freezes": 200,
        "timeout": 20000,
        "on_error": ["ErrorBackImagetxt"],
        "next": []
    }
}
