{
    "GetPoints": {
        "enabled": true,
        "interrupt": [
            "Back"
        ],
        "next": [
            "GetPoints1"
        ]
    },
    "GetPoints1": {
        "recognition": "TemplateMatch",
        "template": [
            "wodes.png",
            "wodes_.png"
        ],
        "roi": [
            25,
            1162,
            679,
            98
        ],
        "action": "Click",
        "post_wait_freezes": 500,
        "post_delay": 1000,
        "interrupt": [
            "Back"
        ],
        "next": [
            "我的积分gp"
        ]
    },
    "我的积分gp": {
        "recognition": "OCR",
        "expected": "我的积分",
        "action": "Click",
        "post_delay": 2000,
        "next": [
            "向上滑动gp"
        ]
    },
    "向上滑动gp": {
        "action": "Swipe",
        "begin": [
            200,
            1200,
            10,
            10
        ],
        "end": [
            200,
            100,
            10,
            10
        ],
        "post_delay": 1000,
        "next": [
            "领取积分"
        ]
    },
    "领取积分": {
        "recognition": "TemplateMatch",
        "template": "领取.png",
        "roi": [
            0,
            138,
            719,
            216
        ],
        "action": "Click",
        "post_delay": 1000,
        "next": [
            "Back"
        ]
    }
}