{
    "InputmethodCheck00": {
        "enabled": true,
        "post_delay": 1000,
        "interrupt": [
            "Back"
        ],
        "next": [
            "InputmethodHome"
        ]
    },
    "InputmethodHome": {
        "recognition": "TemplateMatch",
        "template": [
            "首页.png",
            "首页0.png"
        ],
        "action": "Click",
        "focus": true,
        "focus_succeeded": "开始输入法检测",
        "next": [
            "InputmethodBox1"
        ]
    },
    "InputmethodBox1": {
        "recognition": "OCR",
        "expected": "象小AI",
        "roi": [
            0,
            0,
            720,
            190
        ],
        "action": "Click",
        "post_delay": 200,
        "next": [
            "InputmethodBox2"
        ]
    },
    "InputmethodBox2": {
        "recognition": "OCR",
        "expected": "请输入您的问题",
        "roi": [
            1,
            1140,
            719,
            125
        ],
        "action": "Click",
        "post_delay": 200,
        "next": [
            "InputmethodCheck",
            "InputmethodCheck0"
        ]
    },
    "InputmethodCheck": {
        "recognition": "TemplateMatch",
        "template": "keyboard.png",
        "roi": [
            0,
            0,
            189,
            45
        ],
        "action": "Swipe",
        "begin": [
            97,
            22,
            10,
            10
        ],
        "end": [
            97,
            850,
            10,
            10
        ],
        "duration": 500,
        "next": [
            "ClickInputmethod"
        ]
    },
    "InputmethodCheck0": {
        "action": "Swipe",
        "begin": [
            97,
            22,
            10,
            10
        ],
        "end": [
            97,
            850,
            10,
            10
        ],
        "duration": 500,
        "next": [
            "ClickInputmethod"
        ]
    },
    "ClickInputmethod": {
        "recognition": "OCR",
        "expected": [
            "选择输入法",
            "英语"
        ],
        "action": "Click",
        "post_delay": 2000,
        "next": [
            "SelectInputmethod"
        ]
    },
    "SelectInputmethod": {
        "recognition": "OCR",
        "expected": [
            "讯飞输入法",
            "搜狗输入法"
        ],
        "action": "Click",
        "post_delay": 1000,
        "focus": true,
        "focus_succeeded": "输入法已开启",
        "next": [
            "Stop"
        ]
    }
}