{
    "MergeBrowsePublish": {
        "enabled": true,
        "next": [
            "MergeBrowsePublish1",
            "[JumpBack]Back"
        ]
    },
    "MergeBrowsePublish1": {
        "recognition": "TemplateMatch",
        "template": [
            "wodes.png",
            "wodes_.png"
        ],
        "roi": [
            25,
            1162,
            679,
            98
        ],
        "action": "Click",
        "post_wait_freezes": 500,
        "post_delay": 500,
        "next": [
            "Skip2",
            "ClickSubs",
            "[JumpBack]Back"
        ]
    },
    "ClickSubs": {
        "recognition": "OCR",
        "expected": "关注",
        "action": "Click",
        "post_delay": 8000,
        "timeout": 20000,
        "on_error": ["ErrorBackImagetxt"],
        "next": [
            "CheckSubs",
            "MergeSubsBack"
        ]
    },
    "MergeSubsBack": {
        "action": "Key",
        "key": 4,
        "next": [
            "ClickSubs"
        ]
    },
    "CheckSubs": {
        "recognition": "OCR",
        "expected": [
            "已关注",
            "互相关注"
        ],
        "post_delay": 2000,
        "next": [
            "SelectDxh",
            "[JumpBack]DxhSwipe"
        ]
    },
    "DxhSwipe": {
        "action": "Swipe",
        "begin": [
            200,
            500,
            10,
            10
        ],
        "end": [
            200,
            400,
            10,
            10
        ]
    },
    "SelectDxh": {
        "recognition": "OCR",
        "expected": [
            "河南信息广播"
        ],
        "action": "Click",
        "post_wait_freezes": 1000,
        "post_delay": 1000,
        "timeout": 20000,
        "on_error": ["ErrorBackImagetxt"],
        "focus": {
            "succeeded": "识别进入大象号成功",
            "failed": "识别进入大象号失败，请检查所选账号是否在关注列表"
        },
        "next": [
            "SwipeUpivl",
            "SelectDxh2nd"
        ]
    },
    "SelectDxh2nd": {
        "action": "Key",
        "key": 4,
        "next": [
            "SelectDxh"
        ]
    },
    "SwipeUpivl": {
        "recognition": "OCR",
        "expected": [
            "评论",
            "全部"
        ],
        "roi": [
            0,
            707,
            720,
            558
        ],
        "pre_delay": 200,
        "action": "Swipe",
        "begin": [
            200,
            1000,
            10,
            10
        ],
        "end": [
            200,
            650,
            10,
            10
        ],
        "duration": 300,
        "post_delay": 500,
        "post_wait_freezes": 200,
        "timeout": 20000,
        "on_error": ["ErrorBackImagetxt"],
        "next": [
            "ClickImagetxtPart"
        ]
    },
    "ClickImagetxtPart": {
        "recognition": "OCR",
        "expected": "图文",
        "action": "Click",
        "pre_wait_freezes": 200,
        "post_delay": 500,
        "timeout": 20000,
        "on_error": ["ErrorBackImagetxt"],
        "focus": {
            "succeeded": "开始执行浏览任务"
        },
        "next": [
            "ClickIt01"
        ]
    },
    "ClickIt01": {
        "recognition": "OCR",
        "expected": [
            "阅读量\\d+",
            "评论\\d+",
            "\\d+评论",
            "\\d+点赞",
            "\\d+分享"
        ],
        "roi": [
            15,
            228,
            693,
            320
        ],
        "action": "Click",
        "post_delay": 500,
        "timeout": 20000,
        "on_error": ["ErrorImagetxt001"],
        "next": [
            "ImagetxtLike"
        ]
    },
    "ImagetxtLike": {
        "recognition": "TemplateMatch",
        "template": [
            "点赞.png",
            "点赞1.png",
            "like0.png",
            "like1.png"
        ],
        "roi": [
            405,
            1188,
            310,
            75
        ],
        "action": "Click",
        "target": [
            652,
            1210,
            38,
            42
        ],
        "timeout": 20000,
        "on_error": ["ErrorImagetxt001"],
        "next": [
            "ImagetxtFavorite"
        ]
    },
    "ImagetxtFavorite": {
        "recognition": "TemplateMatch",
        "template": [
            "收藏.png",
            "收藏1.png"
        ],
        "roi": [
            405,
            1188,
            310,
            75
        ],
        "action": "Click",
        "target": [
            501,
            1208,
            42,
            44
        ],
        "post_wait_freezes": 1000,
        "timeout": 20000,
        "on_error": ["ErrorImagetxt001"],
        "next": [
            "ImagetxtShare"
        ]
    },
    "ImagetxtShare": {
        "recognition": "TemplateMatch",
        "template": "分享.png",
        "action": "Click",
        "post_delay": 500,
        "timeout": 20000,
        "on_error": ["ErrorImagetxt001"],
        "next": [
            "ShareToQQ"
        ]
    },
    "ShareToQQ": {
        "recognition": "OCR",
        "expected": "QQ",
        "roi": [1, 387, 719, 893],
        "action": "Click",
        "timeout": 20000,
        "on_error": ["ErrorImagetxt001"],
        "post_delay": 2000,
        "next": [
            "ShareToQQSuccess",
            "ImagetxtComment"
        ]
    },
    "ShareToQQSuccess": {
        "recognition": "OCR",
        "expected": [
            "完成分享积分+8",
            "分享操作正在后台进行"
        ],
        "post_delay": 500,
        "timeout": 20000,
        "on_error": ["ErrorImagetxt001"],
        "next": [
            "ImagetxtComment"
        ]
    },
    "ImagetxtComment": {
        "recognition": "OCR",
        "expected": [
            "期待你",
            "的评论"
        ],
        "roi": [
            50,
            1215,
            300,
            30
        ],
        "action": "Click",
        "target": [
            50,
            1215,
            300,
            30
        ],
        "timeout": 20000,
        "on_error": ["ErrorImagetxt001"],
        "next": [
            "InputComment",
            "[JumpBack]InputmethodCheck",
            "[JumpBack]InputmethodCheck0"
        ]
    },
    "InputComment": {
        "recognition": "TemplateMatch",
        "template": "大象新语.png",
        "action": "Click",
        "timeout": 20000,
        "on_error": ["ErrorImagetxt001"],
        "next": [
            "InputCommentD"
        ]
    },
    "InputCommentD": {
        "recognition": "TemplateMatch",
        "template": "大象新语.png",
        "action": "Click",
        "target": [
            42,
            476,
            1,
            1
        ],
        "next": [
            "SendComment"
        ]
    },
    "SendComment": {
        "recognition": "TemplateMatch",
        "template": "发表.png",
        "action": "Click",
        "post_delay": 800,
        "timeout": 20000,
        "on_error": ["ErrorImagetxt001"],
        "next": [
            "RepetitiveContent",
            "ResetLike"
        ]
    },
    "RepetitiveContent": {
        "recognition": "OCR",
        "expected": [
            "不能发表重复内容",
            "重复内容",
            "复制粘贴",
            "一样哦"
        ],
        "post_delay": 2000,
        "timeout": 20000,
        "on_error": ["ErrorImagetxt001"],
        "next": [
            "ImagetxtComment",
            "ResetLike"
        ]
    },
    "ResetLike": {
        "action": "Click",
        "target": [
            652,
            1210,
            38,
            42
        ],
        "post_delay": 800,
        "timeout": 20000,
        "on_error": ["ErrorImagetxt001"],
        "next": [
            "ResetFavorite"
        ]
    },
    "ResetFavorite": {
        "action": "Click",
        "target": [
            501,
            1208,
            42,
            44
        ],
        "post_delay": 800,
        "timeout": 20000,
        "on_error": ["ErrorImagetxt001"],
        "next": [
            "BrowseImagetxtBack"
        ]
    },
    "BrowseImagetxtBack": {
        "action": "Key",
        "key": 4,
        "post_delay": 800,
        "timeout": 20000,
        "on_error": ["ErrorImagetxt001"],
        "next": [
            "ClickIt02"
        ]
    },
    "ClickIt02": {
        "recognition": "OCR",
        "expected": [
            "阅读量\\d+",
            "评论\\d+",
            "\\d+评论",
            "\\d+点赞",
            "\\d+分享"
        ],
        "roi": [
            15,
            536,
            695,
            318
        ],
        "action": "Click",
        "post_delay": 500,
        "timeout": 20000,
        "on_error": ["ErrorImagetxt002"],
        "next": [
            "ImagetxtLike02"
        ]
    },
    "ImagetxtLike02": {
        "recognition": "TemplateMatch",
        "template": [
            "点赞.png",
            "点赞1.png",
            "like0.png",
            "like1.png"
        ],
        "roi": [
            405,
            1188,
            310,
            75
        ],
        "action": "Click",
        "target": [
            652,
            1210,
            38,
            42
        ],
        "timeout": 20000,
        "on_error": ["ErrorImagetxt002"],
        "next": [
            "ImagetxtFavorite02"
        ]
    },
    "ImagetxtFavorite02": {
        "recognition": "TemplateMatch",
        "template": [
            "收藏.png",
            "收藏1.png"
        ],
        "roi": [
            405,
            1188,
            310,
            75
        ],
        "action": "Click",
        "target": [
            501,
            1208,
            42,
            44
        ],
        "timeout": 20000,
        "on_error": ["ErrorImagetxt002"],
        "next": [
            "ImagetxtShare02"
        ]
    },
    "ImagetxtShare02": {
        "recognition": "TemplateMatch",
        "template": "分享.png",
        "action": "Click",
        "post_delay": 500,
        "timeout": 20000,
        "on_error": ["ErrorImagetxt002"],
        "next": [
            "ShareToQQ02"
        ]
    },
    "ShareToQQ02": {
        "recognition": "OCR",
        "expected": "QQ",
        "roi": [1, 387, 719, 893],
        "action": "Click",
        "timeout": 20000,
        "on_error": ["ErrorImagetxt002"],
        "post_delay": 2000,
        "next": [
            "ShareToQQSuccess02",
            "ImagetxtComment02"
        ]
    },
    "ShareToQQSuccess02": {
        "recognition": "OCR",
        "expected": [
            "完成分享积分+8",
            "分享操作正在后台进行"
        ],
        "post_delay": 500,
        "timeout": 20000,
        "on_error": ["ErrorImagetxt002"],
        "next": [
            "ImagetxtComment02"
        ]
    },
    "ImagetxtComment02": {
        "recognition": "OCR",
        "expected": [
            "期待你",
            "的评论"
        ],
        "roi": [
            50,
            1215,
            300,
            30
        ],
        "action": "Click",
        "target": [
            50,
            1215,
            300,
            30
        ],
        "timeout": 20000,
        "on_error": ["ErrorImagetxt002"],
        "next": [
            "InputComment02"
        ]
    },
    "InputComment02": {
        "recognition": "TemplateMatch",
        "template": "大象新语.png",
        "action": "Click",
        "timeout": 20000,
        "on_error": ["ErrorImagetxt002"],
        "next": [
            "InputCommentD02"
        ]
    },
    "InputCommentD02": {
        "recognition": "TemplateMatch",
        "template": "大象新语.png",
        "action": "Click",
        "target": [
            42,
            476,
            1,
            1
        ],
        "next": [
            "SendComment02"
        ]
    },
    "SendComment02": {
        "recognition": "TemplateMatch",
        "template": "发表.png",
        "action": "Click",
        "post_delay": 800,
        "timeout": 20000,
        "on_error": ["ErrorImagetxt002"],
        "next": [
            "RepetitiveContent02",
            "ResetLike02"
        ]
    },
    "RepetitiveContent02": {
        "recognition": "OCR",
        "expected": [
            "不能发表重复内容",
            "重复内容",
            "复制粘贴",
            "一样哦"
        ],
        "post_delay": 2000,
        "timeout": 20000,
        "on_error": ["ErrorImagetxt002"],
        "next": [
            "ImagetxtComment02",
            "ResetLike02"
        ]
    },
    "ResetLike02": {
        "action": "Click",
        "target": [
            652,
            1210,
            38,
            42
        ],
        "post_delay": 800,
        "timeout": 20000,
        "on_error": ["ErrorImagetxt002"],
        "next": [
            "ResetFavorite02"
        ]
    },
    "ResetFavorite02": {
        "action": "Click",
        "target": [
            501,
            1208,
            42,
            44
        ],
        "post_delay": 800,
        "timeout": 20000,
        "on_error": ["ErrorImagetxt002"],
        "next": [
            "BrowseImagetxtBack02"
        ]
    },
    "BrowseImagetxtBack02": {
        "action": "Key",
        "key": 4,
        "post_delay": 800,
        "timeout": 20000,
        "on_error": ["ErrorImagetxt002"],
        "next": [
            "ClickIt03"
        ]
    },
    "ClickIt03": {
        "recognition": "OCR",
        "expected": [
            "阅读量\\d+",
            "评论\\d+",
            "\\d+评论",
            "\\d+点赞",
            "\\d+分享"
        ],
        "roi": [
            15,
            856,
            696,
            308
        ],
        "action": "Click",
        "post_delay": 500,
        "timeout": 20000,
        "on_error": ["ErrorImagetxt003"],
        "next": [
            "ImagetxtLike03"
        ]
    },
    "ImagetxtLike03": {
        "recognition": "TemplateMatch",
        "template": [
            "点赞.png",
            "点赞1.png",
            "like0.png",
            "like1.png"
        ],
        "roi": [
            405,
            1188,
            310,
            75
        ],
        "action": "Click",
        "target": [
            652,
            1210,
            38,
            42
        ],
        "timeout": 20000,
        "on_error": ["ErrorImagetxt003"],
        "next": [
            "ImagetxtFavorite03"
        ]
    },
    "ImagetxtFavorite03": {
        "recognition": "TemplateMatch",
        "template": [
            "收藏.png",
            "收藏1.png"
        ],
        "roi": [
            405,
            1188,
            310,
            75
        ],
        "action": "Click",
        "target": [
            501,
            1208,
            42,
            44
        ],
        "timeout": 20000,
        "on_error": ["ErrorImagetxt003"],
        "next": [
            "ImagetxtShare03"
        ]
    },
    "ImagetxtShare03": {
        "recognition": "TemplateMatch",
        "template": "分享.png",
        "action": "Click",
        "post_delay": 500,
        "timeout": 20000,
        "on_error": ["ErrorImagetxt003"],
        "next": [
            "ShareToQQ03"
        ]
    },
    "ShareToQQ03": {
        "recognition": "OCR",
        "expected": "QQ",
        "roi": [1, 387, 719, 893],
        "action": "Click",
        "timeout": 20000,
        "on_error": ["ErrorImagetxt003"],
        "post_delay": 2000,
        "next": [
            "ShareToQQSuccess03",
            "ImagetxtComment03"
        ]
    },
    "ShareToQQSuccess03": {
        "recognition": "OCR",
        "expected": [
            "完成分享积分+8",
            "分享操作正在后台进行"
        ],
        "post_delay": 500,
        "timeout": 20000,
        "on_error": ["ErrorImagetxt003"],
        "next": [
            "ImagetxtComment03"
        ]
    },
    "ImagetxtComment03": {
        "recognition": "OCR",
        "expected": [
            "期待你",
            "的评论"
        ],
        "roi": [
            50,
            1215,
            300,
            30
        ],
        "action": "Click",
        "target": [
            50,
            1215,
            300,
            30
        ],
        "timeout": 20000,
        "on_error": ["ErrorImagetxt003"],
        "next": [
            "InputComment03"
        ]
    },
    "InputComment03": {
        "recognition": "TemplateMatch",
        "template": "大象新语.png",
        "action": "Click",
        "timeout": 20000,
        "on_error": ["ErrorImagetxt003"],
        "next": [
            "InputCommentD03"
        ]
    },
    "InputCommentD03": {
        "recognition": "TemplateMatch",
        "template": "大象新语.png",
        "action": "Click",
        "target": [
            42,
            476,
            1,
            1
        ],
        "next": [
            "SendComment03"
        ]
    },
    "SendComment03": {
        "recognition": "TemplateMatch",
        "template": "发表.png",
        "action": "Click",
        "post_delay": 800,
        "timeout": 20000,
        "on_error": ["ErrorImagetxt003"],
        "next": [
            "RepetitiveContent03",
            "ResetLike03"
        ]
    },
    "RepetitiveContent03": {
        "recognition": "OCR",
        "expected": [
            "不能发表重复内容",
            "重复内容",
            "复制粘贴",
            "一样哦"
        ],
        "post_delay": 2000,
        "timeout": 20000,
        "on_error": ["ErrorImagetxt003"],
        "next": [
            "ImagetxtComment03",
            "ResetLike03"
        ]
    },
    "ResetLike03": {
        "action": "Click",
        "target": [
            652,
            1210,
            38,
            42
        ],
        "post_delay": 800,
        "timeout": 20000,
        "on_error": ["ErrorImagetxt003"],
        "next": [
            "ResetFavorite03"
        ]
    },
    "ResetFavorite03": {
        "action": "Click",
        "target": [
            501,
            1208,
            42,
            44
        ],
        "post_delay": 800,
        "timeout": 20000,
        "on_error": ["ErrorImagetxt003"],
        "next": [
            "BrowseImagetxtBack03"
        ]
    },
    "BrowseImagetxtBack03": {
        "action": "Key",
        "key": 4,
        "post_delay": 800,
        "timeout": 20000,
        "on_error": ["ErrorImagetxt003"],
        "next": [
            "SwipeUpivl01"
        ]
    },
    "SwipeUpivl01": {
        "action": "Swipe",
        "begin": [
            50,
            1200,
            10,
            10
        ],
        "end": [
            50,
            280,
            10,
            10
        ],
        "duration": 1200,
        "timeout": 20000,
        "on_error": ["ErrorImagetxt004"],
        "next": [
            "ClickIt04"
        ]
    },
    "ClickIt04": {
        "recognition": "OCR",
        "expected": [
            "阅读量\\d+",
            "评论\\d+",
            "\\d+评论",
            "\\d+点赞",
            "\\d+分享"
        ],
        "roi": [
            15,
            228,
            693,
            303
        ],
        "action": "Click",
        "post_delay": 500,
        "timeout": 20000,
        "on_error": ["ErrorImagetxt004"],
        "next": [
            "ImagetxtLike04"
        ]
    },
    "ImagetxtLike04": {
        "recognition": "TemplateMatch",
        "template": [
            "点赞.png",
            "点赞1.png",
            "like0.png",
            "like1.png"
        ],
        "roi": [
            405,
            1188,
            310,
            75
        ],
        "action": "Click",
        "target": [
            652,
            1210,
            38,
            42
        ],
        "timeout": 20000,
        "on_error": ["ErrorImagetxt004"],
        "next": [
            "ImagetxtFavorite04"
        ]
    },
    "ImagetxtFavorite04": {
        "recognition": "TemplateMatch",
        "template": [
            "收藏.png",
            "收藏1.png"
        ],
        "roi": [
            405,
            1188,
            310,
            75
        ],
        "action": "Click",
        "target": [
            501,
            1208,
            42,
            44
        ],
        "timeout": 20000,
        "on_error": ["ErrorImagetxt004"],
        "next": [
            "ImagetxtShare04"
        ]
    },
    "ImagetxtShare04": {
        "recognition": "TemplateMatch",
        "template": "分享.png",
        "action": "Click",
        "post_delay": 500,
        "timeout": 20000,
        "on_error": ["ErrorImagetxt004"],
        "next": [
            "ShareToQQ04"
        ]
    },
    "ShareToQQ04": {
        "recognition": "OCR",
        "expected": "QQ",
        "roi": [1, 387, 719, 893],
        "action": "Click",
        "timeout": 20000,
        "on_error": ["ErrorImagetxt004"],
        "post_delay": 2000,
        "next": [
            "ShareToQQSuccess04",
            "ImagetxtComment04"
        ]
    },
    "ShareToQQSuccess04": {
        "recognition": "OCR",
        "expected": [
            "完成分享积分+8",
            "分享操作正在后台进行"
        ],
        "post_delay": 500,
        "timeout": 20000,
        "on_error": ["ErrorImagetxt004"],
        "next": [
            "ImagetxtComment04"
        ]
    },
    "ImagetxtComment04": {
        "recognition": "OCR",
        "expected": [
            "期待你",
            "的评论"
        ],
        "roi": [
            50,
            1215,
            300,
            30
        ],
        "action": "Click",
        "target": [
            50,
            1215,
            300,
            30
        ],
        "timeout": 20000,
        "on_error": ["ErrorImagetxt004"],
        "next": [
            "InputComment04"
        ]
    },
    "InputComment04": {
        "recognition": "TemplateMatch",
        "template": "大象新语.png",
        "action": "Click",
        "timeout": 20000,
        "on_error": ["ErrorImagetxt004"],
        "next": [
            "InputCommentD04"
        ]
    },
    "InputCommentD04": {
        "recognition": "TemplateMatch",
        "template": "大象新语.png",
        "action": "Click",
        "target": [
            42,
            476,
            1,
            1
        ],
        "next": [
            "SendComment04"
        ]
    },
    "SendComment04": {
        "recognition": "TemplateMatch",
        "template": "发表.png",
        "action": "Click",
        "post_delay": 800,
        "timeout": 20000,
        "on_error": ["ErrorImagetxt004"],
        "next": [
            "RepetitiveContent04",
            "WaitComment04",
            "ResetLike04"
        ]
    },
    "WaitComment04":{
        "recognition": "OCR",
        "expected": [
            "停一停",
            "好评论需要慢慢酝酿"
        ],
        "post_delay": 60000,
        "next": [
            "ImagetxtComment04",
            "ResetLike"
        ]
    },
    "RepetitiveContent04": {
        "recognition": "OCR",
        "expected": [
            "不能发表重复内容",
            "重复内容",
            "复制粘贴",
            "一样哦"
        ],
        "post_delay": 2000,
        "timeout": 20000,
        "on_error": ["ErrorImagetxt004"],
        "next": [
            "ImagetxtComment04",
            "ResetLike04"
        ]
    },
    "ResetLike04": {
        "action": "Click",
        "target": [
            652,
            1210,
            38,
            42
        ],
        "post_delay": 800,
        "timeout": 20000,
        "on_error": ["ErrorImagetxt004"],
        "next": [
            "ResetFavorite04"
        ]
    },
    "ResetFavorite04": {
        "action": "Click",
        "target": [
            501,
            1208,
            42,
            44
        ],
        "post_delay": 800,
        "timeout": 20000,
        "on_error": ["ErrorImagetxt004"],
        "next": [
            "BrowseImagetxtBack04"
        ]
    },
    "BrowseImagetxtBack04": {
        "action": "Key",
        "key": 4,
        "post_delay": 800,
        "timeout": 20000,
        "on_error": ["ErrorImagetxt005"],
        "next": [
            "ClickIt05"
        ]
    },
    "ClickIt05": {
        "recognition": "OCR",
        "expected": [
            "阅读量\\d+",
            "评论\\d+",
            "\\d+评论",
            "\\d+点赞",
            "\\d+分享"
        ],
        "roi": [
            15,
            536,
            695,
            318
        ],
        "action": "Click",
        "post_delay": 500,
        "timeout": 20000,
        "on_error": ["ErrorImagetxt005"],
        "next": [
            "ImagetxtLike05"
        ]
    },
    "ImagetxtLike05": {
        "recognition": "TemplateMatch",
        "template": [
            "点赞.png",
            "点赞1.png",
            "like0.png",
            "like1.png"
        ],
        "roi": [
            405,
            1188,
            310,
            75
        ],
        "action": "Click",
        "target": [
            652,
            1210,
            38,
            42
        ],
        "timeout": 20000,
        "on_error": ["ErrorImagetxt005"],
        "next": [
            "ImagetxtFavorite05"
        ]
    },
    "ImagetxtFavorite05": {
        "recognition": "TemplateMatch",
        "template": [
            "收藏.png",
            "收藏1.png"
        ],
        "roi": [
            405,
            1188,
            310,
            75
        ],
        "action": "Click",
        "target": [
            501,
            1208,
            42,
            44
        ],
        "timeout": 20000,
        "on_error": ["ErrorImagetxt005"],
        "next": [
            "ImagetxtShare05"
        ]
    },
    "ImagetxtShare05": {
        "recognition": "TemplateMatch",
        "template": "分享.png",
        "action": "Click",
        "post_delay": 500,
        "timeout": 20000,
        "on_error": ["ErrorImagetxt005"],
        "next": [
            "ShareToQQ05"
        ]
    },
    "ShareToQQ05": {
        "recognition": "OCR",
        "expected": "QQ",
        "roi": [1, 387, 719, 893],
        "action": "Click",
        "timeout": 20000,
        "on_error": ["ErrorImagetxt005"],
        "post_delay": 2000,
        "next": [
            "ShareToQQSuccess05",
            "ImagetxtComment05"
        ]
    },
    "ShareToQQSuccess05": {
        "recognition": "OCR",
        "expected": [
            "完成分享积分+8",
            "分享操作正在后台进行"
        ],
        "post_delay": 500,
        "timeout": 20000,
        "on_error": ["ErrorImagetxt005"],
        "next": [
            "ImagetxtComment05"
        ]
    },
    "ImagetxtComment05": {
        "recognition": "OCR",
        "expected": [
            "期待你",
            "的评论"
        ],
        "roi": [
            50,
            1215,
            300,
            30
        ],
        "action": "Click",
        "target": [
            50,
            1215,
            300,
            30
        ],
        "timeout": 20000,
        "on_error": ["ErrorImagetxt005"],
        "next": [
            "InputComment05"
        ]
    },
    "InputComment05": {
        "recognition": "TemplateMatch",
        "template": "大象新语.png",
        "action": "Click",
        "timeout": 20000,
        "on_error": ["ErrorImagetxt005"],
        "next": [
            "InputCommentD05"
        ]
    },
    "InputCommentD05": {
        "recognition": "TemplateMatch",
        "template": "大象新语.png",
        "action": "Click",
        "target": [
            42,
            476,
            1,
            1
        ],
        "next": [
            "SendComment05"
        ]
    },
    "SendComment05": {
        "recognition": "TemplateMatch",
        "template": "发表.png",
        "action": "Click",
        "post_delay": 800,
        "timeout": 20000,
        "on_error": ["ErrorImagetxt005"],
        "next": [
            "RepetitiveContent05",
            "ResetLike05"
        ]
    },
    "RepetitiveContent05": {
        "recognition": "OCR",
        "expected": [
            "不能发表重复内容",
            "重复内容",
            "复制粘贴",
            "一样哦"
        ],
        "post_delay": 2000,
        "timeout": 20000,
        "on_error": ["ErrorImagetxt005"],
        "next": [
            "ImagetxtComment05",
            "ResetLike05"
        ]
    },
    "ResetLike05": {
        "action": "Click",
        "target": [
            652,
            1210,
            38,
            42
        ],
        "post_delay": 800,
        "timeout": 20000,
        "on_error": ["ErrorImagetxt005"],
        "next": [
            "ResetFavorite05"
        ]
    },
    "ResetFavorite05": {
        "action": "Click",
        "target": [
            501,
            1208,
            42,
            44
        ],
        "post_delay": 800,
        "timeout": 20000,
        "on_error": ["ErrorImagetxt005"],
        "next": [
            "BrowseImagetxtBack05"
        ]
    },
    "BrowseImagetxtBack05": {
        "action": "Key",
        "key": 4,
        "post_delay": 800,
        "timeout": 20000,
        "on_error": ["ErrorImagetxt006"],
        "next": [
            "ClickIt06"
        ]
    },
    "ClickIt06": {
        "recognition": "OCR",
        "expected": [
            "阅读量\\d+",
            "评论\\d+",
            "\\d+评论",
            "\\d+点赞",
            "\\d+分享"
        ],
        "roi": [
            15,
            856,
            696,
            308
        ],
        "action": "Click",
        "post_delay": 500,
        "timeout": 20000,
        "on_error": ["ErrorImagetxt006"],
        "next": [
            "ImagetxtLike06"
        ]
    },
    "ImagetxtLike06": {
        "recognition": "TemplateMatch",
        "template": [
            "点赞.png",
            "点赞1.png",
            "like0.png",
            "like1.png"
        ],
        "roi": [
            405,
            1188,
            310,
            75
        ],
        "action": "Click",
        "target": [
            652,
            1210,
            38,
            42
        ],
        "timeout": 20000,
        "on_error": ["ErrorImagetxt006"],
        "next": [
            "ImagetxtFavorite06"
        ]
    },
    "ImagetxtFavorite06": {
        "recognition": "TemplateMatch",
        "template": [
            "收藏.png",
            "收藏1.png"
        ],
        "roi": [
            405,
            1188,
            310,
            75
        ],
        "action": "Click",
        "target": [
            501,
            1208,
            42,
            44
        ],
        "timeout": 20000,
        "on_error": ["ErrorImagetxt006"],
        "next": [
            "ImagetxtShare06"
        ]
    },
    "ImagetxtShare06": {
        "recognition": "TemplateMatch",
        "template": "分享.png",
        "action": "Click",
        "post_delay": 500,
        "timeout": 20000,
        "on_error": ["ErrorImagetxt006"],
        "next": [
            "ShareToQQ06"
        ]
    },
    "ShareToQQ06": {
        "recognition": "OCR",
        "expected": "QQ",
        "roi": [1, 387, 719, 893],
        "action": "Click",
        "timeout": 20000,
        "on_error": ["ErrorImagetxt006"],
        "post_delay": 2000,
        "next": [
            "ShareToQQSuccess06",
            "ImagetxtComment06"
        ]
    },
    "ShareToQQSuccess06": {
        "recognition": "OCR",
        "expected": [
            "完成分享积分+8",
            "分享操作正在后台进行"
        ],
        "post_delay": 500,
        "timeout": 20000,
        "on_error": ["ErrorImagetxt006"],
        "next": [
            "ImagetxtComment06"
        ]
    },
    "ImagetxtComment06": {
        "recognition": "OCR",
        "expected": [
            "期待你",
            "的评论"
        ],
        "roi": [
            50,
            1215,
            300,
            30
        ],
        "action": "Click",
        "target": [
            50,
            1215,
            300,
            30
        ],
        "timeout": 20000,
        "on_error": ["ErrorImagetxt006"],
        "next": [
            "InputComment06"
        ]
    },
    "InputComment06": {
        "recognition": "TemplateMatch",
        "template": "大象新语.png",
        "action": "Click",
        "timeout": 20000,
        "on_error": ["ErrorImagetxt006"],
        "next": [
            "InputCommentD06"
        ]
    },
    "InputCommentD06": {
        "recognition": "TemplateMatch",
        "template": "大象新语.png",
        "action": "Click",
        "target": [
            42,
            476,
            1,
            1
        ],
        "next": [
            "SendComment06"
        ]
    },
    "SendComment06": {
        "recognition": "TemplateMatch",
        "template": "发表.png",
        "action": "Click",
        "post_delay": 800,
        "timeout": 20000,
        "on_error": ["ErrorImagetxt006"],
        "next": [
            "RepetitiveContent06",
            "ResetLike06"
        ]
    },
    "RepetitiveContent06": {
        "recognition": "OCR",
        "expected": [
            "不能发表重复内容",
            "重复内容",
            "复制粘贴",
            "一样哦"
        ],
        "post_delay": 2000,
        "timeout": 20000,
        "on_error": ["ErrorImagetxt006"],
        "next": [
            "ImagetxtComment06",
            "ResetLike06"
        ]
    },
    "ResetLike06": {
        "action": "Click",
        "target": [
            652,
            1210,
            38,
            42
        ],
        "post_delay": 800,
        "timeout": 20000,
        "on_error": ["ErrorImagetxt006"],
        "next": [
            "ResetFavorite06"
        ]
    },
    "ResetFavorite06": {
        "action": "Click",
        "target": [
            501,
            1208,
            42,
            44
        ],
        "post_delay": 800,
        "timeout": 20000,
        "on_error": ["ErrorImagetxt006"],
        "next": [
            "BrowseImagetxtBack06"
        ]
    },
    "BrowseImagetxtBack06": {
        "action": "Key",
        "key": 4,
        "post_delay": 800,
        "timeout": 20000,
        "on_error": ["ErrorImagetxt007"],
        "next": [
            "SwipeUpivl02"
        ]
    },
    "SwipeUpivl02": {
        "action": "Swipe",
        "begin": [
            50,
            1200,
            10,
            10
        ],
        "end": [
            50,
            280,
            10,
            10
        ],
        "duration": 1200,
        "timeout": 20000,
        "on_error": ["ErrorImagetxt007"],
        "next": [
            "ClickIt07"
        ]
    },
    "ClickIt07": {
        "recognition": "OCR",
        "expected": [
            "阅读量\\d+",
            "评论\\d+",
            "\\d+评论",
            "\\d+点赞",
            "\\d+分享"
        ],
        "roi": [
            15,
            228,
            693,
            303
        ],
        "action": "Click",
        "post_delay": 500,
        "timeout": 20000,
        "on_error": ["ErrorImagetxt007"],
        "next": [
            "ImagetxtLike07"
        ]
    },
    "ImagetxtLike07": {
        "recognition": "TemplateMatch",
        "template": [
            "点赞.png",
            "点赞1.png",
            "like0.png",
            "like1.png"
        ],
        "roi": [
            405,
            1188,
            310,
            75
        ],
        "action": "Click",
        "target": [
            652,
            1210,
            38,
            42
        ],
        "timeout": 20000,
        "on_error": ["ErrorImagetxt007"],
        "next": [
            "ImagetxtShare07"
        ]
    },
    "ImagetxtShare07": {
        "recognition": "TemplateMatch",
        "template": "分享.png",
        "action": "Click",
        "post_delay": 500,
        "timeout": 20000,
        "on_error": ["ErrorImagetxt007"],
        "next": [
            "ShareToQQ07"
        ]
    },
    "ShareToQQ07": {
        "recognition": "OCR",
        "expected": "QQ",
        "roi": [1, 387, 719, 893],
        "action": "Click",
        "timeout": 20000,
        "on_error": ["ErrorImagetxt007"],
        "post_delay": 2000,
        "next": [
            "ShareToQQSuccess07",
            "ImagetxtComment07"
        ]
    },
    "ShareToQQSuccess07": {
        "recognition": "OCR",
        "expected": [
            "完成分享积分+8",
            "分享操作正在后台进行"
        ],
        "post_delay": 500,
        "timeout": 20000,
        "on_error": ["ErrorImagetxt007"],
        "next": [
            "ImagetxtComment07"
        ]
    },
    "ImagetxtComment07": {
        "recognition": "OCR",
        "expected": [
            "期待你",
            "的评论"
        ],
        "roi": [
            50,
            1215,
            300,
            30
        ],
        "action": "Click",
        "target": [
            50,
            1215,
            300,
            30
        ],
        "timeout": 20000,
        "on_error": ["ErrorImagetxt007"],
        "next": [
            "InputComment07"
        ]
    },
    "InputComment07": {
        "recognition": "TemplateMatch",
        "template": "大象新语.png",
        "action": "Click",
        "timeout": 20000,
        "on_error": ["ErrorImagetxt007"],
        "next": [
            "InputCommentD07"
        ]
    },
    "InputCommentD07": {
        "recognition": "TemplateMatch",
        "template": "大象新语.png",
        "action": "Click",
        "target": [
            42,
            476,
            1,
            1
        ],
        "next": [
            "SendComment07"
        ]
    },
    "SendComment07": {
        "recognition": "TemplateMatch",
        "template": "发表.png",
        "action": "Click",
        "post_delay": 800,
        "timeout": 20000,
        "on_error": ["ErrorImagetxt007"],
        "next": [
            "RepetitiveContent07",
            "WaitComment07",
            "ResetLike07"
        ]
    },
    "WaitComment07":{
        "recognition": "OCR",
        "expected": [
            "停一停",
            "好评论需要慢慢酝酿"
        ],
        "post_delay": 60000,
        "next": [
            "ImagetxtComment07",
            "ResetLike"
        ]
    },
    "RepetitiveContent07": {
        "recognition": "OCR",
        "expected": [
            "不能发表重复内容",
            "重复内容",
            "复制粘贴",
            "一样哦"
        ],
        "post_delay": 2000,
        "timeout": 20000,
        "on_error": ["ErrorImagetxt007"],
        "next": [
            "ImagetxtComment07",
            "ResetLike07"
        ]
    },
    "ResetLike07": {
        "action": "Click",
        "target": [
            652,
            1210,
            38,
            42
        ],
        "post_delay": 800,
        "timeout": 20000,
        "on_error": ["ErrorImagetxt007"],
        "next": [
            "BrowseImagetxtBack07"
        ]
    },
    "BrowseImagetxtBack07": {
        "action": "Key",
        "key": 4,
        "post_delay": 800,
        "timeout": 20000,
        "on_error": ["ErrorImagetxt008"],
        "next": [
            "ClickIt08"
        ]
    },
    "ClickIt08": {
        "recognition": "OCR",
        "expected": [
            "阅读量\\d+",
            "评论\\d+",
            "\\d+评论",
            "\\d+点赞",
            "\\d+分享"
        ],
        "roi": [
            15,
            536,
            695,
            318
        ],
        "action": "Click",
        "post_delay": 500,
        "timeout": 20000,
        "on_error": ["ErrorImagetxt008"],
        "next": [
            "ImagetxtLike08"
        ]
    },
    "ImagetxtLike08": {
        "recognition": "TemplateMatch",
        "template": [
            "点赞.png",
            "点赞1.png",
            "like0.png",
            "like1.png"
        ],
        "roi": [
            405,
            1188,
            310,
            75
        ],
        "action": "Click",
        "target": [
            652,
            1210,
            38,
            42
        ],
        "timeout": 20000,
        "on_error": ["ErrorImagetxt008"],
        "next": [
            "ImagetxtShare08"
        ]
    },
    "ImagetxtShare08": {
        "recognition": "TemplateMatch",
        "template": "分享.png",
        "action": "Click",
        "post_delay": 500,
        "timeout": 20000,
        "on_error": ["ErrorImagetxt008"],
        "next": [
            "ShareToQQ08"
        ]
    },
    "ShareToQQ08": {
        "recognition": "OCR",
        "expected": "QQ",
        "roi": [1, 387, 719, 893],
        "action": "Click",
        "timeout": 20000,
        "on_error": ["ErrorImagetxt008"],
        "post_delay": 2000,
        "next": [
            "ShareToQQSuccess08",
            "ImagetxtComment08"
        ]
    },
    "ShareToQQSuccess08": {
        "recognition": "OCR",
        "expected": [
            "完成分享积分+8",
            "分享操作正在后台进行"
        ],
        "post_delay": 500,
        "timeout": 20000,
        "on_error": ["ErrorImagetxt008"],
        "next": [
            "ImagetxtComment08"
        ]
    },
    "ImagetxtComment08": {
        "recognition": "OCR",
        "expected": [
            "期待你",
            "的评论"
        ],
        "roi": [
            50,
            1215,
            300,
            30
        ],
        "action": "Click",
        "target": [
            50,
            1215,
            300,
            30
        ],
        "timeout": 20000,
        "on_error": ["ErrorImagetxt008"],
        "next": [
            "InputComment08"
        ]
    },
    "InputComment08": {
        "recognition": "TemplateMatch",
        "template": "大象新语.png",
        "action": "Click",
        "timeout": 20000,
        "on_error": ["ErrorImagetxt008"],
        "next": [
            "InputCommentD08"
        ]
    },
    "InputCommentD08": {
        "recognition": "TemplateMatch",
        "template": "大象新语.png",
        "action": "Click",
        "target": [
            42,
            476,
            1,
            1
        ],
        "next": [
            "SendComment08"
        ]
    },
    "SendComment08": {
        "recognition": "TemplateMatch",
        "template": "发表.png",
        "action": "Click",
        "post_delay": 800,
        "timeout": 20000,
        "on_error": ["ErrorImagetxt008"],
        "next": [
            "RepetitiveContent08",
            "ResetLike08"
        ]
    },
    "RepetitiveContent08": {
        "recognition": "OCR",
        "expected": [
            "不能发表重复内容",
            "重复内容",
            "复制粘贴",
            "一样哦"
        ],
        "post_delay": 2000,
        "timeout": 20000,
        "on_error": ["ErrorImagetxt008"],
        "next": [
            "ImagetxtComment08",
            "ResetLike08"
        ]
    },
    "ResetLike08": {
        "action": "Click",
        "target": [
            652,
            1210,
            38,
            42
        ],
        "post_delay": 800,
        "timeout": 20000,
        "on_error": ["ErrorImagetxt008"],
        "next": [
            "BrowseImagetxtBack08"
        ]
    },
    "BrowseImagetxtBack08": {
        "action": "Key",
        "key": 4,
        "post_delay": 800,
        "timeout": 20000,
        "on_error": ["ErrorImagetxt009"],
        "next": [
            "ClickIt09"
        ]
    },
    "ClickIt09": {
        "recognition": "OCR",
        "expected": [
            "阅读量\\d+",
            "评论\\d+",
            "\\d+评论",
            "\\d+点赞",
            "\\d+分享"
        ],
        "roi": [
            15,
            856,
            696,
            308
        ],
        "action": "Click",
        "post_delay": 500,
        "timeout": 20000,
        "on_error": ["ErrorImagetxt009"],
        "next": [
            "ImagetxtLike09"
        ]
    },
    "ImagetxtLike09": {
        "recognition": "TemplateMatch",
        "template": [
            "点赞.png",
            "点赞1.png",
            "like0.png",
            "like1.png"
        ],
        "roi": [
            405,
            1188,
            310,
            75
        ],
        "action": "Click",
        "target": [
            652,
            1210,
            38,
            42
        ],
        "timeout": 20000,
        "on_error": ["ErrorImagetxt009"],
        "next": [
            "ImagetxtComment09"
        ]
    },
    "ImagetxtComment09": {
        "recognition": "OCR",
        "expected": [
            "期待你",
            "的评论"
        ],
        "roi": [
            50,
            1215,
            300,
            30
        ],
        "action": "Click",
        "target": [
            50,
            1215,
            300,
            30
        ],
        "timeout": 20000,
        "on_error": ["ErrorImagetxt009"],
        "next": [
            "InputComment09"
        ]
    },
    "InputComment09": {
        "recognition": "TemplateMatch",
        "template": "大象新语.png",
        "action": "Click",
        "timeout": 20000,
        "on_error": ["ErrorImagetxt009"],
        "next": [
            "InputCommentD09"
        ]
    },
    "InputCommentD09": {
        "recognition": "TemplateMatch",
        "template": "大象新语.png",
        "action": "Click",
        "target": [
            42,
            476,
            1,
            1
        ],
        "next": [
            "SendComment09"
        ]
    },
    "SendComment09": {
        "recognition": "TemplateMatch",
        "template": "发表.png",
        "action": "Click",
        "post_delay": 800,
        "timeout": 20000,
        "on_error": ["ErrorImagetxt009"],
        "next": [
            "RepetitiveContent09",
            "ResetLike09"
        ]
    },
    "RepetitiveContent09": {
        "recognition": "OCR",
        "expected": [
            "不能发表重复内容",
            "重复内容",
            "复制粘贴",
            "一样哦"
        ],
        "post_delay": 2000,
        "timeout": 20000,
        "on_error": ["ErrorImagetxt009"],
        "next": [
            "ImagetxtComment09",
            "ResetLike09"
        ]
    },
    "ResetLike09": {
        "action": "Click",
        "target": [
            652,
            1210,
            38,
            42
        ],
        "post_delay": 800,
        "timeout": 20000,
        "on_error": ["ErrorImagetxt009"],
        "next": [
            "BrowseImagetxtBack09"
        ]
    },
    "BrowseImagetxtBack09": {
        "action": "Key",
        "key": 4,
        "post_delay": 800,
        "timeout": 20000,
        "on_error": ["ErrorImagetxt0010"],
        "next": [
            "SwipeUpivl03"
        ]
    },
    "SwipeUpivl03": {
        "action": "Swipe",
        "begin": [
            50,
            1200,
            10,
            10
        ],
        "end": [
            50,
            280,
            10,
            10
        ],
        "duration": 1200,
        "timeout": 20000,
        "on_error": ["ErrorImagetxt0010"],
        "next": [
            "ClickIt10"
        ]
    },
    "ClickIt10": {
        "recognition": "OCR",
        "expected": [
            "阅读量\\d+",
            "评论\\d+",
            "\\d+评论",
            "\\d+点赞",
            "\\d+分享"
        ],
        "roi": [
            15,
            228,
            693,
            303
        ],
        "action": "Click",
        "post_delay": 1000,
        "timeout": 20000,
        "on_error": ["ErrorImagetxt0010"],
        "next": [
            "ImagetxtLike10"
        ]
    },
    "ImagetxtLike10": {
        "recognition": "TemplateMatch",
        "template": [
            "点赞.png",
            "点赞1.png",
            "like0.png",
            "like1.png"
        ],
        "roi": [
            405,
            1188,
            310,
            75
        ],
        "action": "Click",
        "target": [
            652,
            1210,
            38,
            42
        ],
        "timeout": 20000,
        "on_error": ["ErrorImagetxt0010"],
        "next": [
            "ImagetxtComment10"
        ]
    },
    "ImagetxtComment10": {
        "recognition": "OCR",
        "expected": [
            "期待你",
            "的评论"
        ],
        "roi": [
            50,
            1215,
            300,
            30
        ],
        "action": "Click",
        "target": [
            50,
            1215,
            300,
            30
        ],
        "timeout": 20000,
        "on_error": ["ErrorImagetxt0010"],
        "next": [
            "InputComment10"
        ]
    },
    "InputComment10": {
        "recognition": "TemplateMatch",
        "template": "大象新语.png",
        "action": "Click",
        "timeout": 20000,
        "on_error": ["ErrorImagetxt0010"],
        "next": [
            "InputCommentD10"
        ]
    },
    "InputCommentD10": {
        "recognition": "TemplateMatch",
        "template": "大象新语.png",
        "action": "Click",
        "target": [
            42,
            476,
            1,
            1
        ],
        "next": [
            "SendComment10"
        ]
    },
    "SendComment10": {
        "recognition": "TemplateMatch",
        "template": "发表.png",
        "action": "Click",
        "post_delay": 800,
        "timeout": 20000,
        "on_error": ["ErrorImagetxt0010"],
        "next": [
            "RepetitiveContent10",
            "WaitComment10",
            "ResetLike10"
        ]
    },
    "WaitComment10":{
        "recognition": "OCR",
        "expected": [
            "停一停",
            "好评论需要慢慢酝酿"
        ],
        "post_delay": 60000,
        "next": [
            "ImagetxtComment10",
            "ResetLike"
        ]
    },
    "RepetitiveContent10": {
        "recognition": "OCR",
        "expected": [
            "不能发表重复内容",
            "重复内容",
            "复制粘贴",
            "一样哦"
        ],
        "post_delay": 2000,
        "timeout": 20000,
        "on_error": ["ErrorImagetxt0010"],
        "next": [
            "ImagetxtComment10",
            "ResetLike10"
        ]
    },
    "ResetLike10": {
        "action": "Click",
        "target": [
            652,
            1210,
            38,
            42
        ],
        "post_delay": 800,
        "timeout": 20000,
        "on_error": ["ErrorImagetxt0010"],
        "next": [
            "BrowseImagetxtBack10"
        ]
    },
    "BrowseImagetxtBack10": {
        "action": "Key",
        "key": 4,
        "post_delay": 500,
        "timeout": 20000,
        "on_error": ["ErrorImagetxt0011"],
        "next": [
            "ClickIt11"
        ]
    },
    "ClickIt11": {
        "recognition": "OCR",
        "expected": [
            "阅读量\\d+",
            "评论\\d+",
            "\\d+评论",
            "\\d+点赞",
            "\\d+分享"
        ],
        "roi": [
            15,
            536,
            695,
            318
        ],
        "action": "Click",
        "post_delay": 1000,
        "timeout": 20000,
        "on_error": ["ErrorImagetxt0011"],
        "next": [
            "ImagetxtLike11"
        ]
    },
    "ImagetxtLike11": {
        "recognition": "TemplateMatch",
        "template": [
            "点赞.png",
            "点赞1.png",
            "like0.png",
            "like1.png"
        ],
        "roi": [
            405,
            1188,
            310,
            75
        ],
        "action": "Click",
        "target": [
            652,
            1210,
            38,
            42
        ],
        "timeout": 20000,
        "on_error": ["ErrorImagetxt0011"],
        "next": [
            "ImagetxtComment11"
        ]
    },
    "ImagetxtComment11": {
        "recognition": "OCR",
        "expected": [
            "期待你",
            "的评论"
        ],
        "roi": [
            50,
            1215,
            300,
            30
        ],
        "action": "Click",
        "target": [
            50,
            1215,
            300,
            30
        ],
        "timeout": 20000,
        "on_error": ["ErrorImagetxt0011"],
        "next": [
            "InputComment11"
        ]
    },
    "InputComment11": {
        "recognition": "TemplateMatch",
        "template": "大象新语.png",
        "action": "Click",
        "timeout": 20000,
        "on_error": ["ErrorImagetxt0011"],
        "next": [
            "InputCommentD11"
        ]
    },
    "InputCommentD11": {
        "recognition": "TemplateMatch",
        "template": "大象新语.png",
        "action": "Click",
        "target": [
            42,
            476,
            1,
            1
        ],
        "next": [
            "SendComment11"
        ]
    },
    "SendComment11": {
        "recognition": "TemplateMatch",
        "template": "发表.png",
        "action": "Click",
        "post_delay": 800,
        "timeout": 20000,
        "on_error": ["ErrorImagetxt0011"],
        "next": [
            "RepetitiveContent11",
            "ResetLike11"
        ]
    },
    "RepetitiveContent11": {
        "recognition": "OCR",
        "expected": [
            "不能发表重复内容",
            "重复内容",
            "复制粘贴",
            "一样哦"
        ],
        "post_delay": 2000,
        "timeout": 20000,
        "on_error": ["ErrorImagetxt0011"],
        "next": [
            "ImagetxtComment11",
            "ResetLike11"
        ]
    },
    "ResetLike11": {
        "action": "Click",
        "target": [
            652,
            1210,
            38,
            42
        ],
        "post_delay": 800,
        "timeout": 20000,
        "on_error": ["ErrorImagetxt0011"],
        "next": [
            "BrowseImagetxtBack11"
        ]
    },
    "BrowseImagetxtBack11": {
        "action": "Key",
        "key": 4,
        "post_delay": 500,
        "timeout": 20000,
        "on_error": ["ErrorImagetxt0012"],
        "next": [
            "ClickIt12"
        ]
    },
    "ClickIt12": {
        "recognition": "OCR",
        "expected": [
            "阅读量\\d+",
            "评论\\d+",
            "\\d+评论",
            "\\d+点赞",
            "\\d+分享"
        ],
        "roi": [
            15,
            856,
            696,
            308
        ],
        "action": "Click",
        "post_delay": 3500,
        "timeout": 20000,
        "on_error": ["ErrorImagetxt0012"],
        "next": [
            "ImagetxtComment12"
        ]
    },
    "ImagetxtComment12": {
        "recognition": "OCR",
        "expected": [
            "期待你",
            "的评论"
        ],
        "roi": [
            50,
            1215,
            300,
            30
        ],
        "action": "Click",
        "target": [
            50,
            1215,
            300,
            30
        ],
        "timeout": 20000,
        "on_error": ["ErrorImagetxt0012"],
        "next": [
            "InputComment12"
        ]
    },
    "InputComment12": {
        "recognition": "TemplateMatch",
        "template": "大象新语.png",
        "action": "Click",
        "timeout": 20000,
        "on_error": ["ErrorImagetxt0012"],
        "next": [
            "InputCommentD12"
        ]
    },
    "InputCommentD12": {
        "recognition": "TemplateMatch",
        "template": "大象新语.png",
        "action": "Click",
        "target": [
            42,
            476,
            1,
            1
        ],
        "next": [
            "SendComment12"
        ]
    },
    "SendComment12": {
        "recognition": "TemplateMatch",
        "template": "发表.png",
        "action": "Click",
        "post_delay": 800,
        "timeout": 20000,
        "on_error": ["ErrorImagetxt0012"],
        "next": [
            "RepetitiveContent12",
            "BrowseImagetxtBack12"
        ]
    },
    "RepetitiveContent12": {
        "recognition": "OCR",
        "expected": [
            "不能发表重复内容",
            "重复内容",
            "复制粘贴",
            "一样哦"
        ],
        "post_delay": 2000,
        "timeout": 20000,
        "on_error": ["ErrorImagetxt0012"],
        "next": [
            "ImagetxtComment12",
            "BrowseImagetxtBack12"
        ]
    },
    "BrowseImagetxtBack12": {
        "action": "Key",
        "key": 4,
        "post_delay": 500,
        "timeout": 20000,
        "on_error": ["ErrorImagetxt0013"],
        "next": [
            "SwipeUpivl04"
        ]
    },
    "SwipeUpivl04": {
        "action": "Swipe",
        "begin": [
            50,
            1200,
            10,
            10
        ],
        "end": [
            50,
            280,
            10,
            10
        ],
        "duration": 1200,
        "timeout": 20000,
        "on_error": ["ErrorImagetxt0013"],
        "next": [
            "ClickIt13"
        ]
    },
    "ClickIt13": {
        "recognition": "OCR",
        "expected": [
            "阅读量\\d+",
            "评论\\d+",
            "\\d+评论",
            "\\d+点赞",
            "\\d+分享"
        ],
        "roi": [
            15,
            228,
            693,
            303
        ],
        "action": "Click",
        "post_delay": 3500,
        "timeout": 20000,
        "on_error": ["ErrorImagetxt0013"],
        "next": [
            "ImagetxtComment13"
        ]
    },
    "ImagetxtComment13": {
        "recognition": "OCR",
        "expected": [
            "期待你",
            "的评论"
        ],
        "roi": [
            50,
            1215,
            300,
            30
        ],
        "action": "Click",
        "target": [
            50,
            1215,
            300,
            30
        ],
        "timeout": 20000,
        "on_error": ["ErrorImagetxt0013"],
        "next": [
            "InputComment13"
        ]
    },
    "InputComment13": {
        "recognition": "TemplateMatch",
        "template": "大象新语.png",
        "action": "Click",
        "timeout": 20000,
        "on_error": ["ErrorImagetxt0013"],
        "next": [
            "InputCommentD13"
        ]
    },
    "InputCommentD13": {
        "recognition": "TemplateMatch",
        "template": "大象新语.png",
        "action": "Click",
        "target": [
            42,
            476,
            1,
            1
        ],
        "next": [
            "SendComment13"
        ]
    },
    "SendComment13": {
        "recognition": "TemplateMatch",
        "template": "发表.png",
        "action": "Click",
        "post_delay": 800,
        "timeout": 20000,
        "on_error": ["ErrorImagetxt0013"],
        "next": [
            "RepetitiveContent13",
            "BrowseImagetxtBack13"
        ]
    },
    "RepetitiveContent13": {
        "recognition": "OCR",
        "expected": [
            "不能发表重复内容",
            "重复内容",
            "复制粘贴",
            "一样哦"
        ],
        "post_delay": 2000,
        "timeout": 20000,
        "on_error": ["ErrorImagetxt0013"],
        "next": [
            "ImagetxtComment13",
            "BrowseImagetxtBack13"
        ]
    },
    "BrowseImagetxtBack13": {
        "action": "Key",
        "key": 4,
        "post_delay": 500,
        "timeout": 20000,
        "on_error": ["ErrorImagetxt0014"],
        "next": [
            "ClickIt14"
        ]
    },
    "ClickIt14": {
        "recognition": "OCR",
        "expected": [
            "阅读量\\d+",
            "评论\\d+",
            "\\d+评论",
            "\\d+点赞",
            "\\d+分享"
        ],
        "roi": [
            15,
            536,
            695,
            318
        ],
        "action": "Click",
        "post_delay": 3500,
        "timeout": 20000,
        "on_error": ["ErrorImagetxt0014"],
        "next": [
            "ImagetxtComment14"
        ]
    },
    "ImagetxtComment14": {
        "recognition": "OCR",
        "expected": [
            "期待你",
            "的评论"
        ],
        "roi": [
            50,
            1215,
            300,
            30
        ],
        "action": "Click",
        "target": [
            50,
            1215,
            300,
            30
        ],
        "timeout": 20000,
        "on_error": ["ErrorImagetxt0014"],
        "next": [
            "InputComment14"
        ]
    },
    "InputComment14": {
        "recognition": "TemplateMatch",
        "template": "大象新语.png",
        "action": "Click",
        "timeout": 20000,
        "on_error": ["ErrorImagetxt0014"],
        "next": [
            "InputCommentD14"
        ]
    },
    "InputCommentD14": {
        "recognition": "TemplateMatch",
        "template": "大象新语.png",
        "action": "Click",
        "target": [
            42,
            476,
            1,
            1
        ],
        "next": [
            "SendComment14"
        ]
    },
    "SendComment14": {
        "recognition": "TemplateMatch",
        "template": "发表.png",
        "action": "Click",
        "post_delay": 800,
        "timeout": 20000,
        "on_error": ["ErrorImagetxt0014"],
        "next": [
            "RepetitiveContent14",
            "BrowseImagetxtBack14"
        ]
    },
    "RepetitiveContent14": {
        "recognition": "OCR",
        "expected": [
            "不能发表重复内容",
            "重复内容",
            "复制粘贴",
            "一样哦"
        ],
        "post_delay": 2000,
        "timeout": 20000,
        "on_error": ["ErrorImagetxt0014"],
        "next": [
            "ImagetxtComment14",
            "BrowseImagetxtBack14"
        ]
    },
    "BrowseImagetxtBack14": {
        "action": "Key",
        "key": 4,
        "post_delay": 500,
        "timeout": 20000,
        "on_error": ["ErrorImagetxt0015"],
        "next": [
            "ClickIt15"
        ]
    },
    "ClickIt15": {
        "recognition": "OCR",
        "expected": [
            "阅读量\\d+",
            "评论\\d+",
            "\\d+评论",
            "\\d+点赞",
            "\\d+分享"
        ],
        "roi": [
            15,
            856,
            696,
            308
        ],
        "action": "Click",
        "post_delay": 3500,
        "timeout": 20000,
        "on_error": ["ErrorImagetxt0015"],
        "next": [
            "ImagetxtComment15"
        ]
    },
    "ImagetxtComment15": {
        "recognition": "OCR",
        "expected": [
            "期待你",
            "的评论"
        ],
        "roi": [
            50,
            1215,
            300,
            30
        ],
        "action": "Click",
        "target": [
            50,
            1215,
            300,
            30
        ],
        "timeout": 20000,
        "on_error": ["ErrorImagetxt0015"],
        "next": [
            "InputComment15"
        ]
    },
    "InputComment15": {
        "recognition": "TemplateMatch",
        "template": "大象新语.png",
        "action": "Click",
        "timeout": 20000,
        "on_error": ["ErrorImagetxt0015"],
        "next": [
            "InputCommentD15"
        ]
    },
    "InputCommentD15": {
        "recognition": "TemplateMatch",
        "template": "大象新语.png",
        "action": "Click",
        "target": [
            42,
            476,
            1,
            1
        ],
        "next": [
            "SendComment15"
        ]
    },
    "SendComment15": {
        "recognition": "TemplateMatch",
        "template": "发表.png",
        "action": "Click",
        "post_delay": 800,
        "timeout": 20000,
        "on_error": ["ErrorImagetxt0015"],
        "next": [
            "RepetitiveContent15",
            "BrowseImagetxtBack15"
        ]
    },
    "RepetitiveContent15": {
        "recognition": "OCR",
        "expected": [
            "不能发表重复内容",
            "重复内容",
            "复制粘贴",
            "一样哦"
        ],
        "post_delay": 2000,
        "timeout": 20000,
        "on_error": ["ErrorImagetxt0015"],
        "next": [
            "ImagetxtComment15",
            "BrowseImagetxtBack15"
        ]
    },
    "BrowseImagetxtBack15": {
        "action": "Key",
        "key": 4,
        "post_delay": 500,
        "timeout": 20000,
        "on_error": ["ErrorImagetxt0015"],
        "next": [
            "SwipeUpivl05"
        ]
    },
    "SwipeUpivl05": {
        "action": "Swipe",
        "begin": [
            50,
            1200,
            10,
            10
        ],
        "end": [
            50,
            280,
            10,
            10
        ],
        "duration": 1200,
        "next": [
            "ClickIt16"
        ]
    },
    "ClickIt16": {
        "recognition": "OCR",
        "expected": [
            "阅读量\\d+",
            "评论\\d+",
            "\\d+评论",
            "\\d+点赞",
            "\\d+分享"
        ],
        "roi": [
            15,
            228,
            693,
            303
        ],
        "action": "Click",
        "post_delay": 3500,
        "next": [
            "BrowseImagetxtBack16"
        ]
    },
    "BrowseImagetxtBack16": {
        "action": "Key",
        "key": 4,
        "post_delay": 500,
        "next": [
            "ClickIt17"
        ]
    },
    "ClickIt17": {
        "recognition": "OCR",
        "expected": [
            "阅读量\\d+",
            "评论\\d+",
            "\\d+评论",
            "\\d+点赞",
            "\\d+分享"
        ],
        "roi": [
            15,
            536,
            695,
            318
        ],
        "action": "Click",
        "post_delay": 3500,
        "next": [
            "BrowseImagetxtBack17"
        ]
    },
    "BrowseImagetxtBack17": {
        "action": "Key",
        "key": 4,
        "post_delay": 500,
        "next": [
            "ClickIt18"
        ]
    },
    "ClickIt18": {
        "recognition": "OCR",
        "expected": [
            "阅读量\\d+",
            "评论\\d+",
            "\\d+评论",
            "\\d+点赞",
            "\\d+分享"
        ],
        "roi": [
            15,
            856,
            696,
            308
        ],
        "action": "Click",
        "post_delay": 3500,
        "next": [
            "BrowseImagetxtBack18"
        ]
    },
    "BrowseImagetxtBack18": {
        "action": "Key",
        "key": 4,
        "post_delay": 500,
        "next": [
            "SwipeUpivl06"
        ]
    },
    "SwipeUpivl06": {
        "action": "Swipe",
        "begin": [
            50,
            1200,
            10,
            10
        ],
        "end": [
            50,
            230,
            10,
            10
        ],
        "duration": 1200,
        "next": [
            "ClickIt19"
        ]
    },
    "ClickIt19": {
        "recognition": "OCR",
        "expected": [
            "阅读量\\d+",
            "评论\\d+",
            "\\d+评论",
            "\\d+点赞",
            "\\d+分享"
        ],
        "roi": [
            15,
            228,
            693,
            303
        ],
        "action": "Click",
        "post_delay": 3500,
        "next": [
            "BrowseImagetxtBack19"
        ]
    },
    "BrowseImagetxtBack19": {
        "action": "Key",
        "key": 4,
        "post_delay": 500,
        "next": [
            "ClickIt20"
        ]
    },
    "ClickIt20": {
        "recognition": "OCR",
        "expected": [
            "阅读量\\d+",
            "评论\\d+",
            "\\d+评论",
            "\\d+点赞",
            "\\d+分享"
        ],
        "roi": [
            15,
            536,
            695,
            318
        ],
        "action": "Click",
        "post_delay": 3500,
        "next": [
            "BrowseImagetxtBack20"
        ]
    },
    "BrowseImagetxtBack20": {
        "action": "Key",
        "key": 4,
        "post_delay": 500,
        "next": [
            "ClickIt21"
        ]
    },
    "ClickIt21": {
        "recognition": "OCR",
        "expected": [
            "阅读量\\d+",
            "评论\\d+",
            "\\d+评论",
            "\\d+点赞",
            "\\d+分享"
        ],
        "roi": [
            15,
            856,
            696,
            308
        ],
        "action": "Click",
        "post_delay": 3500,
        "next": [
            "BrowseImagetxtBack21"
        ]
    },
    "BrowseImagetxtBack21": {
        "action": "Key",
        "key": 4,
        "post_delay": 500,
        "next": [
            "BrowseImagetxtComplete"
        ]
    },
    "BrowseImagetxtComplete": {
        "post_delay": 500,
        "focus": {
            "succeeded": "浏览任务完成"
        },
        "next": [
            "Back"
        ]
    }
}
