{
    "MergeBrowsePublish": {
        "enabled": true,
        "interrupt": [
            "Back"
        ],
        "next": [
            "MergeBrowsePublish1"
        ]
    },
    "MergeBrowsePublish1": {
        "recognition": "TemplateMatch",
        "template": [
            "wodes.png",
            "wodes_.png"
        ],
        "roi": [
            25,
            1162,
            679,
            98
        ],
        "action": "Click",
        "post_wait_freezes": 500,
        "post_delay": 500,
        "interrupt": [
            "Back"
        ],
        "next": [
            "ClickSubs"
        ]
    },
    "ClickSubs": {
        "recognition": "OCR",
        "expected": "关注",
        "action": "Click",
        "post_delay": 500,
        "interrupt": [
            "DxhSwipe"
        ],
        "timeout": 20000,
        "on_error": "ErrorBackImagetxt",
        "next": [
            "SelectDxh"
        ]
    },
    "DxhSwipe": {
        "action": "Swipe",
        "begin": [
            200,
            500,
            10,
            10
        ],
        "end": [
            200,
            400,
            10,
            10
        ]
    },
    "SelectDxh": {
        "recognition": "OCR",
        "expected": [
            "河南信息广播"
        ],
        "action": "Click",
        "post_wait_freezes": 1000,
        "post_delay": 500,
        "timeout": 20000,
        "on_error": "ErrorBackImagetxt",
        "next": [
            "SwipeUpivl",
            "SelectDxh2nd"
        ]
    },
    "SelectDxh2nd": {
        "action": "Key",
        "key": 4,
        "next": [
            "SelectDxh"
        ]
    },
    "SwipeUpivl": {
        "recognition": "OCR",
        "expected": [
            "评论",
            "全部"
        ],
        "roi": [
            0,
            707,
            720,
            558
        ],
        "pre_delay": 200,
        "action": "Swipe",
        "begin": [
            200,
            1000,
            10,
            10
        ],
        "end": [
            200,
            650,
            10,
            10
        ],
        "duration": 300,
        "post_delay": 500,
        "post_wait_freezes": 200,
        "timeout": 20000,
        "on_error": "ErrorBackImagetxt",
        "next": [
            "ClickImagetxtPart"
        ]
    },
    "ClickImagetxtPart": {
        "recognition": "OCR",
        "expected": "图文",
        "action": "Click",
        "pre_wait_freezes": 200,
        "post_delay": 500,
        "timeout": 20000,
        "on_error": "ErrorBackImagetxt",
        "next": [
            "ClickIt01"
        ]
    },
    "ClickIt01": {
        "recognition": "OCR",
        "expected": [
            "阅读量",
            "评论",
            "阅读"
        ],
        "roi": [
            15,
            228,
            693,
            303
        ],
        "action": "Click",
        "post_delay": 500,
        "timeout": 20000,
        "on_error": "ErrorBackImagetxt",
        "next": [
            "ImagetxtLike"
        ]
    },
    "ImagetxtLike": {
        "recognition": "TemplateMatch",
        "template": [
            "点赞.png",
            "点赞1.png",
            "like0.png",
            "like1.png"
        ],
        "roi": [
            405,
            1188,
            310,
            75
        ],
        "action": "Click",
        "target": [
            652,
            1210,
            38,
            42
        ],
        "timeout": 20000,
        "on_error": "ErrorBackImagetxt",
        "next": [
            "ImagetxtFavorite"
        ]
    },
    "ImagetxtFavorite": {
        "recognition": "TemplateMatch",
        "template": [
            "收藏.png",
            "收藏1.png"
        ],
        "roi": [
            405,
            1188,
            310,
            75
        ],
        "action": "Click",
        "target": [
            501,
            1208,
            42,
            44
        ],
        "timeout": 20000,
        "on_error": "ErrorBackImagetxt",
        "next": [
            "ImagetxtShare"
        ]
    },
    "ImagetxtShare": {
        "recognition": "TemplateMatch",
        "template": "分享.png",
        "action": "Click",
        "post_delay": 500,
        "timeout": 20000,
        "on_error": "ErrorBackImagetxt",
        "next": [
            "ShareToWeibo"
        ]
    },
    "ShareToWeibo": {
        "recognition": "OCR",
        "expected": "微博",
        "action": "Click",
        "target": [
            386,
            769,
            103,
            148
        ],
        "timeout": 20000,
        "on_error": "ErrorBackImagetxt",
        "next": [
            "ShareToWeiboSuccess",
            "WeiboLogin"
        ]
    },
    "WeiboLogin": {
        "recognition": "OCR",
        "expected": "登录",
        "post_delay": 500,
        "timeout": 20000,
        "on_error": "ErrorBackImagetxt",
        "next": [
            "ShareSuccessBack"
        ]
    },
    "ShareToWeiboSuccess": {
        "recognition": "OCR",
        "expected": "完成分享积分+8",
        "post_delay": 500,
        "timeout": 20000,
        "on_error": "ErrorBackImagetxt",
        "next": [
            "ShareSuccessBack"
        ]
    },
    "ShareSuccessBack": {
        "action": "Key",
        "key": 4,
        "timeout": 20000,
        "on_error": "ErrorBackImagetxt",
        "next": [
            "ImagetxtComment"
        ]
    },
    "ImagetxtComment": {
        "recognition": "OCR",
        "expected": [
            "期待你",
            "的评论"
        ],
        "roi": [
            50,
            1215,
            300,
            30
        ],
        "action": "Click",
        "target": [
            50,
            1215,
            300,
            30
        ],
        "interrupt": [
            "InputmethodCheck",
            "InputmethodCheck0"
        ],
        "timeout": 20000,
        "on_error": "ErrorBackImagetxt",
        "next": [
            "InputComment"
        ]
    },
    "InputComment": {
        "recognition": "TemplateMatch",
        "template": "大象新语.png",
        "action": "Click",
        "timeout": 20000,
        "on_error": "ErrorBackImagetxt",
        "next": [
            "SendComment"
        ]
    },
    "SendComment": {
        "recognition": "TemplateMatch",
        "template": "发表.png",
        "action": "Click",
        "post_delay": 500,
        "timeout": 20000,
        "on_error": "ErrorBackImagetxt",
        "next": [
            "RepetitiveContent",
            "ResetLike"
        ]
    },
    "RepetitiveContent": {
        "recognition": "OCR",
        "expected": [
            "不能发表重复内容",
            "重复内容"
        ],
        "timeout": 20000,
        "on_error": "ErrorBackImagetxt",
        "next": [
            "ImagetxtComment",
            "ResetLike"
        ]
    },
    "ResetLike": {
        "action": "Click",
        "target": [
            652,
            1210,
            38,
            42
        ],
        "post_delay": 800,
        "timeout": 20000,
        "on_error": "ErrorBackImagetxt",
        "next": [
            "ResetFavorite"
        ]
    },
    "ResetFavorite": {
        "action": "Click",
        "target": [
            501,
            1208,
            42,
            44
        ],
        "post_delay": 800,
        "timeout": 20000,
        "on_error": "ErrorBackImagetxt",
        "next": [
            "BrowseImagetxtBack"
        ]
    },
    "BrowseImagetxtBack": {
        "action": "Key",
        "key": 4,
        "post_delay": 800,
        "timeout": 20000,
        "on_error": "ErrorBackImagetxt",
        "next": [
            "ClickIt02"
        ]
    },
    "ClickIt02": {
        "recognition": "OCR",
        "expected": [
            "阅读量",
            "评论",
            "阅读"
        ],
        "roi": [
            15,
            536,
            695,
            318
        ],
        "action": "Click",
        "post_delay": 500,
        "timeout": 20000,
        "on_error": "ErrorBackImagetxt",
        "next": [
            "ImagetxtLike02"
        ]
    },
    "ImagetxtLike02": {
        "recognition": "TemplateMatch",
        "template": [
            "点赞.png",
            "点赞1.png",
            "like0.png",
            "like1.png"
        ],
        "roi": [
            405,
            1188,
            310,
            75
        ],
        "action": "Click",
        "target": [
            652,
            1210,
            38,
            42
        ],
        "timeout": 20000,
        "on_error": "ErrorBackImagetxt",
        "next": [
            "ImagetxtFavorite02"
        ]
    },
    "ImagetxtFavorite02": {
        "recognition": "TemplateMatch",
        "template": [
            "收藏.png",
            "收藏1.png"
        ],
        "roi": [
            405,
            1188,
            310,
            75
        ],
        "action": "Click",
        "target": [
            501,
            1208,
            42,
            44
        ],
        "timeout": 20000,
        "on_error": "ErrorBackImagetxt",
        "next": [
            "ImagetxtShare02"
        ]
    },
    "ImagetxtShare02": {
        "recognition": "TemplateMatch",
        "template": "分享.png",
        "action": "Click",
        "post_delay": 500,
        "timeout": 20000,
        "on_error": "ErrorBackImagetxt",
        "next": [
            "ShareToWeibo02"
        ]
    },
    "ShareToWeibo02": {
        "recognition": "OCR",
        "expected": "微博",
        "action": "Click",
        "target": [
            386,
            769,
            103,
            148
        ],
        "timeout": 20000,
        "on_error": "ErrorBackImagetxt",
        "next": [
            "WeiboLogin02"
        ]
    },
    "WeiboLogin02": {
        "recognition": "OCR",
        "expected": "登录",
        "post_delay": 500,
        "timeout": 20000,
        "on_error": "ErrorBackImagetxt",
        "next": [
            "ShareSuccessBack02"
        ]
    },
    "ShareSuccessBack02": {
        "action": "Key",
        "key": 4,
        "timeout": 20000,
        "on_error": "ErrorBackImagetxt",
        "next": [
            "ImagetxtComment02"
        ]
    },
    "ImagetxtComment02": {
        "recognition": "OCR",
        "expected": [
            "期待你",
            "的评论"
        ],
        "roi": [
            50,
            1215,
            300,
            30
        ],
        "action": "Click",
        "target": [
            50,
            1215,
            300,
            30
        ],
        "timeout": 20000,
        "on_error": "ErrorBackImagetxt",
        "next": [
            "InputComment02"
        ]
    },
    "InputComment02": {
        "recognition": "TemplateMatch",
        "template": "大象新语.png",
        "action": "Click",
        "timeout": 20000,
        "on_error": "ErrorBackImagetxt",
        "next": [
            "SendComment02"
        ]
    },
    "SendComment02": {
        "recognition": "TemplateMatch",
        "template": "发表.png",
        "action": "Click",
        "post_delay": 500,
        "timeout": 20000,
        "on_error": "ErrorBackImagetxt",
        "next": [
            "RepetitiveContent02",
            "ResetLike02"
        ]
    },
    "RepetitiveContent02": {
        "recognition": "OCR",
        "expected": [
            "不能发表重复内容",
            "重复内容"
        ],
        "timeout": 20000,
        "on_error": "ErrorBackImagetxt",
        "next": [
            "ImagetxtComment02",
            "ResetLike02"
        ]
    },
    "ResetLike02": {
        "action": "Click",
        "target": [
            652,
            1210,
            38,
            42
        ],
        "post_delay": 800,
        "timeout": 20000,
        "on_error": "ErrorBackImagetxt",
        "next": [
            "ResetFavorite02"
        ]
    },
    "ResetFavorite02": {
        "action": "Click",
        "target": [
            501,
            1208,
            42,
            44
        ],
        "post_delay": 800,
        "timeout": 20000,
        "on_error": "ErrorBackImagetxt",
        "next": [
            "BrowseImagetxtBack02"
        ]
    },
    "BrowseImagetxtBack02": {
        "action": "Key",
        "key": 4,
        "post_delay": 800,
        "timeout": 20000,
        "on_error": "ErrorBackImagetxt",
        "next": [
            "ClickIt03"
        ]
    },
    "ClickIt03": {
        "recognition": "OCR",
        "expected": [
            "阅读量",
            "评论",
            "阅读"
        ],
        "roi": [
            15,
            856,
            696,
            308
        ],
        "action": "Click",
        "post_delay": 500,
        "timeout": 20000,
        "on_error": "ErrorBackImagetxt",
        "next": [
            "ImagetxtLike03"
        ]
    },
    "ImagetxtLike03": {
        "recognition": "TemplateMatch",
        "template": [
            "点赞.png",
            "点赞1.png",
            "like0.png",
            "like1.png"
        ],
        "roi": [
            405,
            1188,
            310,
            75
        ],
        "action": "Click",
        "target": [
            652,
            1210,
            38,
            42
        ],
        "timeout": 20000,
        "on_error": "ErrorBackImagetxt",
        "next": [
            "ImagetxtFavorite03"
        ]
    },
    "ImagetxtFavorite03": {
        "recognition": "TemplateMatch",
        "template": [
            "收藏.png",
            "收藏1.png"
        ],
        "roi": [
            405,
            1188,
            310,
            75
        ],
        "action": "Click",
        "target": [
            501,
            1208,
            42,
            44
        ],
        "timeout": 20000,
        "on_error": "ErrorBackImagetxt",
        "next": [
            "ImagetxtShare03"
        ]
    },
    "ImagetxtShare03": {
        "recognition": "TemplateMatch",
        "template": "分享.png",
        "action": "Click",
        "post_delay": 500,
        "timeout": 20000,
        "on_error": "ErrorBackImagetxt",
        "next": [
            "ShareToWeibo03"
        ]
    },
    "ShareToWeibo03": {
        "recognition": "OCR",
        "expected": "微博",
        "action": "Click",
        "target": [
            386,
            769,
            103,
            148
        ],
        "timeout": 20000,
        "on_error": "ErrorBackImagetxt",
        "next": [
            "WeiboLogin03"
        ]
    },
    "WeiboLogin03": {
        "recognition": "OCR",
        "expected": "登录",
        "post_delay": 500,
        "timeout": 20000,
        "on_error": "ErrorBackImagetxt",
        "next": [
            "ShareSuccessBack03"
        ]
    },
    "ShareSuccessBack03": {
        "action": "Key",
        "key": 4,
        "timeout": 20000,
        "on_error": "ErrorBackImagetxt",
        "next": [
            "ImagetxtComment03"
        ]
    },
    "ImagetxtComment03": {
        "recognition": "OCR",
        "expected": [
            "期待你",
            "的评论"
        ],
        "roi": [
            50,
            1215,
            300,
            30
        ],
        "action": "Click",
        "target": [
            50,
            1215,
            300,
            30
        ],
        "timeout": 20000,
        "on_error": "ErrorBackImagetxt",
        "next": [
            "InputComment03"
        ]
    },
    "InputComment03": {
        "recognition": "TemplateMatch",
        "template": "大象新语.png",
        "action": "Click",
        "timeout": 20000,
        "on_error": "ErrorBackImagetxt",
        "next": [
            "SendComment03"
        ]
    },
    "SendComment03": {
        "recognition": "TemplateMatch",
        "template": "发表.png",
        "action": "Click",
        "post_delay": 500,
        "timeout": 20000,
        "on_error": "ErrorBackImagetxt",
        "next": [
            "RepetitiveContent03",
            "ResetLike03"
        ]
    },
    "RepetitiveContent03": {
        "recognition": "OCR",
        "expected": [
            "不能发表重复内容",
            "重复内容"
        ],
        "timeout": 20000,
        "on_error": "ErrorBackImagetxt",
        "next": [
            "ImagetxtComment03",
            "ResetLike03"
        ]
    },
    "ResetLike03": {
        "action": "Click",
        "target": [
            652,
            1210,
            38,
            42
        ],
        "post_delay": 800,
        "timeout": 20000,
        "on_error": "ErrorBackImagetxt",
        "next": [
            "ResetFavorite03"
        ]
    },
    "ResetFavorite03": {
        "action": "Click",
        "target": [
            501,
            1208,
            42,
            44
        ],
        "post_delay": 800,
        "timeout": 20000,
        "on_error": "ErrorBackImagetxt",
        "next": [
            "BrowseImagetxtBack03"
        ]
    },
    "BrowseImagetxtBack03": {
        "action": "Key",
        "key": 4,
        "post_delay": 800,
        "timeout": 20000,
        "on_error": "ErrorBackImagetxt",
        "next": [
            "SwipeUpivl01"
        ]
    },
    "SwipeUpivl01": {
        "action": "Swipe",
        "begin": [
            50,
            1200,
            10,
            10
        ],
        "end": [
            50,
            280,
            10,
            10
        ],
        "duration": 1200,
        "timeout": 20000,
        "on_error": "ErrorBackImagetxt",
        "next": [
            "ClickIt04"
        ]
    },
    "ClickIt04": {
        "recognition": "OCR",
        "expected": [
            "阅读量",
            "评论",
            "阅读"
        ],
        "roi": [
            15,
            228,
            693,
            303
        ],
        "action": "Click",
        "post_delay": 500,
        "timeout": 20000,
        "on_error": "ErrorBackImagetxt",
        "next": [
            "ImagetxtLike04"
        ]
    },
    "ImagetxtLike04": {
        "recognition": "TemplateMatch",
        "template": [
            "点赞.png",
            "点赞1.png",
            "like0.png",
            "like1.png"
        ],
        "roi": [
            405,
            1188,
            310,
            75
        ],
        "action": "Click",
        "target": [
            652,
            1210,
            38,
            42
        ],
        "timeout": 20000,
        "on_error": "ErrorBackImagetxt",
        "next": [
            "ImagetxtFavorite04"
        ]
    },
    "ImagetxtFavorite04": {
        "recognition": "TemplateMatch",
        "template": [
            "收藏.png",
            "收藏1.png"
        ],
        "roi": [
            405,
            1188,
            310,
            75
        ],
        "action": "Click",
        "target": [
            501,
            1208,
            42,
            44
        ],
        "timeout": 20000,
        "on_error": "ErrorBackImagetxt",
        "next": [
            "ImagetxtShare04"
        ]
    },
    "ImagetxtShare04": {
        "recognition": "TemplateMatch",
        "template": "分享.png",
        "action": "Click",
        "post_delay": 500,
        "timeout": 20000,
        "on_error": "ErrorBackImagetxt",
        "next": [
            "ShareToWeibo04"
        ]
    },
    "ShareToWeibo04": {
        "recognition": "OCR",
        "expected": "微博",
        "action": "Click",
        "target": [
            386,
            769,
            104,
            148
        ],
        "timeout": 20000,
        "on_error": "ErrorBackImagetxt",
        "next": [
            "WeiboLogin04"
        ]
    },
    "WeiboLogin04": {
        "recognition": "OCR",
        "expected": "登录",
        "post_delay": 500,
        "timeout": 20000,
        "on_error": "ErrorBackImagetxt",
        "next": [
            "ShareSuccessBack04"
        ]
    },
    "ShareSuccessBack04": {
        "action": "Key",
        "key": 4,
        "timeout": 20000,
        "on_error": "ErrorBackImagetxt",
        "next": [
            "ImagetxtComment04"
        ]
    },
    "ImagetxtComment04": {
        "recognition": "OCR",
        "expected": [
            "期待你",
            "的评论"
        ],
        "roi": [
            50,
            1215,
            300,
            30
        ],
        "action": "Click",
        "target": [
            50,
            1215,
            300,
            30
        ],
        "timeout": 20000,
        "on_error": "ErrorBackImagetxt",
        "next": [
            "InputComment04"
        ]
    },
    "InputComment04": {
        "recognition": "TemplateMatch",
        "template": "大象新语.png",
        "action": "Click",
        "timeout": 20000,
        "on_error": "ErrorBackImagetxt",
        "next": [
            "SendComment04"
        ]
    },
    "SendComment04": {
        "recognition": "TemplateMatch",
        "template": "发表.png",
        "action": "Click",
        "post_delay": 500,
        "timeout": 20000,
        "on_error": "ErrorBackImagetxt",
        "next": [
            "RepetitiveContent04",
            "ResetLike04"
        ]
    },
    "RepetitiveContent04": {
        "recognition": "OCR",
        "expected": [
            "不能发表重复内容",
            "重复内容"
        ],
        "timeout": 20000,
        "on_error": "ErrorBackImagetxt",
        "next": [
            "ImagetxtComment04",
            "ResetLike04"
        ]
    },
    "ResetLike04": {
        "action": "Click",
        "target": [
            652,
            1210,
            38,
            42
        ],
        "post_delay": 800,
        "timeout": 20000,
        "on_error": "ErrorBackImagetxt",
        "next": [
            "ResetFavorite04"
        ]
    },
    "ResetFavorite04": {
        "action": "Click",
        "target": [
            501,
            1208,
            42,
            44
        ],
        "post_delay": 800,
        "timeout": 20000,
        "on_error": "ErrorBackImagetxt",
        "next": [
            "BrowseImagetxtBack04"
        ]
    },
    "BrowseImagetxtBack04": {
        "action": "Key",
        "key": 4,
        "post_delay": 800,
        "timeout": 20000,
        "on_error": "ErrorBackImagetxt",
        "next": [
            "ClickIt05"
        ]
    },
    "ClickIt05": {
        "recognition": "OCR",
        "expected": [
            "阅读量",
            "评论",
            "阅读"
        ],
        "roi": [
            15,
            536,
            695,
            318
        ],
        "action": "Click",
        "post_delay": 500,
        "timeout": 20000,
        "on_error": "ErrorBackImagetxt",
        "next": [
            "ImagetxtLike05"
        ]
    },
    "ImagetxtLike05": {
        "recognition": "TemplateMatch",
        "template": [
            "点赞.png",
            "点赞1.png",
            "like0.png",
            "like1.png"
        ],
        "roi": [
            405,
            1188,
            310,
            75
        ],
        "action": "Click",
        "target": [
            652,
            1210,
            38,
            42
        ],
        "timeout": 20000,
        "on_error": "ErrorBackImagetxt",
        "next": [
            "ImagetxtFavorite05"
        ]
    },
    "ImagetxtFavorite05": {
        "recognition": "TemplateMatch",
        "template": [
            "收藏.png",
            "收藏1.png"
        ],
        "roi": [
            405,
            1188,
            310,
            75
        ],
        "action": "Click",
        "target": [
            501,
            1208,
            42,
            44
        ],
        "timeout": 20000,
        "on_error": "ErrorBackImagetxt",
        "next": [
            "ImagetxtShare05"
        ]
    },
    "ImagetxtShare05": {
        "recognition": "TemplateMatch",
        "template": "分享.png",
        "action": "Click",
        "post_delay": 500,
        "timeout": 20000,
        "on_error": "ErrorBackImagetxt",
        "next": [
            "ShareToWeibo05"
        ]
    },
    "ShareToWeibo05": {
        "recognition": "OCR",
        "expected": "微博",
        "action": "Click",
        "target": [
            386,
            769,
            105,
            148
        ],
        "timeout": 20000,
        "on_error": "ErrorBackImagetxt",
        "next": [
            "WeiboLogin05"
        ]
    },
    "WeiboLogin05": {
        "recognition": "OCR",
        "expected": "登录",
        "post_delay": 500,
        "timeout": 20000,
        "on_error": "ErrorBackImagetxt",
        "next": [
            "ShareSuccessBack05"
        ]
    },
    "ShareSuccessBack05": {
        "action": "Key",
        "key": 4,
        "timeout": 20000,
        "on_error": "ErrorBackImagetxt",
        "next": [
            "ImagetxtComment05"
        ]
    },
    "ImagetxtComment05": {
        "recognition": "OCR",
        "expected": [
            "期待你",
            "的评论"
        ],
        "roi": [
            50,
            1215,
            300,
            30
        ],
        "action": "Click",
        "target": [
            50,
            1215,
            300,
            30
        ],
        "timeout": 20000,
        "on_error": "ErrorBackImagetxt",
        "next": [
            "InputComment05"
        ]
    },
    "InputComment05": {
        "recognition": "TemplateMatch",
        "template": "大象新语.png",
        "action": "Click",
        "timeout": 20000,
        "on_error": "ErrorBackImagetxt",
        "next": [
            "SendComment05"
        ]
    },
    "SendComment05": {
        "recognition": "TemplateMatch",
        "template": "发表.png",
        "action": "Click",
        "post_delay": 500,
        "timeout": 20000,
        "on_error": "ErrorBackImagetxt",
        "next": [
            "RepetitiveContent05",
            "ResetLike05"
        ]
    },
    "RepetitiveContent05": {
        "recognition": "OCR",
        "expected": [
            "不能发表重复内容",
            "重复内容"
        ],
        "timeout": 20000,
        "on_error": "ErrorBackImagetxt",
        "next": [
            "ImagetxtComment05",
            "ResetLike05"
        ]
    },
    "ResetLike05": {
        "action": "Click",
        "target": [
            652,
            1210,
            38,
            42
        ],
        "post_delay": 800,
        "timeout": 20000,
        "on_error": "ErrorBackImagetxt",
        "next": [
            "ResetFavorite05"
        ]
    },
    "ResetFavorite05": {
        "action": "Click",
        "target": [
            501,
            1208,
            42,
            44
        ],
        "post_delay": 800,
        "timeout": 20000,
        "on_error": "ErrorBackImagetxt",
        "next": [
            "BrowseImagetxtBack05"
        ]
    },
    "BrowseImagetxtBack05": {
        "action": "Key",
        "key": 4,
        "post_delay": 800,
        "timeout": 20000,
        "on_error": "ErrorBackImagetxt",
        "next": [
            "ClickIt06"
        ]
    },
    "ClickIt06": {
        "recognition": "OCR",
        "expected": [
            "阅读量",
            "评论",
            "阅读"
        ],
        "roi": [
            15,
            856,
            696,
            308
        ],
        "action": "Click",
        "post_delay": 500,
        "timeout": 20000,
        "on_error": "ErrorBackImagetxt",
        "next": [
            "ImagetxtLike06"
        ]
    },
    "ImagetxtLike06": {
        "recognition": "TemplateMatch",
        "template": [
            "点赞.png",
            "点赞1.png",
            "like0.png",
            "like1.png"
        ],
        "roi": [
            405,
            1188,
            310,
            75
        ],
        "action": "Click",
        "target": [
            652,
            1210,
            38,
            42
        ],
        "timeout": 20000,
        "on_error": "ErrorBackImagetxt",
        "next": [
            "ImagetxtFavorite06"
        ]
    },
    "ImagetxtFavorite06": {
        "recognition": "TemplateMatch",
        "template": [
            "收藏.png",
            "收藏1.png"
        ],
        "roi": [
            405,
            1188,
            310,
            75
        ],
        "action": "Click",
        "target": [
            501,
            1208,
            42,
            44
        ],
        "timeout": 20000,
        "on_error": "ErrorBackImagetxt",
        "next": [
            "ImagetxtShare06"
        ]
    },
    "ImagetxtShare06": {
        "recognition": "TemplateMatch",
        "template": "分享.png",
        "action": "Click",
        "post_delay": 500,
        "timeout": 20000,
        "on_error": "ErrorBackImagetxt",
        "next": [
            "ShareToWeibo06"
        ]
    },
    "ShareToWeibo06": {
        "recognition": "OCR",
        "expected": "微博",
        "action": "Click",
        "target": [
            386,
            769,
            106,
            148
        ],
        "timeout": 20000,
        "on_error": "ErrorBackImagetxt",
        "next": [
            "WeiboLogin06"
        ]
    },
    "WeiboLogin06": {
        "recognition": "OCR",
        "expected": "登录",
        "post_delay": 500,
        "timeout": 20000,
        "on_error": "ErrorBackImagetxt",
        "next": [
            "ShareSuccessBack06"
        ]
    },
    "ShareSuccessBack06": {
        "action": "Key",
        "key": 4,
        "timeout": 20000,
        "on_error": "ErrorBackImagetxt",
        "next": [
            "ImagetxtComment06"
        ]
    },
    "ImagetxtComment06": {
        "recognition": "OCR",
        "expected": [
            "期待你",
            "的评论"
        ],
        "roi": [
            50,
            1215,
            300,
            30
        ],
        "action": "Click",
        "target": [
            50,
            1215,
            300,
            30
        ],
        "timeout": 20000,
        "on_error": "ErrorBackImagetxt",
        "next": [
            "InputComment06"
        ]
    },
    "InputComment06": {
        "recognition": "TemplateMatch",
        "template": "大象新语.png",
        "action": "Click",
        "timeout": 20000,
        "on_error": "ErrorBackImagetxt",
        "next": [
            "SendComment06"
        ]
    },
    "SendComment06": {
        "recognition": "TemplateMatch",
        "template": "发表.png",
        "action": "Click",
        "post_delay": 500,
        "timeout": 20000,
        "on_error": "ErrorBackImagetxt",
        "next": [
            "RepetitiveContent06",
            "ResetLike06"
        ]
    },
    "RepetitiveContent06": {
        "recognition": "OCR",
        "expected": [
            "不能发表重复内容",
            "重复内容"
        ],
        "timeout": 20000,
        "on_error": "ErrorBackImagetxt",
        "next": [
            "ImagetxtComment06",
            "ResetLike06"
        ]
    },
    "ResetLike06": {
        "action": "Click",
        "target": [
            652,
            1210,
            38,
            42
        ],
        "post_delay": 800,
        "timeout": 20000,
        "on_error": "ErrorBackImagetxt",
        "next": [
            "ResetFavorite06"
        ]
    },
    "ResetFavorite06": {
        "action": "Click",
        "target": [
            501,
            1208,
            42,
            44
        ],
        "post_delay": 800,
        "timeout": 20000,
        "on_error": "ErrorBackImagetxt",
        "next": [
            "BrowseImagetxtBack06"
        ]
    },
    "BrowseImagetxtBack06": {
        "action": "Key",
        "key": 4,
        "post_delay": 800,
        "timeout": 20000,
        "on_error": "ErrorBackImagetxt",
        "next": [
            "SwipeUpivl02"
        ]
    },
    "SwipeUpivl02": {
        "action": "Swipe",
        "begin": [
            50,
            1200,
            10,
            10
        ],
        "end": [
            50,
            280,
            10,
            10
        ],
        "duration": 1200,
        "timeout": 20000,
        "on_error": "ErrorBackImagetxt",
        "next": [
            "ClickIt07"
        ]
    },
    "ClickIt07": {
        "recognition": "OCR",
        "expected": [
            "阅读量",
            "评论",
            "阅读"
        ],
        "roi": [
            15,
            228,
            693,
            303
        ],
        "action": "Click",
        "post_delay": 500,
        "timeout": 20000,
        "on_error": "ErrorBackImagetxt",
        "next": [
            "ImagetxtLike07"
        ]
    },
    "ImagetxtLike07": {
        "recognition": "TemplateMatch",
        "template": [
            "点赞.png",
            "点赞1.png",
            "like0.png",
            "like1.png"
        ],
        "roi": [
            405,
            1188,
            310,
            75
        ],
        "action": "Click",
        "target": [
            652,
            1210,
            38,
            42
        ],
        "timeout": 20000,
        "on_error": "ErrorBackImagetxt",
        "next": [
            "ImagetxtComment07"
        ]
    },
    "ImagetxtComment07": {
        "recognition": "OCR",
        "expected": [
            "期待你",
            "的评论"
        ],
        "roi": [
            50,
            1215,
            300,
            30
        ],
        "action": "Click",
        "target": [
            50,
            1215,
            300,
            30
        ],
        "timeout": 20000,
        "on_error": "ErrorBackImagetxt",
        "next": [
            "InputComment07"
        ]
    },
    "InputComment07": {
        "recognition": "TemplateMatch",
        "template": "大象新语.png",
        "action": "Click",
        "timeout": 20000,
        "on_error": "ErrorBackImagetxt",
        "next": [
            "SendComment07"
        ]
    },
    "SendComment07": {
        "recognition": "TemplateMatch",
        "template": "发表.png",
        "action": "Click",
        "post_delay": 500,
        "timeout": 20000,
        "on_error": "ErrorBackImagetxt",
        "next": [
            "RepetitiveContent07",
            "ResetLike07"
        ]
    },
    "RepetitiveContent07": {
        "recognition": "OCR",
        "expected": [
            "不能发表重复内容",
            "重复内容"
        ],
        "timeout": 20000,
        "on_error": "ErrorBackImagetxt",
        "next": [
            "ImagetxtComment07",
            "ResetLike07"
        ]
    },
    "ResetLike07": {
        "action": "Click",
        "target": [
            652,
            1210,
            38,
            42
        ],
        "post_delay": 800,
        "timeout": 20000,
        "on_error": "ErrorBackImagetxt",
        "next": [
            "BrowseImagetxtBack07"
        ]
    },
    "BrowseImagetxtBack07": {
        "action": "Key",
        "key": 4,
        "post_delay": 800,
        "timeout": 20000,
        "on_error": "ErrorBackImagetxt",
        "next": [
            "ClickIt08"
        ]
    },
    "ClickIt08": {
        "recognition": "OCR",
        "expected": [
            "阅读量",
            "评论",
            "阅读"
        ],
        "roi": [
            15,
            536,
            695,
            318
        ],
        "action": "Click",
        "post_delay": 500,
        "timeout": 20000,
        "on_error": "ErrorBackImagetxt",
        "next": [
            "ImagetxtLike08"
        ]
    },
    "ImagetxtLike08": {
        "recognition": "TemplateMatch",
        "template": [
            "点赞.png",
            "点赞1.png",
            "like0.png",
            "like1.png"
        ],
        "roi": [
            405,
            1188,
            310,
            75
        ],
        "action": "Click",
        "target": [
            652,
            1210,
            38,
            42
        ],
        "timeout": 20000,
        "on_error": "ErrorBackImagetxt",
        "next": [
            "ImagetxtComment08"
        ]
    },
    "ImagetxtComment08": {
        "recognition": "OCR",
        "expected": [
            "期待你",
            "的评论"
        ],
        "roi": [
            50,
            1215,
            300,
            30
        ],
        "action": "Click",
        "target": [
            50,
            1215,
            300,
            30
        ],
        "timeout": 20000,
        "on_error": "ErrorBackImagetxt",
        "next": [
            "InputComment08"
        ]
    },
    "InputComment08": {
        "recognition": "TemplateMatch",
        "template": "大象新语.png",
        "action": "Click",
        "timeout": 20000,
        "on_error": "ErrorBackImagetxt",
        "next": [
            "SendComment08"
        ]
    },
    "SendComment08": {
        "recognition": "TemplateMatch",
        "template": "发表.png",
        "action": "Click",
        "post_delay": 500,
        "timeout": 20000,
        "on_error": "ErrorBackImagetxt",
        "next": [
            "RepetitiveContent08",
            "ResetLike08"
        ]
    },
    "RepetitiveContent08": {
        "recognition": "OCR",
        "expected": [
            "不能发表重复内容",
            "重复内容"
        ],
        "timeout": 20000,
        "on_error": "ErrorBackImagetxt",
        "next": [
            "ImagetxtComment08",
            "ResetLike08"
        ]
    },
    "ResetLike08": {
        "action": "Click",
        "target": [
            652,
            1210,
            38,
            42
        ],
        "post_delay": 800,
        "timeout": 20000,
        "on_error": "ErrorBackImagetxt",
        "next": [
            "BrowseImagetxtBack08"
        ]
    },
    "BrowseImagetxtBack08": {
        "action": "Key",
        "key": 4,
        "post_delay": 800,
        "timeout": 20000,
        "on_error": "ErrorBackImagetxt",
        "next": [
            "ClickIt09"
        ]
    },
    "ClickIt09": {
        "recognition": "OCR",
        "expected": [
            "阅读量",
            "评论",
            "阅读"
        ],
        "roi": [
            15,
            856,
            696,
            308
        ],
        "action": "Click",
        "post_delay": 500,
        "timeout": 20000,
        "on_error": "ErrorBackImagetxt",
        "next": [
            "ImagetxtLike09"
        ]
    },
    "ImagetxtLike09": {
        "recognition": "TemplateMatch",
        "template": [
            "点赞.png",
            "点赞1.png",
            "like0.png",
            "like1.png"
        ],
        "roi": [
            405,
            1188,
            310,
            75
        ],
        "action": "Click",
        "target": [
            652,
            1210,
            38,
            42
        ],
        "timeout": 20000,
        "on_error": "ErrorBackImagetxt",
        "next": [
            "ImagetxtComment09"
        ]
    },
    "ImagetxtComment09": {
        "recognition": "OCR",
        "expected": [
            "期待你",
            "的评论"
        ],
        "roi": [
            50,
            1215,
            300,
            30
        ],
        "action": "Click",
        "target": [
            50,
            1215,
            300,
            30
        ],
        "timeout": 20000,
        "on_error": "ErrorBackImagetxt",
        "next": [
            "InputComment09"
        ]
    },
    "InputComment09": {
        "recognition": "TemplateMatch",
        "template": "大象新语.png",
        "action": "Click",
        "timeout": 20000,
        "on_error": "ErrorBackImagetxt",
        "next": [
            "SendComment09"
        ]
    },
    "SendComment09": {
        "recognition": "TemplateMatch",
        "template": "发表.png",
        "action": "Click",
        "post_delay": 500,
        "timeout": 20000,
        "on_error": "ErrorBackImagetxt",
        "next": [
            "RepetitiveContent09",
            "ResetLike09"
        ]
    },
    "RepetitiveContent09": {
        "recognition": "OCR",
        "expected": [
            "不能发表重复内容",
            "重复内容"
        ],
        "timeout": 20000,
        "on_error": "ErrorBackImagetxt",
        "next": [
            "ImagetxtComment09",
            "ResetLike09"
        ]
    },
    "ResetLike09": {
        "action": "Click",
        "target": [
            652,
            1210,
            38,
            42
        ],
        "post_delay": 800,
        "timeout": 20000,
        "on_error": "ErrorBackImagetxt",
        "next": [
            "BrowseImagetxtBack09"
        ]
    },
    "BrowseImagetxtBack09": {
        "action": "Key",
        "key": 4,
        "post_delay": 800,
        "timeout": 20000,
        "on_error": "ErrorBackImagetxt",
        "next": [
            "SwipeUpivl03"
        ]
    },
    "SwipeUpivl03": {
        "action": "Swipe",
        "begin": [
            50,
            1200,
            10,
            10
        ],
        "end": [
            50,
            280,
            10,
            10
        ],
        "duration": 1200,
        "timeout": 20000,
        "on_error": "ErrorBackImagetxt",
        "next": [
            "ClickIt10"
        ]
    },
    "ClickIt10": {
        "recognition": "OCR",
        "expected": [
            "阅读量",
            "评论",
            "阅读"
        ],
        "roi": [
            15,
            228,
            693,
            303
        ],
        "action": "Click",
        "post_delay": 1000,
        "timeout": 20000,
        "on_error": "ErrorBackImagetxt",
        "next": [
            "ImagetxtLike10"
        ]
    },
    "ImagetxtLike10": {
        "recognition": "TemplateMatch",
        "template": [
            "点赞.png",
            "点赞1.png",
            "like0.png",
            "like1.png"
        ],
        "roi": [
            405,
            1188,
            310,
            75
        ],
        "action": "Click",
        "target": [
            652,
            1210,
            38,
            42
        ],
        "timeout": 20000,
        "on_error": "ErrorBackImagetxt",
        "next": [
            "ImagetxtComment10"
        ]
    },
    "ImagetxtComment10": {
        "recognition": "OCR",
        "expected": [
            "期待你",
            "的评论"
        ],
        "roi": [
            50,
            1215,
            300,
            30
        ],
        "action": "Click",
        "target": [
            50,
            1215,
            300,
            30
        ],
        "timeout": 20000,
        "on_error": "ErrorBackImagetxt",
        "next": [
            "InputComment10"
        ]
    },
    "InputComment10": {
        "recognition": "TemplateMatch",
        "template": "大象新语.png",
        "action": "Click",
        "timeout": 20000,
        "on_error": "ErrorBackImagetxt",
        "next": [
            "SendComment10"
        ]
    },
    "SendComment10": {
        "recognition": "TemplateMatch",
        "template": "发表.png",
        "action": "Click",
        "post_delay": 500,
        "timeout": 20000,
        "on_error": "ErrorBackImagetxt",
        "next": [
            "RepetitiveContent10",
            "ResetLike10"
        ]
    },
    "RepetitiveContent10": {
        "recognition": "OCR",
        "expected": [
            "不能发表重复内容",
            "重复内容"
        ],
        "timeout": 20000,
        "on_error": "ErrorBackImagetxt",
        "next": [
            "ImagetxtComment10",
            "ResetLike10"
        ]
    },
    "ResetLike10": {
        "action": "Click",
        "target": [
            652,
            1210,
            38,
            42
        ],
        "post_delay": 800,
        "timeout": 20000,
        "on_error": "ErrorBackImagetxt",
        "next": [
            "BrowseImagetxtBack10"
        ]
    },
    "BrowseImagetxtBack10": {
        "action": "Key",
        "key": 4,
        "post_delay": 500,
        "timeout": 20000,
        "on_error": "ErrorBackImagetxt",
        "next": [
            "ClickIt11"
        ]
    },
    "ClickIt11": {
        "recognition": "OCR",
        "expected": [
            "阅读量",
            "评论",
            "阅读"
        ],
        "roi": [
            15,
            536,
            695,
            318
        ],
        "action": "Click",
        "post_delay": 1000,
        "timeout": 20000,
        "on_error": "ErrorBackImagetxt",
        "next": [
            "ImagetxtLike11"
        ]
    },
    "ImagetxtLike11": {
        "recognition": "TemplateMatch",
        "template": [
            "点赞.png",
            "点赞1.png",
            "like0.png",
            "like1.png"
        ],
        "roi": [
            405,
            1188,
            310,
            75
        ],
        "action": "Click",
        "target": [
            652,
            1210,
            38,
            42
        ],
        "timeout": 20000,
        "on_error": "ErrorBackImagetxt",
        "next": [
            "ImagetxtComment11"
        ]
    },
    "ImagetxtComment11": {
        "recognition": "OCR",
        "expected": [
            "期待你",
            "的评论"
        ],
        "roi": [
            50,
            1215,
            300,
            30
        ],
        "action": "Click",
        "target": [
            50,
            1215,
            300,
            30
        ],
        "timeout": 20000,
        "on_error": "ErrorBackImagetxt",
        "next": [
            "InputComment11"
        ]
    },
    "InputComment11": {
        "recognition": "TemplateMatch",
        "template": "大象新语.png",
        "action": "Click",
        "timeout": 20000,
        "on_error": "ErrorBackImagetxt",
        "next": [
            "SendComment11"
        ]
    },
    "SendComment11": {
        "recognition": "TemplateMatch",
        "template": "发表.png",
        "action": "Click",
        "post_delay": 500,
        "timeout": 20000,
        "on_error": "ErrorBackImagetxt",
        "next": [
            "RepetitiveContent11",
            "ResetLike11"
        ]
    },
    "RepetitiveContent11": {
        "recognition": "OCR",
        "expected": [
            "不能发表重复内容",
            "重复内容"
        ],
        "timeout": 20000,
        "on_error": "ErrorBackImagetxt",
        "next": [
            "ImagetxtComment11",
            "ResetLike11"
        ]
    },
    "ResetLike11": {
        "action": "Click",
        "target": [
            652,
            1210,
            38,
            42
        ],
        "post_delay": 800,
        "timeout": 20000,
        "on_error": "ErrorBackImagetxt",
        "next": [
            "BrowseImagetxtBack11"
        ]
    },
    "BrowseImagetxtBack11": {
        "action": "Key",
        "key": 4,
        "post_delay": 500,
        "timeout": 20000,
        "on_error": "ErrorBackImagetxt",
        "next": [
            "ClickIt12"
        ]
    },
    "ClickIt12": {
        "recognition": "OCR",
        "expected": [
            "阅读量",
            "评论",
            "阅读"
        ],
        "roi": [
            15,
            856,
            696,
            308
        ],
        "action": "Click",
        "post_delay": 3500,
        "timeout": 20000,
        "on_error": "ErrorBackImagetxt",
        "next": [
            "BrowseImagetxtBack12"
        ]
    },
    "BrowseImagetxtBack12": {
        "action": "Key",
        "key": 4,
        "post_delay": 500,
        "timeout": 20000,
        "on_error": "ErrorBackImagetxt",
        "next": [
            "SwipeUpivl04"
        ]
    },
    "SwipeUpivl04": {
        "action": "Swipe",
        "begin": [
            50,
            1200,
            10,
            10
        ],
        "end": [
            50,
            280,
            10,
            10
        ],
        "duration": 1200,
        "timeout": 20000,
        "on_error": "ErrorBackImagetxt",
        "next": [
            "ClickIt13"
        ]
    },
    "ClickIt13": {
        "recognition": "OCR",
        "expected": [
            "阅读量",
            "评论",
            "阅读"
        ],
        "roi": [
            15,
            228,
            693,
            303
        ],
        "action": "Click",
        "post_delay": 3500,
        "timeout": 20000,
        "on_error": "ErrorBackImagetxt",
        "next": [
            "BrowseImagetxtBack13"
        ]
    },
    "BrowseImagetxtBack13": {
        "action": "Key",
        "key": 4,
        "post_delay": 500,
        "timeout": 20000,
        "on_error": "ErrorBackImagetxt",
        "next": [
            "ClickIt14"
        ]
    },
    "ClickIt14": {
        "recognition": "OCR",
        "expected": [
            "阅读量",
            "评论",
            "阅读"
        ],
        "roi": [
            15,
            536,
            695,
            318
        ],
        "action": "Click",
        "post_delay": 3500,
        "timeout": 20000,
        "on_error": "ErrorBackImagetxt",
        "next": [
            "BrowseImagetxtBack14"
        ]
    },
    "BrowseImagetxtBack14": {
        "action": "Key",
        "key": 4,
        "post_delay": 500,
        "timeout": 20000,
        "on_error": "ErrorBackImagetxt",
        "next": [
            "ClickIt15"
        ]
    },
    "ClickIt15": {
        "recognition": "OCR",
        "expected": [
            "阅读量",
            "评论",
            "阅读"
        ],
        "roi": [
            15,
            856,
            696,
            308
        ],
        "action": "Click",
        "post_delay": 3500,
        "timeout": 20000,
        "on_error": "ErrorBackImagetxt",
        "next": [
            "BrowseImagetxtBack15"
        ]
    },
    "BrowseImagetxtBack15": {
        "action": "Key",
        "key": 4,
        "post_delay": 500,
        "timeout": 20000,
        "on_error": "ErrorBackImagetxt",
        "next": [
            "SwipeUpivl05"
        ]
    },
    "SwipeUpivl05": {
        "action": "Swipe",
        "begin": [
            50,
            1200,
            10,
            10
        ],
        "end": [
            50,
            280,
            10,
            10
        ],
        "duration": 1200,
        "timeout": 20000,
        "on_error": "ErrorBackImagetxt",
        "next": [
            "ClickIt16"
        ]
    },
    "ClickIt16": {
        "recognition": "OCR",
        "expected": [
            "阅读量",
            "评论",
            "阅读"
        ],
        "roi": [
            15,
            228,
            693,
            303
        ],
        "action": "Click",
        "post_delay": 3500,
        "timeout": 20000,
        "on_error": "ErrorBackImagetxt",
        "next": [
            "BrowseImagetxtBack16"
        ]
    },
    "BrowseImagetxtBack16": {
        "action": "Key",
        "key": 4,
        "post_delay": 500,
        "timeout": 20000,
        "on_error": "ErrorBackImagetxt",
        "next": [
            "BrowseImagetxtComplete"
        ]
    },
    "BrowseImagetxtComplete": {
        "post_delay": 500,
        "next": [
            "ClickAudioPart",
            "ClickVideoPart"
        ]
    },
    "ClickAudioPart": {
        "recognition": "OCR",
        "expected": "音频",
        "roi": [
            2,
            112,
            718,
            110
        ],
        "action": "Click",
        "post_delay": 500,
        "next": [
            "ClickVideoPart"
        ]
    },
    "ClickVideoPart": {
        "recognition": "OCR",
        "expected": "视频",
        "roi": [
            2,
            112,
            718,
            110
        ],
        "action": "Click",
        "post_delay": 500,
        "timeout": 20000,
        "on_error": "ErrorBackVedio",
        "next": [
            "ClickVideo"
        ]
    },
    "ClickVideo": {
        "recognition": "TemplateMatch",
        "template": "watch.png",
        "roi": [
            26,
            232,
            670,
            484
        ],
        "action": "Click",
        "target": [
            26,
            232,
            670,
            484
        ],
        "post_delay": 3000,
        "next": [
            "Landscape",
            "SwipeVideo"
        ]
    },
    "Landscape": {
        "recognition": "TemplateMatch",
        "template": [
            "点赞.png",
            "点赞1.png",
            "like0.png",
            "like1.png"
        ],
        "roi": [
            405,
            1188,
            310,
            75
        ],
        "next": [
            "LandscapeBack"
        ]
    },
    "LandscapeBack": {
        "action": "Key",
        "key": 4,
        "next": [
            "SwipeToNextVideo"
        ]
    },
    "SwipeToNextVideo": {
        "action": "Swipe",
        "begin": [
            350,
            900,
            10,
            10
        ],
        "end": [
            350,
            585,
            10,
            10
        ],
        "next": [
            "ClickVideo"
        ]
    },
    "SwipeVideo": {
        "action": "Swipe",
        "duration": 300,
        "begin": [
            200,
            1000,
            10,
            10
        ],
        "end": [
            200,
            200,
            10,
            10
        ],
        "post_delay": 3000,
        "on_error": "BroswseVideoBack",
        "next": [
            "BrowseVideoComplete"
        ]
    },
    "BrowseVideoComplete": {
        "recognition": "TemplateMatch",
        "template": "浏览音视频完成.png",
        "next": [
            "SwipeVideo"
        ]
    },
    "BroswseVideoBack": {
        "action": "Key",
        "key": 4,
        "timeout": 20000,
        "on_error": "ErrorBackLive",
        "next": [
            "ClickLivePart"
        ]
    },
    "ClickLivePart": {
        "recognition": "OCR",
        "expected": "直播",
        "roi": [
            2,
            112,
            718,
            110
        ],
        "action": "Click",
        "post_delay": 500,
        "timeout": 20000,
        "on_error": "ErrorBackLive",
        "next": [
            "ClickLive01"
        ]
    },
    "ClickLive01": {
        "pre_delay": 200,
        "action": "Click",
        "target": [
            28,
            235,
            666,
            495
        ],
        "timeout": 20000,
        "on_error": [
            "LiveTimeout01"
        ],
        "next": [
            "WatchLiveComplete01"
        ]
    },
    "WatchLiveComplete01": {
        "recognition": "OCR",
        "expected": [
            "完成看直播"
        ],
        "action": "Key",
        "key": 4,
        "post_delay": 5000,
        "timeout": 20000,
        "on_error": [
            "LiveTimeout01"
        ],
        "next": [
            "ClickLive02"
        ]
    },
    "LiveTimeout01": {
        "action": "Key",
        "key": 4,
        "timeout": 20000,
        "on_error": "ErrorBackLive",
        "next": [
            "ClickLive02"
        ]
    },
    "ClickLive02": {
        "pre_delay": 200,
        "target": [
            30,
            760,
            665,
            499
        ],
        "action": "Click",
        "post_delay": 5000,
        "timeout": 20000,
        "on_error": "LiveTimeout02",
        "next": [
            "WatchLiveComplete02"
        ]
    },
    "WatchLiveComplete02": {
        "recognition": "OCR",
        "expected": [
            "完成看直播"
        ],
        "action": "Key",
        "key": 4,
        "timeout": 20000,
        "on_error": [
            "LiveTimeout02"
        ],
        "next": [
            "WatchLiveBack"
        ]
    },
    "LiveTimeout02": {
        "next": [
            "WatchLiveBack"
        ]
    },
    "WatchLiveBack": {
        "action": "Key",
        "key": 4,
        "post_delay": 2000,
        "interrupt": [
            "Back"
        ],
        "next": [
            "WatchTV"
        ]
    },
    "WatchTV": {
        "enabled": true,
        "recognition": "TemplateMatch",
        "template": [
            "wodes.png",
            "wodes_.png"
        ],
        "roi": [
            25,
            1162,
            679,
            98
        ],
        "action": "Click",
        "post_wait_freezes": 500,
        "post_delay": 1000,
        "interrupt": [
            "Back"
        ],
        "timeout": 20000,
        "on_error": "ErrorBackImagetxt",
        "next": [
            "MypointsTV"
        ]
    },
    "MypointsTV": {
        "recognition": "OCR",
        "expected": "我的积分",
        "action": "Click",
        "post_delay": 2000,
        "timeout": 20000,
        "on_error": "ErrorBackImagetxt",
        "next": [
            "SwipeUpTV"
        ]
    },
    "SwipeUpTV": {
        "action": "Swipe",
        "begin": [
            200,
            1200,
            10,
            10
        ],
        "end": [
            200,
            100,
            10,
            10
        ],
        "post_delay": 2000,
        "timeout": 20000,
        "on_error": "ErrorBackImagetxt",
        "next": [
            "ClickWatching"
        ]
    },
    "ClickWatching": {
        "recognition": "OCR",
        "expected": "去观看",
        "action": "Click",
        "post_delay": 1000,
        "timeout": 20000,
        "on_error": "ErrorBackImagetxt",
        "next": [
            "WatchingTV"
        ]
    },
    "WatchingTV": {
        "recognition": "OCR",
        "expected": [
            "节目单",
            "地市频道"
        ],
        "action": "Click",
        "post_delay": 200,
        "timeout": 20000,
        "on_error": [
            "TVRadioSwipe"
        ],
        "next": [
            "TVRadioComplete0"
        ]
    },
    "TVRadioSwipe": {
        "action": "Swipe",
        "begin": [
            380,
            575,
            10,
            10
        ],
        "end": [
            125,
            575,
            10,
            10
        ],
        "timeout": 20000,
        "on_error": "ErrorBackImagetxt",
        "next": [
            "TVRadioComplete02"
        ]
    },
    "TVRadioComplete0": {
        "recognition": "OCR",
        "expected": [
            "完成看电视、听广播"
        ],
        "action": "Swipe",
        "begin": [
            380,
            575,
            10,
            10
        ],
        "end": [
            125,
            575,
            10,
            10
        ],
        "timeout": 20000,
        "post_delay": 5000,
        "on_error": [
            "TVRadioComplete01"
        ],
        "next": [
            "TVRadioComplete02"
        ]
    },
    "TVRadioComplete01": {
        "recognition": "OCR",
        "expected": [
            "完成看电视、听广播"
        ],
        "action": "Swipe",
        "begin": [
            380,
            575,
            10,
            10
        ],
        "end": [
            125,
            575,
            10,
            10
        ],
        "timeout": 20000,
        "post_delay": 5000,
        "on_error": [
            "TVRadioTimeout01"
        ],
        "next": [
            "TVRadioComplete02"
        ]
    },
    "TVRadioTimeout01": {
        "timeout": 20000,
        "on_error": "ErrorBackImagetxt",
        "next": [
            "TVRadioComplete02"
        ]
    },
    "TVRadioComplete02": {
        "recognition": "OCR",
        "expected": [
            "完成看电视、听广播"
        ],
        "post_delay": 2000,
        "timeout": 20000,
        "on_error": [
            "TVRadioTimeout02"
        ],
        "next": [
            "PublishX2"
        ]
    },
    "TVRadioTimeout02": {
        "next": [
            "PublishX2"
        ]
    }
}