{
    "MergeSigninGetpoints": {
        "enabled": true,
        "interrupt": [
            "Back"
        ],
        "next": [
            "MergeSigninGetpoints1"
        ]
    },
    "MergeSigninGetpoints1": {
        "recognition": "TemplateMatch",
        "template": [
            "wodes.png",
            "wodes_.png"
        ],
        "roi": [
            25,
            1162,
            679,
            98
        ],
        "action": "Click",
        "post_wait_freezes": 500,
        "post_delay": 1000,
        "interrupt": [
            "Back"
        ],
        "next": [
            "Skip2",
            "MyPoints"
        ]
    },
    "MyPoints": {
        "recognition": "OCR",
        "expected": "我的积分",
        "action": "Click",
        "post_delay": 500,
        "next": [
            "SigningIn",
            "SignedIn"
        ]
    },
    "SigningIn": {
        "recognition": "OCR",
        "expected": "点击签到",
        "action": "Click",
        "next": [
            "SwipeUPsg"
        ]
    },
    "SignedIn": {
        "recognition": "OCR",
        "expected": "已签到",
        "next": [
            "SwipeUPsg"
        ]
    },
    "SwipeUPsg": {
        "action": "Swipe",
        "begin": [
            200,
            1200,
            10,
            10
        ],
        "end": [
            200,
            100,
            10,
            10
        ],
        "post_delay": 1000,
        "next": [
            "GettingPoints",
            "Back"
        ]
    },
    "GettingPoints": {
        "recognition": "TemplateMatch",
        "template": "领取.png",
        "roi": [
            0,
            138,
            719,
            216
        ],
        "action": "Click",
        "post_delay": 1000,
        "next": [
            "Back"
        ]
    }
}