{
    "NameList": {
        "enabled": true,
        "recognition": "OCR",
        "expected": [
            "天天开心",
            "莫离",
            "蓝莲花",
            "44",
            "lonely",
            "安心",
            "abc杨",
            "aniren",
            "blackjones",
            "dxy",
            "JJin",
            "LBKHL",
            "lbssn",
            "leejo",
            "LGW",
            "LionGalaxy",
            "ME",
            "Colourful",
            "核桃",
            "pinksnower",
            "QXxsc心中有爱",
            "Smiler",
            "today",
            "WWY",
            "Xxi",
            "Zachary",
            "Zcc",
            "Zll",
            "Zqq",
            "Zz",
            "ZzZz",
            "R",
            "阿来无敌",
            "阿文啊",
            "啊斗斗",
            "爱吃",
            "爱在鹤城",
            "安然竞汗",
            "宝仔fan",
            "博哥健身",
            "不卑不亢",
            "查理66",
            "拆家小能手",
            "超级山",
            "陈丽平",
            "晨曦JZ",
            "赤膊上阵",
            "楚风汉韵",
            "春春春春",
            "大海",
            "大师好",
            "大王米粒",
            "党政",
            "东方慕言",
            "独钓寒江",
            "读书人",
            "杜文豪用户",
            "多米诺骨牌",
            "朵斯提",
            "番茄",
            "芳 芳",
            "风中百合",
            "風 雲",
            "風",
            "雲",
            "冯涛",
            "浮云艳儿",
            "葛耀昕",
            "隔壁二傻",
            "庚申",
            "海阳",
            "海洋微风",
            "寒雨连江",
            "贾正武",
            "捡到星星的碎片",
            "见微知萌",
            "江湖客",
            "静等花开",
            "军培",
            "浚县孙不二",
            "开心就好好",
            "开心小马",
            "孔祥安",
            "快睡",
            "蓝色的鱼",
            "蓝颜达格",
            "李吉艳",
            "李木子",
            "李少东",
            "李烁",
            "李腾",
            "刘超波",
            "刘红",
            "卢卫东",
            "马慧",
            "马瑛",
            "鸣蝉",
            "茉莉鱼",
            "陌上花开",
            "莫红军",
            "木子悦",
            "慕颜",
            "奶油豆包",
            "霓影芳菲",
            "宁黎涛",
            "怦然心懂",
            "山景",
            "平平淡淡才是真",
            "七七四十九吖",
            "淇水汤汤",
            "轻松",
            "邱玉涛",
            "秋天的星空",
            "仁者乐山",
            "三少君",
            "山野樵夫",
            "时越",
            "薯条爱吃板栗",
            "水里养鲨鱼",
            "孙小麦",
            "涛声依旧",
            "涛声",
            "天下太平",
            "王木木",
            "王腾飞",
            "五六月fa",
            "王小妮",
            "向阳",
            "骁",
            "小灰灰爱生活",
            "小贾哥",
            "谢发发",
            "幸幸",
            "雪纳瑞",
            "杨先生",
            "杨莹",
            "洋洋吃不饱",
            "一路生花",
            "一条小鱼",
            "一叶知秋",
            "一壮",
            "伊岷",
            "尹喵喵",
            "映山红",
            "永不消逝的电波",
            "用户_11788",
            "用户_11876",
            "用户_11889",
            "用户_11918",
            "用户",
            "用户_14428",
            "倚树听泉",
            "豫见钰见",
            "袁建",
            "月光中的九色鹿",
            "月啦啦",
            "云倦风轻",
            "云上学习",
            "云深不知处",
            "再飞一会儿",
            "枣尚豪",
            "张忠伟",
            "致远",
            "中波",
            "中波之家",
            "中一",
            "周宗新",
            "追星星的蜗牛",
            "空白"
        ],
        "roi": [
            0,
            224,
            720,
            892
        ],
        "pre_delay": 500,
        "post_delay": 1500,
        "focus": {
            "succeeded": "识别到成员，进入评论中..."
        },
        "next": [
            "ClickName"
        ]
    },
    "CheckNameList": {
        "enabled": true,
        "recognition": "OCR",
        "expected": [
            "天天开心",
            "莫离",
            "蓝莲花",
            "44",
            "lonely",
            "安心",
            "abc杨",
            "aniren",
            "blackjones",
            "dxy",
            "JJin",
            "LBKHL",
            "lbssn",
            "leejo",
            "LGW",
            "LionGalaxy",
            "ME",
            "Colourful",
            "核桃",
            "pinksnower",
            "QXxsc心中有爱",
            "Smiler",
            "today",
            "WWY",
            "Xxi",
            "Zachary",
            "Zcc",
            "Zll",
            "Zqq",
            "Zz",
            "ZzZz",
            "R",
            "阿来无敌",
            "阿文啊",
            "啊斗斗",
            "爱吃",
            "爱在鹤城",
            "安然竞汗",
            "宝仔fan",
            "博哥健身",
            "不卑不亢",
            "查理66",
            "拆家小能手",
            "超级山",
            "陈丽平",
            "晨曦JZ",
            "赤膊上阵",
            "楚风汉韵",
            "春春春春",
            "大海",
            "大师好",
            "大王米粒",
            "党政",
            "东方慕言",
            "独钓寒江",
            "读书人",
            "杜文豪用户",
            "多米诺骨牌",
            "朵斯提",
            "番茄",
            "芳 芳",
            "风中百合",
            "風 雲",
            "風",
            "雲",
            "冯涛",
            "浮云艳儿",
            "葛耀昕",
            "隔壁二傻",
            "庚申",
            "海阳",
            "海洋微风",
            "寒雨连江",
            "贾正武",
            "捡到星星的碎片",
            "见微知萌",
            "江湖客",
            "静等花开",
            "军培",
            "浚县孙不二",
            "开心就好好",
            "开心小马",
            "孔祥安",
            "快睡",
            "蓝色的鱼",
            "蓝颜达格",
            "李吉艳",
            "李木子",
            "李少东",
            "李烁",
            "李腾",
            "刘超波",
            "刘红",
            "卢卫东",
            "马慧",
            "马瑛",
            "鸣蝉",
            "茉莉鱼",
            "陌上花开",
            "莫红军",
            "木子悦",
            "慕颜",
            "奶油豆包",
            "霓影芳菲",
            "宁黎涛",
            "怦然心懂",
            "山景",
            "平平淡淡才是真",
            "七七四十九吖",
            "淇水汤汤",
            "轻松",
            "邱玉涛",
            "秋天的星空",
            "仁者乐山",
            "三少君",
            "山野樵夫",
            "时越",
            "薯条爱吃板栗",
            "水里养鲨鱼",
            "孙小麦",
            "涛声依旧",
            "涛声",
            "天下太平",
            "王木木",
            "王腾飞",
            "五六月fa",
            "王小妮",
            "向阳",
            "骁",
            "小灰灰爱生活",
            "小贾哥",
            "谢发发",
            "幸幸",
            "雪纳瑞",
            "杨先生",
            "杨莹",
            "洋洋吃不饱",
            "一路生花",
            "一条小鱼",
            "一叶知秋",
            "一壮",
            "伊岷",
            "尹喵喵",
            "映山红",
            "永不消逝的电波",
            "用户_11788",
            "用户_11876",
            "用户_11889",
            "用户_11918",
            "用户",
            "用户_14428",
            "倚树听泉",
            "豫见钰见",
            "袁建",
            "月光中的九色鹿",
            "月啦啦",
            "云倦风轻",
            "云上学习",
            "云深不知处",
            "再飞一会儿",
            "枣尚豪",
            "张忠伟",
            "致远",
            "中波",
            "中波之家",
            "中一",
            "周宗新",
            "追星星的蜗牛",
            "空白"
        ],
        "pre_delay": 500,
        "focus": {
            "succeeded": "识别到成员，评论中..."
        },
        "on_error": [
            "CantFindComment"
        ],
        "next": [
            "CCommentImage",
            "CCommentVideo",
            "ClickCommentVideo"
        ]
    },
    "NotCCommentVideoBack": {
        "recognition": "TemplateMatch",
        "template": "video_comment.png",
        "roi": [
            597,
            494,
            84,
            517
        ],
        "threshold": 0.6,
        "green_mask": true,
        "pre_delay": 2000,
        "post_delay": 500,
        "next": [
            "NotCCommentBack"
        ]
    }
    
}