{
    "PublishX2": {
        "enabled": true,
        "post_wait_freezes": 500,
        "post_delay": 1000,
        "interrupt": [
            "Back"
        ],
        "next": [
            "Home"
        ]
    },
    "Home": {
        "recognition": "TemplateMatch",
        "template": [
            "首页.png",
            "首页0.png"
        ],
        "action": "Click",
        "focus": true,
        "focus_succeeded": "开始执行发布作品X2任务",
        "next": [
            "ClickxxAI"
        ]
    },
    "ClickxxAI": {
        "enabled": true,
        "recognition": "OCR",
        "expected": "象小AI",
        "roi": [
            12,
            11,
            689,
            118
        ],
        "action": "Click",
        "post_wait_freezes": 500,
        "post_delay": 1000,
        "next": [
            "ClickInputTxt01"
        ]
    },
    "ClickInputTxt01": {
        "recognition": "OCR",
        "expected": "请输入您的问题",
        "action": "Click",
        "post_delay": 500,
        "next": [
            "InputPrompt01"
        ]
    },
    "InputPrompt01": {
        "action": "InputText",
        "input_text": "随机一句古诗解读，不要重复",
        "next": [
            "AnalogInputClick01",
            "SendPrompt01"
        ]
    },
    "AnalogInputClick01": {
        "recognition": "OCR",
        "expected": "请输入您的问题",
        "action": "Click",
        "post_delay": 500,
        "next": [
            "AnalogInput011"
        ]
    },
    "AnalogInput011": {
        "action": "InputText",
        "input_text": "suijiyijugushijiedu",
        "next": [
            "AnalogInput012"
        ]
    },
    "AnalogInput012": {
        "recognition": "OCR",
        "expected": [
            "随机一句古诗解读",
            "随机一句古",
            "古诗"
        ],
        "action": "Click",
        "next": [
            "SendPrompt01"
        ]
    },
    "SendPrompt01": {
        "recognition": "TemplateMatch",
        "template": "send.png",
        "action": "Click",
        "post_wait_freezes": 1000,
        "post_delay": 3600,
        "next": [
            "Rebuild",
            "CopyReply01"
        ]
    },
    "Rebuild": {
        "recognition": "TemplateMatch",
        "template": "rebuild.png",
        "action": "Click",
        "post_wait_freezes": 1000,
        "post_delay": 5000,
        "next": [
            "CopyReply01"
        ]
    },
    "CopyReply01": {
        "recognition": "TemplateMatch",
        "template": "copy.png",
        "action": "Click",
        "post_delay": 500,
        "interrupt": [
            "CopyReply01"
        ],
        "next": [
            "CopySuccess01"
        ]
    },
    "CopySuccess01": {
        "recognition": "OCR",
        "expected": "复制成功",
        "timeout": 20000,
        "on_error": "ErrorBackPublish",
        "next": [
            "ClickPublishWorks01"
        ]
    },
    "ClickPublishWorks01": {
        "recognition": "OCR",
        "expected": "发布作品",
        "roi": [
            15,
            1082,
            685,
            70
        ],
        "action": "Click",
        "timeout": 20000,
        "on_error": "ErrorBackPublish",
        "next": [
            "Chat01"
        ]
    },
    "Chat01": {
        "recognition": "OCR",
        "expected": "热聊",
        "action": "Click",
        "post_wait_freezes": 500,
        "next": [
            "ClickTextBox01"
        ]
    },
    "ClickTextBox01": {
        "recognition": "OCR",
        "expected": "想说点什么吧",
        "action": "Click",
        "target": [
            30,
            160,
            200,
            120
        ],
        "next": [
            "InputReply01"
        ]
    },
    "InputReply01": {
        "action": "Swipe",
        "begin": [
            61,
            194,
            10,
            10
        ],
        "end": [
            81,
            194,
            10,
            10
        ],
        "duration": 1000,
        "next": [
            "PasteReply01"
        ]
    },
    "PasteReply01": {
        "recognition": "OCR",
        "expected": "粘贴",
        "action": "Click",
        "interrupt": [
            "InputmethodCheck",
            "InputmethodCheck0",
            "Input#01"
        ],
        "next": [
            "PasteFail01",
            "ClickTopic01"
        ]
    },
    "PasteFail01": {
        "recognition": "OCR",
        "expected": "想说点什么吧~",
        "interrupt": [
            "InputmethodCheck",
            "InputmethodCheck0"
        ],
        "next": [
            "XFPaste01"
        ]
    },
    "XFPaste01": {
        "recognition": "TemplateMatch",
        "template": "edit.png",
        "roi": [
            5,
            728,
            709,
            100
        ],
        "action": "Click",
        "next": [
            "ClickXFPaste01"
        ]
    },
    "ClickXFPaste01": {
        "recognition": "OCR",
        "expected": "粘贴",
        "action": "Click",
        "interrupt": [
            "InputmethodCheck",
            "InputmethodCheck0",
            "Input#01"
        ],
        "next": [
            "ClickTopic01"
        ]
    },
    "ClickTopic01": {
        "recognition": "OCR",
        "expected": "#话题",
        "action": "Click",
        "next": [
            "SwipeTopic01"
        ]
    },
    "Input#01": {
        "action": "InputText",
        "input_text": "#",
        "next": [
            "SwipeTopic01"
        ]
    },
    "SwipeTopic01": {
        "action": "Swipe",
        "begin": [
            100,
            1250,
            10,
            10
        ],
        "end": [
            100,
            1150,
            10,
            10
        ],
        "next": [
            "SelectTopic01",
            "SwipeTopic01"
        ]
    },
    "SelectTopic01": {
        "recognition": "OCR",
        "expected": "#",
        "index": 3,
        "action": "Click",
        "next": [
            "ClickPublish01"
        ]
    },
    "ClickPublish01": {
        "recognition": "OCR",
        "expected": "发布",
        "action": "Click",
        "next": [
            "PublishSuccess01"
        ]
    },
    "PublishSuccess01": {
        "recognition": "OCR",
        "expected": [
            "已提交",
            "等待审核"
        ],
        "post_delay": 2000,
        "timeout": 20000,
        "on_error": "ErrorBackPublish",
        "focus": true,
        "focus_succeeded": "发布作品1已完成",
        "next": [
            "ClickInputTxt02"
        ]
    },
    "ClickInputTxt02": {
        "recognition": "OCR",
        "expected": "请输入您的问题",
        "action": "Click",
        "post_delay": 500,
        "focus": true,
        "focus_succeeded": "开始执行发布作品2",
        "next": [
            "InputPrompt02"
        ]
    },
    "InputPrompt02": {
        "action": "InputText",
        "input_text": "随机一句古语或成语解读，不要重复",
        "post_delay": 500,
        "next": [
            "AnalogInputClick02",
            "SendPrompt02"
        ]
    },
    "AnalogInputClick02": {
        "recognition": "OCR",
        "expected": [
            "输入您的问题"
        ],
        "action": "Click",
        "post_delay": 500,
        "next": [
            "AnalogInput021"
        ]
    },
    "AnalogInput021": {
        "action": "InputText",
        "input_text": "suijiyijuguyujiedu",
        "next": [
            "AnalogInput022"
        ]
    },
    "AnalogInput022": {
        "recognition": "OCR",
        "expected": [
            "随机一句古语解读",
            "随机一句古",
            "古语"
        ],
        "action": "Click",
        "next": [
            "SendPrompt02"
        ]
    },
    "SendPrompt02": {
        "recognition": "TemplateMatch",
        "template": "send.png",
        "action": "Click",
        "post_wait_freezes": 1000,
        "post_delay": 3600,
        "next": [
            "Rebuild02",
            "CopyReply02"
        ]
    },
    "Rebuild02": {
        "recognition": "TemplateMatch",
        "template": "rebuild.png",
        "action": "Click",
        "post_wait_freezes": 1000,
        "post_delay": 5000,
        "timeout": 20000,
        "on_error": "ErrorBackPublish",
        "next": [
            "CopyReply02"
        ]
    },
    "CopyReply02": {
        "recognition": "TemplateMatch",
        "template": "copy.png",
        "action": "Click",
        "interrupt": [
            "CopyReply02"
        ],
        "timeout": 20000,
        "on_error": "ErrorBackPublish",
        "next": [
            "CopySuccess02"
        ]
    },
    "CopySuccess02": {
        "recognition": "OCR",
        "expected": "复制成功",
        "timeout": 20000,
        "on_error": "ErrorBackPublish",
        "next": [
            "ClickPublishWorks02"
        ]
    },
    "ClickPublishWorks02": {
        "recognition": "OCR",
        "expected": "发布作品",
        "roi": [
            15,
            1082,
            685,
            70
        ],
        "action": "Click",
        "timeout": 20000,
        "on_error": "ErrorBackPublish",
        "next": [
            "Chat02"
        ]
    },
    "Chat02": {
        "recognition": "OCR",
        "expected": "热聊",
        "action": "Click",
        "post_wait_freezes": 500,
        "next": [
            "ClickTextBox02"
        ]
    },
    "ClickTextBox02": {
        "recognition": "OCR",
        "expected": "想说点什么吧",
        "action": "Click",
        "target": [
            30,
            160,
            200,
            120
        ],
        "next": [
            "InputReply02"
        ]
    },
    "InputReply02": {
        "action": "Swipe",
        "begin": [
            61,
            194,
            10,
            10
        ],
        "end": [
            81,
            194,
            10,
            10
        ],
        "duration": 1000,
        "next": [
            "PasteReply02"
        ]
    },
    "PasteReply02": {
        "recognition": "OCR",
        "expected": "粘贴",
        "action": "Click",
        "next": [
            "PasteFail02",
            "ClickTopic02",
            "Input#02"
        ]
    },
    "PasteFail02": {
        "recognition": "OCR",
        "expected": "想说点什么吧~",
        "next": [
            "XFPaste02"
        ]
    },
    "XFPaste02": {
        "recognition": "TemplateMatch",
        "template": "edit.png",
        "roi": [
            5,
            728,
            709,
            100
        ],
        "action": "Click",
        "next": [
            "ClickXFPaste02"
        ]
    },
    "ClickXFPaste02": {
        "recognition": "OCR",
        "expected": "粘贴",
        "action": "Click",
        "next": [
            "ClickTopic02",
            "Input#02"
        ]
    },
    "ClickTopic02": {
        "recognition": "OCR",
        "expected": "#话题",
        "action": "Click",
        "next": [
            "SwipeTopic02"
        ]
    },
    "Input#02": {
        "action": "InputText",
        "input_text": "#",
        "next": [
            "SwipeTopic02"
        ]
    },
    "SwipeTopic02": {
        "action": "Swipe",
        "begin": [
            100,
            1250,
            10,
            10
        ],
        "end": [
            100,
            1150,
            10,
            10
        ],
        "next": [
            "SelectTopic02",
            "SwipeTopic02"
        ]
    },
    "SelectTopic02": {
        "recognition": "OCR",
        "expected": "#",
        "index": 3,
        "action": "Click",
        "next": [
            "ClickPublish02"
        ]
    },
    "ClickPublish02": {
        "recognition": "OCR",
        "expected": "发布",
        "action": "Click",
        "next": [
            "PublishSuccess02"
        ]
    },
    "PublishSuccess02": {
        "recognition": "OCR",
        "expected": [
            "已提交",
            "等待审核"
        ],
        "post_delay": 2000,
        "focus": true,
        "focus_succeeded": "发布作品2已完成",
        "next": [
            "Back"
        ]
    }
}