{
    "Publish": {
        "enabled": true,
        "post_wait_freezes": 500,
        "post_delay": 1000,
        "interrupt": [
            "Back"
        ],
        "next": [
            "进入首页"
        ]
    },
    "进入首页": {
        "recognition": "TemplateMatch",
        "template": [
            "首页.png",
            "首页0.png"
        ],
        "action": "Click",
        "next": [
            "点击象小AI"
        ]
    },
    "点击象小AI": {
        "enabled": true,
        "recognition": "OCR",
        "expected": "象小AI",
        "roi": [
            12,
            11,
            689,
            118
        ],
        "action": "Click",
        "post_wait_freezes": 500,
        "post_delay": 1000,
        "next": [
            "点击输入框p"
        ]
    },
    "点击输入框p": {
        "recognition": "OCR",
        "expected": "请输入您的问题",
        "action": "Click",
        "post_delay": 500,
        "next": [
            "输入问题p"
        ]
    },
    "输入问题p": {
        "action": "InputText",
        "input_text": "随机一句古语或成语解读，不要重复",
        "next": [
            "未输入问题",
            "发送问题p"
        ]
    },
    "未输入问题": {
        "recognition": "OCR",
        "expected": "请输入您的问题",
        "action": "Click",
        "post_delay": 500,
        "next": [
            "输入法输入问题1"
        ]
    },
    "输入法输入问题1": {
        "action": "InputText",
        "input_text": "suijiyijuguyujiedu",
        "next": [
            "输入法输入问题2"
        ]
    },
    "输入法输入问题2": {
        "recognition": "OCR",
        "expected": [
            "随机一句古语解读",
            "随机一句古",
            "古语"
        ],
        "action": "Click",
        "next": [
            "发送问题p"
        ]
    },
    "发送问题p": {
        "recognition": "TemplateMatch",
        "template": "send.png",
        "action": "Click",
        "post_wait_freezes": 1000,
        "post_delay": 3600,
        "next": [
            "复制回答p"
        ]
    },
    "复制回答p": {
        "recognition": "TemplateMatch",
        "template": "copy.png",
        "action": "Click",
        "next": [
            "点击发布作品p"
        ]
    },
    "点击发布作品p": {
        "recognition": "OCR",
        "expected": "发布作品",
        "roi": [
            15,
            1082,
            685,
            70
        ],
        "action": "Click",
        "next": [
            "发布热聊"
        ]
    },
    "发布热聊": {
        "recognition": "OCR",
        "expected": "热聊",
        "action": "Click",
        "post_wait_freezes": 500,
        "next": [
            "点击输入框"
        ]
    },
    "点击输入框": {
        "recognition": "OCR",
        "expected": "想说点什么吧",
        "action": "Click",
        "target": [
            30,
            160,
            200,
            120
        ],
        "next": [
            "输入发布内容"
        ]
    },
    "输入发布内容": {
        "action": "Swipe",
        "begin": [
            61,
            194,
            10,
            10
        ],
        "end": [
            81,
            194,
            10,
            10
        ],
        "duration": 1000,
        "next": [
            "粘贴内容"
        ]
    },
    "粘贴内容": {
        "recognition": "OCR",
        "expected": "粘贴",
        "action": "Click",
        "next": [
            "粘贴未成功",
            "点击话题"
        ]
    },
    "粘贴未成功": {
        "recognition": "OCR",
        "expected": "想说点什么吧~",
        "next": [
            "输入法粘贴"
        ]
    },
    "输入法粘贴": {
        "recognition": "TemplateMatch",
        "template": "edit.png",
        "roi": [
            5,
            728,
            709,
            100
        ],
        "action": "Click",
        "next": [
            "点击输入法粘贴"
        ]
    },
    "点击输入法粘贴": {
        "recognition": "OCR",
        "expected": "粘贴",
        "action": "Click",
        "next": [
            "点击话题"
        ]
    },
    "点击话题": {
        "recognition": "OCR",
        "expected": "#话题",
        "action": "Click",
        "next": [
            "滑动查看话题"
        ]
    },
    "滑动查看话题": {
        "action": "Swipe",
        "begin": [
            100,
            1250,
            10,
            10
        ],
        "end": [
            100,
            1150,
            10,
            10
        ],
        "next": [
            "选择话题",
            "滑动查看话题"
        ]
    },
    "选择话题": {
        "recognition": "OCR",
        "expected": "#",
        "index": 2,
        "action": "Click",
        "next": [
            "点击话题发布"
        ]
    },
    "点击话题发布": {
        "recognition": "OCR",
        "expected": "发布",
        "action": "Click"
    },
    "发布已提交": {
        "recognition": "OCR",
        "expected": [
            "已提交",
            "等待审核"
        ],
        "post_delay": 2000,
        "next": [
            "Back"
        ]
    }
}