{
    "RepkyLike": {
        "enabled": true,
        "next": [
            "ReplyLikeSwipe",
            "回赞检查关注列表",
            "回赞进入主页"
        ]
    },
    "回赞进入主页": {
        "recognition": "TemplateMatch",
        "template": [
            "wodes.png",
            "wodes_.png"
        ],
        "roi": [
            25,
            1162,
            679,
            98
        ],
        "action": "Click",
        "post_wait_freezes": 500,
        "post_delay": 500,
        "interrupt": [
            "Back"
        ],
        "next": [
            "回赞进入消息",
            "回赞点击关注列表"
        ]
    },
    "回赞进入消息":{
        "enabled": true,
        "recognition": "OCR",
        "expected":[
            "我的消息"
        ],
        "action": "Click",
        "post_delay": 1000,
        "next":[
            "回赞新粉丝",
            "回赞我的消息"
        ]
    },
    "我的消息滑动刷新":{
        "enabled": true,
        "recognition": "OCR",
        "expected":[
            "我的消息"
        ],
        "action": "Swipe",
        "begin": [343, 286, 1, 1],
        "end": [356, 1211, 1, 1],
        "post_delay": 2000,
        "interrupt":[
            "我的消息滑动刷新2"
        ],
        "next":[
            "回赞新粉丝"
        ]
    },
    "我的消息滑动刷新2":{
        "enabled": true,
        "recognition": "OCR",
        "expected":[
            "我的消息"
        ],
        "action": "Swipe",
        "begin": [343, 286, 1, 1],
        "end": [356, 1211, 1, 1]
    },
    "回赞新粉丝":{
        "enabled": true,
        "recognition": "OCR",
        "expected":[
            "新粉丝"
        ],
        "roi": [0, 132, 720, 225],
        "action": "Click",
        "timeout": 6000,
        "on_error":[
            "回赞任务完成"
        ],
        "next":[
            "点击去看看"
        ]
    },
    "点击去看看":{
        "recognition": "OCR",
        "expected":[
            "去看看"
        ],
        "roi": [540, 129, 180, 1151],
        "order_by": "Vertical",
        "action": "Click",
        "post_delay": 2000,
        "next":[
            "ReplyLikeSwipe"
        ]
    },
    "回赞我的消息":{
        "recognition": "OCR",
        "expected":[
            "我的消息"
        ],
        "roi": [0, 53, 720, 92],
        "order_by": "Vertical",
        "next":[
            "回赞消息滑动"
        ]
    },
    "回赞消息滑动":{
        "recognition": "OCR",
        "expected":[
            "其他消息"
        ],
        "action": "Swipe",
        "begin": true,
        "end": "回赞我的消息",
        "duration": 1000,
        "post_delay": 1000,
        "timeout": 6000,
        "on_error":[
            "回赞任务完成"
        ],
        "next":[
            "点击消息"
        ]
    },
    "点击消息":{
        "recognition": "TemplateMatch",
        "template": "msg01.png",
        "roi": [604, 240, 116, 1040],
        "action": "Click",
        "post_delay": 1000,
        "next":[
            "进入消息"
        ]
    },
    "进入消息":{
        "recognition": "TemplateMatch",
        "template": "添加.png",
        "roi": [546, 1177, 174, 103],
        "next":[
            "点击头像"
        ]
    },
    "点击头像":{
        "recognition": "TemplateMatch",
        "template": "头像.png",
        "roi": [0, 145, 129, 1038],
        "threshold":0.1,
        "action": "Click",
        "post_delay": 1000,
        "next":[
            "点击头像进入账号",
            "进入消息"
        ]
    },
    "点击头像进入账号":{
        "recognition": "OCR",
        "expected":[
            "更新提醒"
        ],
        "roi": [0, 40, 720, 77],
        "post_delay": 1000,
        "next":[
            "ReplyLikeSwipe"
        ]
    },
    "回赞点击关注列表": {
        "enabled": true,
        "recognition": "OCR",
        "expected": "关注",
        "action": "Click",
        "post_delay": 2000,
        "next": [
            "回赞检查关注列表",
            "回赞关注列表返回"
        ]
    },
    "回赞关注列表返回": {
        "action": "Key",
        "key": 4,
        "next": [
            "回赞点击关注列表"
        ]
    },
    "回赞关注列表": {
        "recognition": "OCR",
        "expected":[
            "关注列表",
            "粉丝列表"
        ],
        "next":[
            "回赞检查关注列表",
            "回赞关注列表返回"
        ]
    },
    "回赞检查关注列表": {
        "recognition": "OCR",
        "expected": [
            "关注列表",
            "粉丝列表"
        ],
        "roi": [0, 42, 720, 100],
        "interrupt": [
            "回赞关注列表滑动"
        ],
        "post_delay": 2000,
        "next": [
            "回赞选择大象号"
        ]
    },
    "回赞关注列表滑动": {
        "action": "Swipe",
        "begin": [
            200,
            800,
            10,
            10
        ],
        "end": [
            200,
            400,
            10,
            10
        ],
        "duration": 1200,
        "post_delay": 1000
    },
    "回赞选择大象号": {
        "recognition": "OCR",
        "expected": [
            "河南交通广播"
        ],
        "action": "Click",
        "post_wait_freezes": 1000,
        "post_delay": 1000,
        "focus": {
            "succeeded": "识别进入大象号成功",
            "failed": "识别进入大象号失败，请检查所选账号是否在关注列表"
        },
        "next": [
            "ReplyLikeSwipe",
            "回赞选择大象号2nd"
        ]
    },
    "回赞选择大象号2nd": {
        "action": "Key",
        "key": 4,
        "next": [
            "回赞选择大象号"
        ]
    },
    "ReplyLikeSwipe": {
        "recognition": "OCR",
        "expected": [
            "评论",
            "图文",
            "全部",
            "已发布",
            "审核中",
            "更新提醒"
        ],
        "roi": [0, 40, 720, 835],
        "pre_delay": 200,
        "action": "Swipe",
        "begin": [
            200,
            1000,
            10,
            10
        ],
        "end": [
            200,
            650,
            10,
            10
        ],
        "duration": 300,
        "post_delay": 500,
        "post_wait_freezes": 200,
        "next": [
            "ReplyLikeImagetxtPart"
        ]
    },
    "ReplyLikeImagetxtPart": {
        "recognition": "OCR",
        "expected": "图文",
        "action": "Click",
        "pre_wait_freezes": 200,
        "post_delay": 500,
        "focus": {
            "succeeded": "开始执行回复图文任务"
        },
        "next": [
            "ReplyImageTxt"
        ]
    },
    "ReplyImageTxt": {
        "on_error": [
            "ReplyImageBack"
        ],
        "next": [
            "EndLine",
            "ReplyImage01"
        ]
    },
    "ReplyImage01": {
        "recognition": "OCR",
        "expected": [
            "阅读量\\d+",
            "评论\\d+",
            "\\d+评论",
            "\\d+点赞",
            "\\d+分享"
        ],
        "order_by": "Vertical",
        "index": 0,
        "action": "Click",
        "post_delay": 2000,
        "next": [
            "ReplyImageLike",
            "ReplyImageFavorite",
            "ReplyImageComment",
            "ReplyImageBack"
        ]
    },
    "ReplyImageLike": {
        "recognition": "TemplateMatch",
        "template": [
            "点赞.png",
            "like0.png"
        ],
        "roi": [
            405,
            1188,
            310,
            75
        ],
        "action": "Click",
        "target": [
            652,
            1210,
            38,
            42
        ],
        "next": [
            "ReplyImageFavorite",
            "ReplyImageComment"
        ]
    },
    "ReplyImageFavorite": {
        "recognition": "TemplateMatch",
        "template": [
            "收藏.png"
        ],
        "roi": [
            405,
            1188,
            310,
            75
        ],
        "action": "Click",
        "target": [
            501,
            1208,
            42,
            44
        ],
        "next": [
            "ReplyImageComment"
        ]
    },
    "ReplyImageComment": {
        "recognition": "OCR",
        "expected": [
            "期待你",
            "的评论"
        ],
        "roi": [
            50,
            1215,
            300,
            30
        ],
        "action": "Click",
        "target": [
            50,
            1215,
            300,
            30
        ],
        "interrupt": [
            "InputmethodCheck",
            "InputmethodCheck0"
        ],
        "next": [
            "ReplyInputComment"
        ]
    },
    "ReplyInputComment": {
        "recognition": "TemplateMatch",
        "template": "大象新语.png",
        "action": "Click",
        "next": [
            "ReplyInputComment2"
        ]
    },
    "ReplyInputComment2": {
        "recognition": "TemplateMatch",
        "template": "大象新语.png",
        "action": "Click",
        "target": [
            42,
            473,
            1,
            1
        ],
        "next": [
            "ReplySendComment"
        ]
    },
    "ReplySendComment": {
        "recognition": "TemplateMatch",
        "template": [
            "发表0.png",
            "发表.png"
        ],
        "action": "Click",
        "post_delay": 2000,
        "next": [
            "ReplyImageBack"
        ]
    },
    "ReplyImageBack": {
        "action": "Key",
        "key": 4,
        "post_delay": 800,
        "next": [
            "ReplyLikeSwipe02"
        ]
    },
    "ReplyLikeSwipe02": {
        "recognition": "OCR",
        "expected": [
            "评论",
            "全部"
        ],
        "pre_delay": 200,
        "action": "Swipe",
        "begin": [
            200,
            800,
            10,
            10
        ],
        "end": [
            200,
            400,
            10,
            10
        ],
        "duration": 1000,
        "post_delay": 500,
        "post_wait_freezes": 200,
        "next": [
            "ReplyImageTxt"
        ]
    },
    "EndLine": {
        "recognition": "OCR",
        "expected": "我也是有底线的",
        "next": [
            "ReplyLikeVideoPart"
        ]
    },
    "ReplyLikeVideoPart": {
        "recognition": "OCR",
        "expected": "视频",
        "action": "Click",
        "pre_wait_freezes": 200,
        "post_delay": 500,
        "focus": {
            "succeeded": "开始执行回复视频任务"
        },
        "next": [
            "ReplyVideo"
        ]
    },
    "ReplyVideo": {
        "next": [
            "EndLine02",
            "ReplyEndDay",
            "ReplyVideo01",
            "ReplyVideoM"
        ]
    },
    "ReplyEndDay":{
        "recognition": "OCR",
        "expected":[
            "4天前"
        ],
        "order_by": "Vertical",
        "index": 1,
        "roi": [0, 245, 720, 1035],
        "next":[
            "ReplyBack"
        ]
    },
    "ReplyVideoM": {
        "recognition": "OCR",
        "expected": [
            "\\d+评论",
            "\\d+点赞",
            "\\d+分享"
        ],
        "order_by": "Vertical",
        "index": 0,
        "action": "Click",
        "post_delay": 2000,
        "next": [
            "ReplyVideoLike1",
            "ReplyVideoLike",
            "ReplyVideoCollect1",
            "ReplyVideoCollect",
            "ReplyVideoBack"
        ]
    },
    "ReplyVideo01": {
        "recognition": "TemplateMatch",
        "template": "watch.png",
        "order_by": "Vertical",
        "index": 0,
        "action": "Click",
        "post_delay": 2000,
        "next": [
            "ReplyVideoLike1",
            "ReplyVideoLike",
            "ReplyVideoCollect1",
            "ReplyVideoCollect",
            "ReplyVideoBack"
        ]
    },
    "ReplyVideoLike1": {
        "recognition": "TemplateMatch",
        "template": "video_like1g.png",
        "roi": [598, 503, 84, 85],
        "green_mask": true,
        "next": [
            "ReplyVideoCollect1",
            "ReplyVideoCollect",
            "ReplyVideoBack"
        ]
    },
    "ReplyVideoCollect1": {
        "recognition": "TemplateMatch",
        "template": "video_collect1g.png",
        "roi": [601, 764, 80, 77],
        "green_mask": true,
        "threshold": 0.6,
        "next": [
            "ReplyVideoBack"
        ]
    },
    "ReplyVideoLike": {
        "recognition": "TemplateMatch",
        "template": "video_like0g.png",
        "roi": [598, 503, 84, 85],
        "green_mask": true,
        "threshold": 0.45,
        "action": "Click",
        "next": [
            "ReplyVideoCollect1",
            "ReplyVideoCollect",
            "ReplyVideoBack"
        ]
    },
    "ReplyVideoCollect": {
        "recognition": "TemplateMatch",
        "template": "video_collect0g.png",
        "roi": [601, 764, 80, 77],
        "green_mask": true,
        "threshold": 0.45,
        "action": "Click",
        "next": [
            "ReplyVideoBack"
        ]
    },
    "ReplyVideoBack": {
        "recognition": "OCR",
        "expected":[
            "期待你查重",
            "的评论"
        ],
        "roi": [
            50,
            1165,
            400,
            100
        ],
        "pre_delay": 1000,
        "action": "Key",
        "key": 4,
        "post_delay": 1000,
        "next": [
            "ReplyLikeSwipe03"
        ]
    },
    "ReplyLikeSwipe03": {
        "recognition": "TemplateMatch",
        "template": "watch.png",
        "order_by": "Vertical",
        "index": 1,
        "pre_delay": 200,
        "action": "Swipe",
        "begin": true,
        "end": "ReplyVideo01",
        "duration": 1000,
        "interrupt":[
            "ReplyVideoBack"
        ],
        "post_delay": 800,
        "next": [
            "ReplyVideo"
        ]
    },
    "EndLine02": {
        "enabled": false,
        "recognition": "OCR",
        "expected": "我也是有底线的",
        "focus": {
            "succeeded": "[color:blue]回赞与收藏任务完成[/color]"
        },
        "next": [
            "ReplyBack"
        ]
    },
    "ReplyBack": {
        "enabled": true,
        "action": "Key",
        "key": 4,
        "timeout": 6000,
        "on_error":[
            "回赞任务完成"
        ],
        "next":[
            "回赞返回消息",
            "回赞粉丝滑动"
        ]
    },
    "回赞返回消息":{
        "enabled": true,
        "recognition": "TemplateMatch",
        "template":[
            "添加.png"
        ],
        "roi": [546, 1177, 174, 103],
        "action": "Key",
        "key": 4,
        "post_delay": 2000,
        "timeout": 6000,
        "on_error":[
            "RepkyLike"
        ],
        "next":[
            "回赞我的消息"
        ]
    },
    "回赞粉丝滑动":{
        "enabled": true,
        "recognition": "OCR",
        "expected":[
            "去看看"
        ],
        "order_by": "Vertical",
        "index": 1,
        "begin": true,
        "end": "点击去看看",
        "post_delay": 1000,
        "next":[
            "点击去看看"
        ]
    },
    "回赞任务完成": {
        "enabled": true,
        "focus": {
            "succeeded": "[color:blue]回赞与收藏任务完成[/color]"
        },
        "next":[
            
        ]
    }
}