{
    "Share": {
        "next": [
            "ReplyImageShare",
            "ReplyVideoShare"
        ]
    },
    "ReplyImageShare": {
        "recognition": "TemplateMatch",
        "template": "分享.png",
        "roi": [
            405,
            1188,
            310,
            75
        ],
        "action": "Click",
        "post_delay": 500,
        "next": [
            "ReplyShareToQQ"
        ]
    },
    "ReplyVideoShare": {
        "recognition": "TemplateMatch",
        "template": "video_share0.png",
        "roi": [
            626,
            471,
            65,
            611
        ],
        "green_mask": true,
        "threshold": 0.45,
        "action": "Click",
        "post_delay": 500,
        "next": [
            "ReplyShareToQQ"
        ]
    },
    "ReplyShareToQQ": {
        "recognition": "OCR",
        "expected": "QQ",
        "roi": [
            1,
            662,
            719,
            615
        ],
        "action": "Click",
        "post_delay": 500,
        "next": [
            "ShareImageVideoExit",
            "Share"
        ]
    },
    "ReplyShareSuccessBack": {
        "action": "Key",
        "key": 4,
        "next": [
            "ShareImageVideoExit",
            "Share"
        ]
    },
    "ShareImageVideoExit": {
        "action": "Key",
        "key": 4,
        "next": [
            "ShareContM"
        ]
    },
    "ImageOrVideo": {
        "next": [
            "ShareBackImage",
            "ShareBackVideo"
        ]
    },
    "ShareBackImage": {
        "recognition": "TemplateMatch",
        "template": "分享.png",
        "roi": [
            405,
            1188,
            310,
            75
        ],
        "next": [
            "ReplyImageLike",
            "ReplyImageFavorite",
            "ReplyImageBack",
            "ReplyImageComment"
        ]
    },
    "ShareBackVideo": {
        "recognition": "TemplateMatch",
        "template": "video_share0.png",
        "roi": [
            626,
            471,
            65,
            611
        ],
        "threshold": 0.45,
        "green_mask": true,
        "next": [
            "ReplyVideoLike1",
            "ReplyVideoLike",
            "ReplyVideoCollect1",
            "ReplyVideoCollect",
            "ReplyVideoBack"
        ]
    },
    "ShareMy": {
        "enabled": true,
        "interrupt": [
            "Back"
        ],
        "next": [
            "ShareMy01"
        ]
    },
    "ShareMy01": {
        "recognition": "TemplateMatch",
        "template": [
            "wodes.png",
            "wodes_.png",
            "woder.png"
        ],
        "roi": [
            25,
            1162,
            679,
            98
        ],
        "action": "Click",
        "post_wait_freezes": 500,
        "post_delay": 500,
        "interrupt": [
            "Back"
        ],
        "next": [
            "ShareClickContent"
        ]
    },
    "ShareClickContent": {
        "recognition": "OCR",
        "expected": "内容",
        "action": "Click",
        "post_delay": 2000,
        "next": [
            "ShareSwipeUpM"
        ]
    },
    "ShareSwipeUpM": {
        "recognition": "OCR",
        "expected": [
            "已发布",
            "审核中"
        ],
        "roi": [
            0,
            707,
            720,
            558
        ],
        "pre_delay": 200,
        "action": "Swipe",
        "begin": [
            200,
            1000,
            10,
            10
        ],
        "end": [
            200,
            650,
            10,
            10
        ],
        "duration": 300,
        "post_delay": 500,
        "post_wait_freezes": 200,
        "focus": true,
        "focus_succeeded": "识别进入个人内容成功，开始执行个人分享任务",
        "focus_failed": "识别进入个人内容失败",
        "next": [
            "ShareClickVideo",
            "ShareClickTxt"
        ]
    },
    "ShareClickVideo": {
        "recognition": "OCR",
        "expected": "视频",
        "action": "Click",
        "next": [
            "ShareContM"
        ]
    },
    "ShareContM": {
        "recognition": "OCR",
        "expected": [
            "\\d+评论",
            "\\d+点赞",
            "\\d+分享",
            "阅读量\\d+",
            "评论\\d+"
        ],
        "index": 0,
        "action": "Click",
        "post_delay": 5000,
        "next": [
            "Share"
        ]
    },
    "ShareDone": {
        "enabled": true,
        "recognition": "OCR",
        "expected": [
            "150"
        ],
        "roi": [
            633,
            989,
            53,
            34
        ],
        "action": "Key",
        "key": 4,
        "focus": true,
        "focus_succeeded": "最新视频分享量已达150，开始图文分享",
        "next": [
            "ShareClickTxt"
        ]
    },
    "ShareTimeImage": {
        "enabled": true,
        "recognition": "TemplateMatch",
        "template": "分享.png",
        "roi": [
            405,
            1188,
            310,
            75
        ],
        "next": [
            "ShareTime"
        ]
    },
    "ShareTime": {
        "enabled": true,
        "recognition": "OCR",
        "expected": [
            ":30"
        ],
        "roi": [
            0,
            0,
            189,
            45
        ],
        "action": "Key",
        "key": 4,
        "focus": true,
        "focus_succeeded": "最新图文分享已分享至半点",
        "next": [
            "Stop"
        ]
    },
    "ShareClickTxt": {
        "recognition": "OCR",
        "expected": "图文",
        "action": "Click",
        "next": [
            "ShareContM"
        ]
    }
}