{
    "Awake":{
        "next":[
            "Sleep"
        ]
    },
    "Sleep": {
        "focus": {
            "succeeded": "零点/等待10分钟..."
        },
        "next": [
            "Sleeping"
        ]
    },
    "Sleeping": {
        "timeout": 600000,
        "on_error": [
            "StartTask"
        ],
        "next": [
            "Zero"
        ]
    },
    "Zero": {
        "recognition": "OCR",
        "expected": "0:00",
        "roi": [
            0,
            0,
            189,
            45
        ],
        "focus": {
            "succeeded": "检测到零点，准备启动..."
        },
        "next":[
            "StartTask"
        ]
    },
    "StartTask":{
        "next": [
            "Startup"
        ]
    }
}