{
    "Startup": {
        "next": "StartApp"
    },
    "StartApp": {
        "action": "StartApp",
        "package": "com.hnr.dxxw",
        "post_delay": 3000,
        "focus": {
            "start": "正在启动Dxxw...",
            "succeeded": "启动成功"
        },
        "next": [
            "Skip1"
        ]
    },
    "Skip1": {
        "recognition": "OCR",
        "expected": "跳过",
        "action": "Click",
        "post_delay": 1500,
        "next": [
            "Skip2",
            "ReStartDxxw04"
        ]
    },
    "Skip2": {
        "recognition": "OCR",
        "expected": "跳过",
        "action": "Click",
        "post_delay": 1500,
        "next": [
            "ReStartDxxw04"
        ]
    },
    "CheckDxxw": {
        "recognition": "OCR",
        "expected": "大象新闻"
    },
    "StopApp": {
        "recognition": "TemplateMatch",
        "roi": "CheckDxxw",
        "roi_offset": [
            0,
            -83,
            0,
            -83
        ],
        "template": "dxxw.png",
        "action": "StopApp",
        "package": "com.hnr.dxxw",
        "post_delay": 3000,
        "focus": {
            "start": "正在关闭Dxxw..."
        },
        "next": [
            "Restart"
        ]
    },
    "Restart": {
        "recognition": "TemplateMatch",
        "roi": "CheckDxxw",
        "roi_offset": [
            0,
            -83,
            0,
            -83
        ],
        "template": "dxxw.png",
        "post_delay": 2000,
        "focus": {
            "start": "准备重启Dxxw"
        },
        "next": [
            "Startup"
        ]
    },
    "NotResponding": {
        "recognition": "OCR",
        "expected": [
            "大象新闻没有响应",
            "关闭应用",
            "没有响应"
        ],
        "action": "StopApp",
        "package": "com.hnr.dxxw",
        "post_delay": 3000,
        "focus": {
            "start": "应用没有响应，正在关闭Dxxw..."
        },
        "next": [
            "Restart",
            "Startup"
        ]
    },
    "ReStartDxxw01":{
        "action": "StopApp",
        "package": "com.hnr.dxxw",
        "post_delay": 6000,
        "focus": {
            "start": "[color:blue]关闭Dxxw，等待重启...[/color]"
        },
        "next": [
             "ReStartDxxw02"
        ]       
    },
    "ReStartDxxw02":{
        "action": "StartApp",
        "package": "com.hnr.dxxw",
        "post_delay": 10000,
        "timeout": 60000,
        "focus": {
            "start": "[color:blue]启动Dxxw...[/color]"
        },
        "next": [
            "ReStartDxxw03",
            "ReStartDxxw04"
        ]
    },
    "ReStartDxxw03":{
        "recognition": "OCR",
        "expected":[
            "跳过"
        ],
        "post_delay": 6000,
        "next":[
            "ReStartDxxw04"
        ]
    },
    "ReStartDxxw04":{
        "recognition": "OCR",
        "expected":[
            "首页",
            "我的"
        ],
        "roi": [
            25,
            1162,
            679,
            98
        ],
        "post_delay": 3000,
        "timeout": 16000,
        "on_error":[
            "ReStartDxxw05"
        ],
        "next":[
            "关闭升级弹窗"
        ]
    },
    "关闭升级弹窗":{
        "enabled": true,
        "recognition": "OCR",
        "expected":[
            "发现新版本",
            "立即升级"
        ],
        "roi": [108, 305, 498, 651],
        "action": "Click",
        "target": [359, 1030, 1, 1],
        "next":[
            "关闭升级弹窗2",
            "ReStartDxxw05"
        ]
    },
    "关闭升级弹窗2":{
        "enabled": true,
        "recognition": "OCR",
        "expected":[
            "发现新版本",
            "立即升级"
        ],
        "roi": [108, 305, 498, 651],
        "action": "Click",
        "target": [359, 1030, 1, 1],
        "next":[
            "ReStartDxxw05"
        ]
    },
    "ReStartDxxw05":{
        "recognition": "OCR",
        "expected":[
            "我的"
        ],
        "roi": [
            25,
            1162,
            679,
            98
        ],
        "pre_delay": 3000,
        "action": "Click",
        "post_delay": 1000,
        "timeout": 12000,
        "next":[
            "Stop"
        ]
    },

    "已登录账号":{
        "enabled": true,
        "recognition": "OCR",
        "expected":[
            "用户_",
            "申请认证"
        ],
        "focus": {
            "succeeded": "[color:blue]账号已登录[/color]"
        },
        "next":[
            "Stop"
        ]
    },
    "启动后登录账号":{
        "enabled": true,
        "recognition": "OCR",
        "expected": [
            "登录/注册"
        ],
        "action": "Click",
        "post_delay": 2600,
        "next": [
            "启动后点击密码登录"
        ]
    },
    "启动后点击密码登录":{
        "recognition": "OCR",
        "expected":[
            "密码登录"
        ],
        "pre_delay": 1000,
        "action": "Click",
        "next":[
            "启动后点击阅读并同意"
        ]
    },
    "启动后点击阅读并同意": {
        "recognition": "TemplateMatch",
        "template": "gouxuan.png",
        "roi": [
            49,
            1061,
            46,
            51
        ],
        "action": "Click",
        "next": [
            "启动后点击手机号输入框"
        ]
    },
    "启动后点击手机号输入框": {
        "recognition": "OCR",
        "expected": [
            "请输入手机号",
            "请输人手机号"
        ],
        "pre_delay": 800,
        "action": "Click",
        "next": [
            "启动后输入手机号"
        ]
    },
    "启动后输入手机号":{
        "recognition": "OCR",
        "expected": [
            "请输入手机号",
            "请输人手机号"
        ],
        "action": "InputText",
        "input_text": "11111111111",
        "next":[
            "启动后点击密码输入框"
        ]
    },
    "启动后点击密码输入框": {
        "recognition": "OCR",
        "expected": [
            "请输入密码",
            "请输人密码"
        ],
        "action": "Click",
        "next": [
            "启动后输入密码"
        ]
    },
    "启动后输入密码":{
        "recognition": "OCR",
        "expected": [
            "请输入密码",
            "请输人密码"
        ],
        "action": "InputText",
        "input_text": "12345678",
        "next":[
            "启动后输入完成返回",
            "启动后密码点击登录"
        ]
    },
    "启动后输入完成返回":{
        "recognition": "OCR",
        "expected": [
            "符",
            "@",
            "中文"
        ],
        "action": "Key",
        "key": 4,
        "next":[
            "启动后密码点击登录"
        ]
    },
    "启动后密码点击登录": {
        "recognition": "OCR",
        "expected": [
            "登录"
        ],
        "roi": [
            120,
            743,
            483,
            135
        ],
        "action": "Click",
        "post_delay": 5000,
        "next": [
            "Stop"
        ]
    }
}