{
    "Startup": {
        "next": "StartApp"
    },
    "StartApp": {
        "action": "StartApp",
        "package": "com.hnr.dxxw",
        "post_delay": 3000,
        "focus": {
            "start": "正在启动Dxxw...",
            "succeeded": "启动成功"
        },
        "next": [
            "Skip1"
        ]
    },
    "Skip1": {
        "recognition": "OCR",
        "expected": "跳过",
        "action": "Click",
        "post_delay": 1500,
        "next": [
            "Skip2",
            "Back"
        ]
    },
    "Skip2": {
        "recognition": "OCR",
        "expected": "跳过",
        "action": "Click",
        "post_delay": 1500,
        "next": [
            "Back"
        ]
    },
    "CheckDxxw": {
        "recognition": "OCR",
        "expected": "大象新闻"
    },
    "StopApp": {
        "recognition": "TemplateMatch",
        "roi": "CheckDxxw",
        "roi_offset": [
            0,
            -83,
            0,
            -83
        ],
        "template": "dxxw.png",
        "action": "StopApp",
        "package": "com.hnr.dxxw",
        "post_delay": 3000,
        "focus": {
            "start": "正在关闭Dxxw..."
        },
        "next": [
            "Restart"
        ]
    },
    "Restart": {
        "recognition": "TemplateMatch",
        "roi": "CheckDxxw",
        "roi_offset": [
            0,
            -83,
            0,
            -83
        ],
        "template": "dxxw.png",
        "post_delay": 2000,
        "focus": {
            "start": "准备重启Dxxw"
        },
        "next": [
            "Startup"
        ]
    },
    "NotResponding": {
        "recognition": "OCR",
        "expected": [
            "大象新闻没有响应",
            "关闭应用",
            "没有响应"
        ],
        "action": "StopApp",
        "package": "com.hnr.dxxw",
        "post_delay": 3000,
        "focus": {
            "start": "应用没有响应，正在关闭Dxxw..."
        },
        "next": [
            "Restart",
            "Startup"
        ]
    },
    "ReStartDxxw01":{
        "action": "StopApp",
        "package": "com.hnr.dxxw",
        "post_delay": 6000,
        "focus": {
            "start": "[color:blue]关闭Dxxw，等待重启...[/color]"
        },
        "next": [
             "ReStartDxxw02"
        ]       
    },
    "ReStartDxxw02":{
        "action": "StartApp",
        "package": "com.hnr.dxxw",
        "post_delay": 10000,
        "timeout": 60000,
        "focus": {
            "start": "[color:blue]启动Dxxw...[/color]"
        },
        "next": [
            "ReStartDxxw03"
        ]
    },
    "ReStartDxxw03":{
        "recognition": "OCR",
        "expected":[
            "跳过"
        ],
        "post_delay": 6000,
        "next":[
            "ReStartDxxw04"
        ]
    },
    "ReStartDxxw04":{
        "recognition": "OCR",
        "expected":[
            "首页",
            "我的"
        ],
        "roi": [
            25,
            1162,
            679,
            98
        ],
        "post_delay": 3000,
        "next":[
            "Stop"
        ]
    }
}