{
    "Startup": {
        "next": "StartApp"
    },
    "StartApp": {
        "action": "StartApp",
        "package": "com.hnr.dxxw",
        "post_delay": 3000,
        "next": [
            "Skip1"
        ]
    },
    "Skip1": {
        "recognition": "OCR",
        "expected": "跳过",
        "action": "Click",
        "post_delay": 1500,
        "next": [
            "Skip2",
            "Back"
        ]
    },
    "Skip2": {
        "recognition": "OCR",
        "expected": "跳过",
        "action": "Click",
        "post_delay": 1500,
        "next": [
            "Back"
        ]
    },
    "CheckDxxw": {
        "recognition": "OCR",
        "expected": "大象新闻"
    },
    "StopApp": {
        "recognition": "TemplateMatch",
        "roi": "CheckDxxw",
        "roi_offset": [
            0,
            -83,
            0,
            -83
        ],
        "template": "dxxw.png",
        "action": "StopApp",
        "package": "com.hnr.dxxw",
        "post_delay": 3000,
        "next": [
            "Restart"
        ]
    },
    "Restart": {
        "recognition": "TemplateMatch",
        "roi": "CheckDxxw",
        "roi_offset": [
            0,
            -83,
            0,
            -83
        ],
        "template": "dxxw.png",
        "post_delay": 2000,
        "next": [
            "Startup"
        ]
    }
}