{
    "TaskCheck": {
        "enabled": true,
        "interrupt": [
            "StopApp",
            "Gddjt",
            "Back"
        ],
        "next": [
            "TaskMy"
        ]
    },
    "TaskMy": {
        "recognition": "TemplateMatch",
        "template": [
            "wodes.png",
            "wodes_.png"
        ],
        "roi": [
            25,
            1162,
            679,
            98
        ],
        "action": "Click",
        "post_wait_freezes": 500,
        "post_delay": 1000,
        "interrupt": [
            "Back"
        ],
        "next": [
            "TaskMyPoints"
        ]
    },
    "TaskMyPoints": {
        "recognition": "OCR",
        "expected": "我的积分",
        "action": "Click",
        "post_delay": 2000,
        "interrupt": [
            "TaskSwipe"
        ],
        "next": [
            "TaskImagetxt"
        ]
    },
    "TaskSwipe": {
        "action": "Swipe",
        "begin": [
            200,
            600,
            10,
            10
        ],
        "end": [
            200,
            100,
            10,
            10
        ],
        "post_delay": 500
    },
    "TaskImagetxt": {
        "recognition": "OCR",
        "expected": "浏览图文作品",
        "next": [
            "TaskImagetxtComplete",
            "TaskImagetxtUndone"
        ]
    },
    "TaskImagetxtComplete": {
        "recognition": "OCR",
        "expected": "已领取",
        "roi": "TaskImagetxt",
        "roi_offset": [
            0,
            0,
            352,
            38
        ],
        "focus": true,
        "focus_succeeded": "浏览图文已完成",
        "focus_succeeded_color": "Blue",
        "next": [
            "TaskComment"
        ]
    },
    "TaskImagetxtUndone": {
        "recognition": "OCR",
        "expected": "去浏览",
        "roi": "TaskImagetxt",
        "roi_offset": [
            0,
            0,
            352,
            38
        ],
        "focus": true,
        "focus_tip": "浏览图文未完成，前去完成",
        "focus_tip_color": "Blue",
        "next": [
            "TaskImagetxtUndoneLess",
            "MergeBrowsePublish000"
        ]
    },
    "TaskImagetxtUndoneLess": {
        "recognition": "OCR",
        "expected": [
            "12/15",
            "13/15",
            "14/15"
        ],
        "roi": "TaskImagetxt",
        "roi_offset": [
            0,
            0,
            352,
            38
        ],
        "focus": true,
        "next": [
            "ErrorImagetxt0013"
        ]
    },
    "TaskComment": {
        "recognition": "OCR",
        "expected": "评论",
        "next": [
            "TaskCommentCommplete",
            "TaskCommentIndone"
        ]
    },
    "TaskCommentCommplete": {
        "recognition": "OCR",
        "expected": "已领取",
        "roi": "TaskComment",
        "roi_offset": [
            0,
            0,
            600,
            38
        ],
        "focus": true,
        "focus_succeeded": "评论已完成",
        "focus_succeeded_color": "Blue",
        "next": [
            "TaskVideo"
        ]
    },
    "TaskCommentIndone": {
        "recognition": "OCR",
        "expected": "去评论",
        "roi": "TaskComment",
        "roi_offset": [
            0,
            0,
            600,
            38
        ],
        "focus": true,
        "focus_tip": "评论未完成，前去完成",
        "focus_tip_color": "Blue",
        "next": [
            "ErrorImagetxt0013"
        ]
    },
    "TaskVideo": {
        "recognition": "OCR",
        "expected": "浏览音视频作品",
        "next": [
            "TaskVideoComplete",
            "TaskVideoUndone"
        ]
    },
    "TaskVideoComplete": {
        "recognition": "OCR",
        "expected": "已领取",
        "roi": "TaskVideo",
        "roi_offset": [
            0,
            0,
            352,
            38
        ],
        "interrupt": [
            "TaskSwipe"
        ],
        "focus": true,
        "focus_succeeded": "浏览音视频已完成",
        "focus_succeeded_color": "Blue",
        "next": [
            "TaskNotification"
        ]
    },
    "TaskVideoUndone": {
        "recognition": "OCR",
        "expected": "去浏览",
        "roi": "TaskVideo",
        "roi_offset": [
            0,
            0,
            352,
            38
        ],
        "focus": true,
        "focus_tip": "浏览音视频未完成，前去完成",
        "focus_tip_color": "Blue",
        "next": [
            "ErrorGeneral"
        ]
    },
    "TaskNotification": {
        "recognition": "OCR",
        "expected": "允许大象新闻",
        "next": [
            "TaskNotificationComplete",
            "TaskNotificationUndone"
        ]
    },
    "TaskNotificationComplete": {
        "recognition": "OCR",
        "expected": "已领取",
        "roi": "TaskNotification",
        "roi_offset": [
            0,
            0,
            352,
            38
        ],
        "interrupt": [
            "TaskSwipe"
        ],
        "focus": true,
        "focus_succeeded": "每日通知积分已领取",
        "focus_succeeded_color": "Blue",
        "next": [
            "TaskTVRadio"
        ]
    },
    "TaskNotificationUndone": {
        "recognition": "OCR",
        "expected": "领取",
        "roi": "TaskNotification",
        "roi_offset": [
            0,
            0,
            352,
            38
        ],
        "index": 1,
        "action": "Click",
        "interrupt": [
            "TaskSwipe"
        ],
        "focus": true,
        "focus_succeeded": "每日通知积分已领取",
        "focus_succeeded_color": "Blue",
        "next": [
            "TaskTVRadio"
        ]
    },
    "TaskTVRadio": {
        "recognition": "OCR",
        "expected": "看电视、听广播",
        "next": [
            "TaskTVRadioComplete",
            "TaskTVRadioUndone"
        ]
    },
    "TaskTVRadioComplete": {
        "recognition": "OCR",
        "expected": "已领取",
        "roi": "TaskTVRadio",
        "roi_offset": [
            0,
            0,
            352,
            38
        ],
        "focus": true,
        "focus_succeeded": "看电视听广播已完成",
        "focus_succeeded_color": "Blue",
        "next": [
            "TaskLive"
        ]
    },
    "TaskTVRadioUndone": {
        "recognition": "OCR",
        "expected": "去观看",
        "roi": "TaskTVRadio",
        "roi_offset": [
            0,
            0,
            352,
            38
        ],
        "focus": true,
        "focus_tip": "看电视听广播未完成，前去完成",
        "focus_tip_color": "Blue",
        "next": [
            "WatchVideoradio"
        ]
    },
    "TaskLive": {
        "recognition": "OCR",
        "expected": "看直播",
        "next": [
            "TaskLiveComplete",
            "TaskLiveUndone"
        ]
    },
    "TaskLiveComplete": {
        "recognition": "OCR",
        "expected": "已领取",
        "roi": "TaskLive",
        "roi_offset": [
            0,
            0,
            352,
            38
        ],
        "focus": true,
        "focus_succeeded": "观看直播已完成",
        "focus_succeeded_color": "Blue",
        "next": [
            "Back"
        ]
    },
    "TaskLiveUndone": {
        "recognition": "OCR",
        "expected": "去观看",
        "roi": "TaskLive",
        "roi_offset": [
            0,
            0,
            352,
            38
        ],
        "focus": true,
        "focus_tip": "观看直播未完成，前去完成",
        "focus_tip_color": "Blue",
        "next": [
            "ErrorGeneralLive"
        ]
    },
    "Gddjt": {
        "recognition": "OCR",
        "expected": "广电大讲堂",
        "post_delay": 1000,
        "next": [
            "NoMyPoints"
        ]
    },
    "NoMyPoints": {
        "recognition": "OCR",
        "expected": "我的积分",
        "inverse": true,
        "post_delay": 1000,
        "focus": true,
        "focus_succeeded": "界面异常，准备重启APP",
        "next": [
            "StopApp"
        ]
    }
}