{
    "TaskCheck": {
        "enabled": true,
        "interrupt": [
            "StopApp",
            "Gddjt",
            "Back"
        ],
        "next": [
            "TaskMy"
        ]
    },
    "TaskMy": {
        "recognition": "TemplateMatch",
        "template": [
            "wodes.png",
            "wodes_.png"
        ],
        "roi": [
            25,
            1162,
            679,
            98
        ],
        "action": "Click",
        "post_wait_freezes": 500,
        "post_delay": 1000,
        "interrupt": [
            "Back"
        ],
        "next": [
            "TaskMyPoints"
        ]
    },
    "TaskMyPoints": {
        "recognition": "OCR",
        "expected": "我的积分",
        "action": "Click",
        "post_delay": 2000,
        "interrupt": [
            "TaskSwipe"
        ],
        "next": [
            "TaskImagetxt"
        ]
    },
    "TaskSwipe": {
        "action": "Swipe",
        "begin": [
            200,
            600,
            10,
            10
        ],
        "end": [
            200,
            100,
            10,
            10
        ],
        "post_delay": 500
    },
    "TaskImagetxt": {
        "recognition": "OCR",
        "expected": "浏览内容",
        "next": [
            "TaskImagetxtComplete",
            "TaskImagetxtUndone"
        ]
    },
    "TaskImagetxtComplete": {
        "recognition": "OCR",
        "expected": "已领取",
        "roi": "TaskImagetxt",
        "roi_offset": [
            0,
            0,
            392,
            44
        ],
        "focus": {
            "succeeded": "[color:blue]浏览内容已完成[/color]"
        },
        "next": [
            "TaskComment"
        ]
    },
    "TaskImagetxtUndone": {
        "recognition": "OCR",
        "expected": "去浏览",
        "roi": "TaskImagetxt",
        "roi_offset": [
            0,
            0,
            392,
            44
        ],
        "focus": {
            "start": "[color:blue]浏览内容未完成，前去完成[/color]"
        },
        "next": [
            "MergeBrowsePublish000"
        ]
    },
    "TaskComment": {
        "recognition": "OCR",
        "expected": "评论",
        "next": [
            "TaskCommentCommplete",
            "TaskCommentIndone"
        ]
    },
    "TaskCommentCommplete": {
        "recognition": "OCR",
        "expected": "已领取",
        "roi": "TaskComment",
        "roi_offset": [
            0,
            0,
            600,
            38
        ],
        "focus": {
            "succeeded": "[color:blue]评论已完成[/color]"
        },
        "next": [
            "TaskNotification"
        ]
    },
    "TaskCommentIndone": {
        "recognition": "OCR",
        "expected": "去评论",
        "roi": "TaskComment",
        "roi_offset": [
            0,
            0,
            600,
            38
        ],
        "focus": {
            "start": "[color:blue]评论未完成，前去完成[/color]"
        },
        "next": [
            "ErrorImagetxt0013"
        ]
    },
    "TaskNotification": {
        "recognition": "OCR",
        "expected": "允许大象新闻",
        "next": [
            "TaskNotificationComplete",
            "TaskNotificationUndone",
            "NoGetPoints"
        ]
    },
    "NoGetPoints": {
        "focus": {
            "start": "未领取每日通知积分已领取，请手动领取"
        }
    },
    "TaskNotificationComplete": {
        "recognition": "OCR",
        "expected": "已领取",
        "roi": "TaskNotification",
        "roi_offset": [
            0,
            -10,
            352,
            38
        ],
        "interrupt": [
            "TaskSwipe"
        ],
        "focus": {
            "succeeded": "[color:blue]每日通知积分已领取[/color]"
        },
        "next": [
            "Back"
        ]
    },
    "TaskNotificationUndone": {
        "recognition": "OCR",
        "expected": "领取",
        "roi": "TaskNotification",
        "roi_offset": [
            0,
            -10,
            352,
            38
        ],
        "index": 1,
        "interrupt": [
            "TaskSwipe"
        ],
        "focus": {
            "succeeded": "[color:blue]每日通知积分已领取[/color]"
        },
        "next": [
            "Back"
        ]
    },
    "Gddjt": {
        "recognition": "OCR",
        "expected": "广电大讲堂",
        "post_delay": 1000,
        "next": [
            "NoMyPoints"
        ]
    },
    "NoMyPoints": {
        "recognition": "OCR",
        "expected": "我的积分",
        "inverse": true,
        "post_delay": 1000,
        "focus": {
            "succeeded": "界面异常，准备重启APP"
        },
        "next": [
            "StopApp"
        ]
    }
}