{
    "ToContent": {
        "enabled": true,
        "next": [
            "ToContentMy",
            "[JumpBack]Back"
        ]
    },
    "ToContentMy": {
        "recognition": "TemplateMatch",
        "template": [
            "wodes.png",
            "wodes_.png",
            "woder.png"
        ],
        "roi": [
            25,
            1162,
            679,
            98
        ],
        "action": "Click",
        "post_wait_freezes": 500,
        "post_delay": 500,
        "next": [
            "ToClickContent",
            "[JumpBack]Back"
        ]
    },
    "ToClickContent": {
        "recognition": "OCR",
        "expected": "内容",
        "action": "Click",
        "post_delay": 2000,
        "next": [
            "ToContentSwipeUp"
        ]
    },
    "ToContentSwipeUp": {
        "recognition": "OCR",
        "expected": [
            "已发布",
            "审核中"
        ],
        "roi": [
            0,
            707,
            720,
            558
        ],
        "pre_delay": 200,
        "action": "Swipe",
        "begin": [
            200,
            1000,
            10,
            10
        ],
        "end": [
            200,
            650,
            10,
            10
        ],
        "duration": 300,
        "post_delay": 500,
        "post_wait_freezes": 200,
        "focus": {
            "succeeded": "进入个人内容成功",
            "failed": "进入个人内容失败"
        },
        "next": [
            "ToContentAll"
        ]
    },
    "ToContentAll": {
        "recognition": "OCR",
        "expected": [
            "全部"
        ],
        "action": "Click",
        "next": [
            "Stop"
        ]
    }
}
