{
    "WatchVideoradio": {
        "enabled": true,
        "interrupt": [
            "Back"
        ],
        "next": [
            "WatchVideoradio1"
        ]
    },
    "WatchVideoradio1": {
        "recognition": "TemplateMatch",
        "template": [
            "wodes.png",
            "wodes_.png"
        ],
        "roi": [
            25,
            1162,
            679,
            98
        ],
        "action": "Click",
        "post_wait_freezes": 500,
        "post_delay": 1000,
        "interrupt": [
            "Back"
        ],
        "next": [
            "点击我的积分r"
        ]
    },
    "点击我的积分r": {
        "recognition": "OCR",
        "expected": "我的积分",
        "action": "Click",
        "post_delay": 2000,
        "next": [
            "电视广播上滑"
        ]
    },
    "电视广播上滑": {
        "action": "Swipe",
        "begin": [
            200,
            1200,
            10,
            10
        ],
        "end": [
            200,
            100,
            10,
            10
        ],
        "post_delay": 2000,
        "next": [
            "点击去观看"
        ]
    },
    "点击去观看": {
        "recognition": "OCR",
        "expected": "去观看",
        "action": "Click",
        "post_delay": 1000,
        "next": [
            "看电视",
            "看直播"
        ]
    },
    "看电视": {
        "recognition": "OCR",
        "expected": [
            "节目单",
            "地市频道"
        ],
        "action": "Click",
        "post_delay": 200,
        "timeout": 20000,
        "on_error": [
            "看电视滑动"
        ],
        "next": [
            "完成看电视听广播0"
        ]
    },
    "看直播": {
        "recognition": "OCR",
        "expected": [
            "直播预告",
            "直击现场"
        ],
        "post_delay": 200,
        "next": [
            "直击现场"
        ]
    },
    "看电视滑动": {
        "action": "Swipe",
        "begin": [
            380,
            575,
            10,
            10
        ],
        "end": [
            125,
            575,
            10,
            10
        ],
        "next": [
            "完成看电视听广播2"
        ]
    },
    "完成看电视听广播0": {
        "recognition": "OCR",
        "expected": [
            "完成看电视、听广播"
        ],
        "action": "Swipe",
        "begin": [
            380,
            575,
            10,
            10
        ],
        "end": [
            125,
            575,
            10,
            10
        ],
        "timeout": 20000,
        "post_delay": 5000,
        "on_error": [
            "完成看电视听广播1"
        ],
        "next": [
            "完成看电视听广播2"
        ]
    },
    "完成看电视听广播1": {
        "recognition": "OCR",
        "expected": [
            "完成看电视、听广播"
        ],
        "action": "Swipe",
        "begin": [
            380,
            575,
            10,
            10
        ],
        "end": [
            125,
            575,
            10,
            10
        ],
        "timeout": 20000,
        "post_delay": 5000,
        "on_error": [
            "看电视听广播超时1"
        ],
        "next": [
            "完成看电视听广播2"
        ]
    },
    "看电视听广播超时1": {
        "next": [
            "完成看电视听广播2"
        ]
    },
    "完成看电视听广播2": {
        "recognition": "OCR",
        "expected": [
            "完成看电视、听广播"
        ],
        "post_delay": 2000,
        "timeout": 20000,
        "on_error": [
            "看电视听广播超时2"
        ],
        "next": [
            "Back"
        ]
    },
    "看电视听广播超时2": {
        "next": [
            "Back"
        ]
    }
}