{
    "Weibo": {
        "recognition": "OCR",
        "expected": [
            "网页链接"
        ],
        "action": "Click",
        "pre_delay": 500,
        "post_delay": 500,
        "next": [
            "ClickPlay",
            "Link"
        ]
    },
    "Link": {
        "recognition": "OCR",
        "expected": [
            "网页链接"
        ],
        "next": [
            "Weibo"
        ]
    },
    "ClickPlay": {
        "recognition": "OCR",
        "expected": [
            "打开APP"
        ],
        "target": [
            361,
            707,
            1,
            1
        ],
        "action": "Click",
        "post_delay": 11000,
        "next": [
            "WeiboBack"
        ]
    },
    "WeiboBack": {
        "action": "Key",
        "key": 4,
        "next": [
            "Weibo"
        ]
    }
}