{
    "Invite":{
        "next":[
            "打开易码",
            "打开浏览器",
            "StartYezi",
            "OpenDxxw"
        ]
    },
    "StartYezi": {
        "enabled": false,
        "action": "StartApp",
        "package": "yezi.com",
        "post_delay": 2000,
        "focus": {
            "succeeded": "打开yezi，获取号码"
        },
        "next": [
            "GetCodePage"
        ]
    },
    "GetCodePage":{
        "recognition": "OCR",
        "expected":[
            "短信取码"
        ],
        "action": "Click",
        "post_delay": 500,
        "next":[
            "YeziSwipe"
        ]
    },
    "YeziSwipe": {
        "action": "Swipe",
        "begin": [
            200,
            1000,
            10,
            10
        ],
        "end": [
            200,
            400,
            10,
            10
        ],
        "duration": 300,
        "post_delay": 500,
        "next": [
            "OutNumber"
        ]
    },
    "OutNumber": {
        "recognition": "OCR",
        "expected": [
            "拉黑号码"
        ],
        "action": "Click",
        "next": [
            "GetNumber"
        ]
    },
    "GetNumber": {
        "recognition": "OCR",
        "expected": [
            "获取号码"
        ],
        "action": "Click",
        "post_delay": 2000,
        "next": [
            "NoBalance",
            "CopyNumber"
        ]
    },
    "NoBalance":{
        "recognition": "OCR",
        "expected":[
            "没有余额",
            "可用余额不足",
            "余额不足",
            "可用额不定"
        ],
        "focus": {
            "succeeded": "[color:Blue]余额不足，已停止[/color]"
        },
        "next":[
            "Stop"
        ]
    },
    "CopyNumber": {
        "recognition": "OCR",
        "expected": [
            "复制号码"
        ],
        "action": "Click",
        "next": [
            "OpenDxxw"
        ]
    },
    "OpenDxxw": {
        "action": "StartApp",
        "package": "com.hnr.dxxw",
        "post_delay": 2000,
        "focus": {
            "succeeded": "打开Dxxw，准备注册"
        },
        "interrupt":[
            "Waslogin",
            "InviteMy"
        ],
        "next": [
            "IsLogin",
            "ClickLogin"
        ]
    },
    "InviteMy": {
        "recognition": "TemplateMatch",
        "template": [
            "wodes.png",
            "wodes_.png"
        ],
        "roi": [
            25,
            1162,
            679,
            98
        ],
        "action": "Click",
        "post_delay": 500,
        "next": [
            "OpenDxxw"
        ]
    },
    "ClickLogin": {
        "recognition": "OCR",
        "expected": [
            "登录/注册"
        ],
        "action": "Click",
        "post_delay": 5000,
        "next": [
            "ClickAgree"
        ]
    },
    "Waslogin":{
        "recognition": "OCR",
        "expected":[
            "用户_",
            "申请认证"
        ],
        "focus": {
            "succeeded": "[color:blue]账号已登录或已被邀请[/color]"
        },
        "next":[
            "ClickSetup"
        ]
    },
    "IsLogin":{
        "recognition": "OCR",
        "expected":[
            "免密登录"
        ],
        "action": "Click",
        "target": [85, 121, 1, 1],
        "next":[
            "ClickLogin"
        ]
    },
    "ClickAgree": {
        "recognition": "TemplateMatch",
        "template": "gouxuan.png",
        "roi": [
            49,
            1061,
            46,
            51
        ],
        "action": "Click",
        "next": [
            "ClickPhone"
        ]
    },
    "ClickPhone": {
        "recognition": "OCR",
        "expected": [
            "请输入手机号",
            "请输人手机号"
        ],
        "action": "Click",
        "timeout": 300000,
        "focus": {
            "succeeded": "[color:blue]请输入手机号[/color]",
            "failed": "[color:blue]未识别到正确的手机号[/color]"
        },
        "next": [
            "PhonePasteXF01"
        ]
    },
    "手动输入手机号":{
        "recognition": "OCR",
        "expected": [
            "^1[3-9]\\d{9}$"
        ],
        "roi": [84, 380, 425, 103],
        "post_delay": 1000,
        "next":[
            "ClickGetCode"
        ]
    },
    "PhonePasteXF01": {
        "recognition": "TemplateMatch",
        "template": "edit.png",
        "roi": [
            5,
            728,
            709,
            100
        ],
        "action": "Click",
        "next": [
            "PhonePasteXF02"
        ]
    },
    "PhonePasteXF02": {
        "recognition": "OCR",
        "expected": "粘贴",
        "action": "Click",
        "next": [
            "PhonePasteXF03"
        ]
    },
    "PhonePasteXF03": {
        "recognition": "OCR",
        "expected": "返回",
        "roi": [
            586,
            1121,
            134,
            159
        ],
        "action": "Click",
        "next": [
            "PhonePasteXF04"
        ]
    },
    "PhonePasteXF04": {
        "recognition": "OCR",
        "expected": "完成",
        "roi": [
            603,
            1047,
            117,
            114
        ],
        "action": "Click",
        "next": [
            "ClickGetCode"
        ]
    },
    "ClickGetCode": {
        "recognition": "OCR",
        "expected": [
            "获取验证码"
        ],
        "action": "Click",
        "post_delay": 30000,
        "timeout": 300000,
        "focus": {
            "succeeded": "[color:blue]请输入验证码[/color]",
            "failed": "[color:blue]未识别到正确的验证码[/color]"
        },
        "next": [
            "打开易码2",
            "打开浏览器2",
            "StartYezi02"
        ]
    },
    "输入验证码":{
        "recognition": "OCR",
        "expected":[
            "^\\d{6}$"
        ],
        "roi": [96, 558, 314, 114],
        "post_delay": 1000,
        "next":[
            "CodePasteXF03"
        ]
    },
    "StartYezi02": {
        "enabled": false,
        "recognition": "OCR",
        "expected":[
            "发送成功"
        ],
        "action": "StartApp",
        "package": "yezi.com",
        "post_delay": 1500,
        "focus": {
            "succeeded": "打开yezi，等待验证码..."
        },
        "timeout": 120000,
        "on_error":[
            "StartYezi"
        ],
        "next": [
            "GetCodeFail",
            "GetCode"
        ]
    },
    "GetCode": {
        "recognition": "OCR",
        "expected": [
            "释放成功"
        ],
        "interrupt":[
            "YeziSwipeCopyCode"
        ],
        "next": [
            "CilckCopyCode"
        ]
    },
    "GetCodeFail": {
        "enabled": true,
        "recognition": "OCR",
        "expected": [
            "失败",
            "验证码验证失败"
        ],
        "next": [
            "打开易码2",
            "StartYezi"
        ]
    },
    "YeziSwipeCopyCode": {
        "action": "Swipe",
        "begin": [
            200,
            1000,
            10,
            10
        ],
        "end": [
            200,
            400,
            10,
            10
        ],
        "duration": 300
    },
    "CilckCopyCode": {
        "recognition": "OCR",
        "expected": [
            "复制Code"
        ],
        "pre_delay": 500,
        "action": "Click",
        "next": [
            "StartDxxw02"
        ]
    },
    "StartDxxw02": {
        "action": "StartApp",
        "package": "com.hnr.dxxw",
        "post_delay": 1500,
        "focus": {
            "succeeded": "打开Dxxw，输入验证码"
        },
        "next": [
            "ClickLoginCode"
        ]
    },
    "ClickLoginCode": {
        "recognition": "OCR",
        "expected": [
            "请输入验证码",
            "请输人验证码"
        ],
        "action": "Click",
        "next": [
            "CodePasteXF01"
        ]
    },
    "CodePasteXF01": {
        "recognition": "TemplateMatch",
        "template": "edit.png",
        "roi": [
            5,
            728,
            709,
            100
        ],
        "action": "Click",
        "next": [
            "CodePasteXF02"
        ]
    },
    "CodePasteXF02": {
        "recognition": "OCR",
        "expected": "粘贴",
        "action": "Click",
        "next": [
            "CodePasteXF03"
        ]
    },
    "CodePasteXF03": {
        "recognition": "OCR",
        "expected": "返回",
        "roi": [
            586,
            1121,
            134,
            159
        ],
        "action": "Click",
        "next": [
            "CodePasteXF04"
        ]
    },
    "CodePasteXF04": {
        "recognition": "OCR",
        "expected": "完成",
        "roi": [
            603,
            1047,
            117,
            114
        ],
        "action": "Click",
        "next": [
            "ClickLogin2"
        ]
    },
    "ClickLogin2": {
        "recognition": "OCR",
        "expected": [
            "登录"
        ],
        "roi": [
            120,
            743,
            483,
            135
        ],
        "action": "Click",
        "post_delay": 5000,
        "next": [
            "ClickAgreeD",
            "GetCodeFail",
            "ClickInviteCode",
            "Waslogin"
        ]
    },
    "ClickAgreeD": {
        "recognition": "OCR",
        "expected": [
            "请先勾选"
        ],
        "action": "Click",
        "target": [
            70,
            1087,
            1,
            1
        ]
    },
    "ClickInviteCode": {
        "recognition": "OCR",
        "expected": [
            "请输入邀请码",
            "请输人验证码"
        ],
        "action": "Click",
        "target": [
            109,
            445,
            1,
            1
        ],
        "next": [
            "InviteXF01",
            "InputInviteCode"
        ]
    },
    "InputInviteCode": {
        "enabled": false,
        "action": "InputText",
        "input_text": "rhzJmE",
        "next": [
            "ClickInviteConfirm"
        ]
    },
    "InviteXF01": {
        "enabled": true,
        "recognition": "TemplateMatch",
        "template": "XF_comment.png",
        "roi": [
            1,
            698,
            719,
            132
        ],
        "action": "Click",
        "focus": {
            "succeeded": "输入邀请码"
        },
        "next": [
            "InviteXF02"
        ]
    },
    "InviteXF02": {
        "enabled": true,
        "recognition": "OCR",
        "expected": [
            "邀请",
            "邀请码"
        ],
        "roi": [
            5,
            862,
            715,
            412
        ],
        "action": "Click",
        "pre_delay": 500,
        "post_delay": 500,
        "next": [
            "ClickInviteConfirm"
        ]
    },
    "ClickInviteConfirm": {
        "recognition": "OCR",
        "expected": [
            "确定"
        ],
        "action": "Click",
        "next": [
            "ImageCode"
        ]
    },
    "ImageCode": {
        "recognition": "OCR",
        "expected": [
            "拖动滑块完成拼图"
        ],
        "timeout": 300000,
        "interrupt":[
            "SwipeImageCodeAuto",
            "RefreshImageCode"
        ],
        "next": [
            "SwipeImageCode"
        ]
    },
    "SwipeImageCodeAuto":{
        "enabled": true,
        "recognition": "TemplateMatch",
        "template": [
            "code01.png",
            "code02.png",
            "code03.png",
            "code04.png",
            "code05.png",
            "code06.png",
            "code07.png",
            "code08.png",
            "code09.png",
            "code10.png",
            "code11.png",
            "code12.png",
            "code13.png",
            "code14.png"
        ],
        "action": "Swipe",
        "begin": [120, 805, 1, 1],
        "end": true,
        "duration": 800
    },
    "RefreshImageCode":{
        "enabled": true,
        "recognition": "TemplateMatch",
        "template": "refresh.png",
        "roi": [553, 858, 54, 56],
        "action": "Click",
        "post_delay": 1500
    },
    "SwipeImageCode": {
        "recognition": "OCR",
        "expected": [
            "验证成功",
            "确定",
            "账号已被邀请"
        ],
        "focus": {
            "succeeded": "[color:blue]完成邀请[/color]"
        },
        "next": [
            "InviteDoneBack"
        ]
    },
    "InviteDoneBack": {
        "action": "Key",
        "key": 4,
        "next": [
            "ClickSetup"
        ]
    },
    "ClickSetup": {
        "recognition": "TemplateMatch",
        "template": "setup.png",
        "roi": [
            632,
            88,
            81,
            79
        ],
        "action": "Click",
        "next": [
            "SetupSwipe"
        ]
    },
    "SetupSwipe": {
        "action": "Swipe",
        "begin": [
            200,
            1000,
            10,
            10
        ],
        "end": [
            200,
            200,
            10,
            10
        ],
        "duration": 300,
        "post_delay": 500,
        "next": [
            "ExitLogin01"
        ]
    },
    "ExitLogin01": {
        "recognition": "OCR",
        "expected": [
            "退出登录"
        ],
        "action": "Click",
        "next": [
            "ExitLogin02"
        ]
    },
    "ExitLogin02": {
        "recognition": "OCR",
        "expected": [
            "确定"
        ],
        "action": "Click",
        "next": [
            "Stop"
        ]
    },
    "打开浏览器":{
        "enabled": false,
        "action": "StartApp",
        "package": "mark.via",
        "post_delay": 2000,
        "next":[
            "打开浏览器上滑0"
        ]
    },
    "打开浏览器上滑0":{
        "action": "Swipe",
        "begin": [
            200,
            1000,
            10,
            10
        ],
        "end": [
            200,
            200,
            10,
            10
        ],
        "next":[
            "打开浏览器上滑"
        ]
    },
    "打开浏览器上滑":{
        "action": "Swipe",
        "begin": [
            200,
            1000,
            10,
            10
        ],
        "end": [
            200,
            200,
            10,
            10
        ],
        "next":[
            "识别识别码ed",
            "获取号码"
        ]
    },
    "识别识别码ed":{
        "recognition": "OCR",
        "expected":[
            "识别码"
        ],
        "roi": [2, 559, 718, 721],
        "next":[
            "识别识别码ed2",
            "获取号码"
        ]
    },
    "识别识别码ed2":{
        "recognition": "OCR",
        "expected":[
            "^\\d{6}$"
        ],
        "roi": "识别识别码ed",
        "roi_offset": [
            -20,
            0,
            90,
            350
        ],
        "interrupt":[
            "向左滑动"
        ],
        "next":[
            "点击拉黑"
        ]
    },
    "超时拉黑":{
        "recognition": "OCR",
        "expected":[
            "^1[3-9]\\d{9}$"
        ],
        "interrupt":[
            "向左滑动"
        ],
        "next":[
            "点击拉黑"
        ]
    },
    "点击拉黑":{
        "recognition": "OCR",
        "expected":[
            "拉黑"
        ],
        "roi": [2, 559, 718, 721],
        "action": "Click",
        "interrupt":[
            "向右滑动"
        ],
        "next":[
            "识别项目ID"
        ]
    },
    "识别项目ID":{
        "recognition": "OCR",
        "expected":[
            "项目",
            "ID"
        ],
        "next":[
            "获取号码"
        ]
    },
    "获取号码":{
        "recognition": "OCR",
        "expected":[
            "获取号码"
        ],
        "action": "Click",
        "post_delay": 800,
        "next":[
            "NoBalance",
            "未选择项目",
            "没有取到",
            "获取向右滑动",
            "识别运营商",
            "识别号码ed"
        ]
    },
    "获取向右滑动":{
        "recognition": "OCR",
        "expected":[
            "^状态$",
            "^操作$"
        ],
        "roi": [3, 902, 717, 378],
        "action": "Swipe",
        "begin": [
            80,
            1050,
            10,
            10
        ],      
        "end": [
            630,
            1050,
            10,
            10
        ],
        "next":[
            "识别运营商",
            "识别号码ed"
        ]
    },
    "识别号码ed":{
        "recognition": "OCR",
        "expected":[
            "^号码$"
        ],
        "next":[
            "复制向上滑动"
        ]
    },
    "没有取到":{
        "recognition": "OCR",
        "expected":[
            "有取到手机号",
            "请重新尝试"
        ],
        "post_delay": 8000,
        "next":[
            "获取号码"
        ]
    },
    "向下滑动":{
        "action": "Swipe",
        "begin": [
            200,
            400,
            10,
            10
        ],
        "end": [
            200,
            800,
            10,
            10
        ]
    },
    "未选择项目":{
        "enabled": true,
        "recognition": "OCR",
        "expected":[
            "请选择要获取的项目"
        ],
        "interrupt":[
            "向下滑动"
        ],
        "focus": {
            "succeeded": "[color:Blue]未选择项目[/color]"
        },
        "next":[
            "Stop",
            "搜索项目"
        ]
    },
    "搜索项目":{
        "recognition": "OCR",
        "expected":[
            "搜索项目"
        ],
        "next":[
            "输入项目名称"
        ]
    },
    "输入项目名称":{
        "recognition": "OCR",
        "expected":[
            "请输入项目名"
        ],
        "action": "Click",
        "next":[
            "输入项目名称2"
        ]
    },
    "输入项目名称2":{
        "action": "InputText",
        "input_text": "大象新闻",
        "next":[
            "点击dxxw"
        ]
    },
    "点击dxxw":{
        "recognition": "OCR",
        "expected":[
            "大象新闻"
        ],
        "action": "Click",
        "next":[

        ]
    },
    "识别运营商":{
        "recognition": "OCR",
        "expected":[
            "运营商"
        ],
        "roi": [3, 902, 717, 378],
        "action": "Swipe",
        "begin": true,
        "end": [
            80,
            1050,
            10,
            10
        ],
        "duration": 300,
        "next":[
            "复制向上滑动"
        ]
    },
    "复制向上滑动":{
        "action": "Swipe",
        "begin": [
            200,
            800,
            10,
            10
        ],
        "end": [
            200,
            400,
            10,
            10
        ],
        "next":[
            "识别号码"
        ]
    },
    "向左滑动":{
        "action": "Swipe",
        "begin": [
            630,
            1050,
            10,
            10
        ],
        "end": [
            80,
            1050,
            10,
            10
        ]
    },
    "向右滑动":{
        "action": "Swipe",
        "begin": [
            80,
            1050,
            10,
            10
        ],      
        "end": [
            630,
            1050,
            10,
            10
        ]
    },
    "识别号码":{
        "recognition": "OCR",
        "expected":[
            "^号码$"
        ],
        "roi": [0, 770, 720, 510],
        "next":[
            "复制号码"
        ]
    },
    "复制号码":{
        "recognition": "OCR",
        "expected":[
            "^1[3-9]\\d{9}$"
        ],
        "roi": "识别号码",
        "roi_offset": [
            -40,
            0,
            200,
            300
        ],
        "action": "Click",
        "next":[
            "OpenDxxw"
        ]
    },
    "打开浏览器2":{
        "enabled": false,
        "action": "StartApp",
        "package": "mark.via",
        "post_delay": 1500,
        "next":[
            "打开浏览器上滑20"
        ]
    },
    "打开浏览器上滑20":{
        "action": "Swipe",
        "begin": [
            200,
            1000,
            10,
            10
        ],
        "end": [
            150,
            200,
            10,
            10
        ],
        "next":[
            "打开浏览器上滑2"
        ]
    },
    "打开浏览器上滑2":{
        "action": "Swipe",
        "begin": [
            200,
            1000,
            10,
            10
        ],
        "end": [
            150,
            200,
            10,
            10
        ],
        "timeout": 360000,
        "on_error":[

        ],
        "next":[
            "识别识别码"
        ]
    },
    "识别识别码":{
        "recognition": "OCR",
        "expected":[
            "识别码"
        ],
        "roi": [2, 559, 718, 721],
        "next":[
            "复制验证码"
        ]
    },
    "复制验证码":{
        "recognition": "OCR",
        "expected":[
            "^\\d{6}$"
        ],
        "roi": "识别识别码",
        "roi_offset": [
            -20,
            0,
            90,
            350
        ],
        "action": "Click",
        "next":[
            "StartDxxw02"
        ]
    },


    "打开易码":{
        "enabled": false,
        "action": "StartApp",
        "package": "com.ejiema.ec",
        "post_delay": 2000,
        "next":[
            "e拉黑号码"
        ]
    },
    "e拉黑号码":{
        "recognition": "OCR",
        "expected":[
            "拉黑号码"
        ],
        "action": "Click",
        "next":[
            "e屏蔽成功"
        ]
    },
    "e屏蔽成功":{
        "recognition": "OCR",
        "expected":[
            "确定"
        ],
        "pre_delay": 2000,
        "action": "Click",
        "next":[
            "e获取号码"
        ]
    },
    "e获取号码":{
        "enabled": true,
        "recognition": "OCR",
        "expected":[
            "获取号码"
        ],
        "action": "Click",
        "next":[
            "e长按号码"
        ]
    },
    "e长按号码":{
        "recognition": "OCR",
        "expected":[
            "^1[3-9]\\d{9}$"
        ],
        "action": "LongPress",
        "post_delay": 500,
        "next":[
            "e复制号码"
        ]
    },
    "e复制号码":{
        "recognition": "OCR",
        "expected":[
            "复制"
        ],
        "pre_delay": 1500,
        "action": "Click",
        "next":[
            "OpenDxxw"
        ]
    },
    "打开易码2":{
        "enabled": true,
        "action": "StartApp",
        "package": "com.ejiema.ec",
        "post_delay": 2000,
        "next":[
            "e点击收取短信"
        ]
    },
    "e点击收取短信":{
        "recognition": "OCR",
        "expected":[
            "收取短信"
        ],
        "roi": [
            0,
            900,
            720,
            500
        ],
        "action": "Click",
        "pre_delay": 8000,
        "post_delay": 2000,
        "next":[
            "e超时或未收到",
            "e验证码"
        ]
    },
    "e超时或未收到":{
        "recognition": "OCR",
        "expected":[
            "尚未收到包含关键字",
            "请5秒后再收取"
        ],
        "post_delay": 20000,
        "next":[
            "e点击收取短信2"
        ]
    },
    "e点击收取短信2":{
        "recognition": "OCR",
        "expected":[
            "收取短信"
        ],
        "action": "Click",
        "next":[
            "e超时或未收到2",
            "e验证码"
        ]
    },
    "e超时或未收到2":{
        "recognition": "OCR",
        "expected":[
            "尚未收到包含关键字",
            "请5秒后再收取"
        ],
        "next":[
            "e拉黑号码"
        ]
    },
    "e验证码":{
        "recognition": "OCR",
        "expected":[
            "证码"
        ],
        "next":[
            "e长按验证码"
        ]
    },
    "e长按验证码":{
        "recognition": "OCR",
        "expected":[
            "^\\d{6}$"
        ],
        "roi": "e验证码",
        "roi_offset": [
            55,
            0,
            -400,
            0
        ],
        "action": "LongPress",
        "post_delay": 500,
        "next":[
            "e复制验证码"
        ]
    },


    "复制测试c":{
        "action": "Key",
        "key": 278,
        "next":[
            "复制测试v"
        ]
    },
    "复制测试v":{
        "action": "Key",
        "key": 279,
        "next":[
            
        ]
    },


    "e复制验证码":{
        "recognition": "OCR",
        "expected":[
            "复制"
        ],
        "pre_delay": 1500,
        "action": "Click",
        "next":[
            "StartDxxw02"
        ]
    }
}