{
    "controller": [
        {
            "name": "安卓端",
            "type": "Adb"
        }
    ],
    "resource": [
        {
            "name": "dxxw",
            "path": [
                "{PROJECT_DIR}/resource"
            ]
        }
    ],
    "task": [
        {
            "name": "启动",
            "entry": "Startup"
        },
        {
            "name": "签到",
            "entry": "Signin"
        },
        {
            "name": "允许通知积分领取",
            "entry": "GetPoints"
        },
        {
            "name": "浏览图文作品",
            "entry": "MergeBrowsePublish",
            "option": [
                "DxhSwitch"
            ],
            "pipeline_override": {
                "BrowseImagetxtComplete": {
                    "next": "Back"
                }
            }
        },
        {
            "name": "浏览音视频作品",
            "entry": "MergeBrowsePublish",
            "option": [
                "DxhSwitch"
            ],
            "pipeline_override": {
                "SwipeUpivl": {
                    "next": "ClickVideoPart"
                },
                "BroswseVideoBack": {
                    "next": "Back"
                }
            }
        },
        {
            "name": "看视频听广播",
            "entry": "WatchVideoradio"
        },
        {
            "name": "观看直播",
            "entry": "MergeBrowsePublish",
            "option": [
                "DxhSwitch"
            ],
            "pipeline_override": {
                "SwipeUpivl": {
                    "next": "ClickLivePart"
                },
                "WatchLiveBack": {
                    "next": "Back"
                }
            }
        },
        {
            "name": "发布作品",
            "entry": "Publish",
            "option": [
                "选择发布内容"
            ]
        },
        {
            "name": "发布作品x2",
            "entry": "PublishX2",
            "option": [
                "PublishSwitch",
                "PublishSwitch2"
            ]
        },
        {
            "name": "删除发布内容",
            "entry": "DeletePost"
        },
        {
            "name": "签到和领取通知每日积分",
            "entry": "MergeSigninGetpoints"
        },
        {
            "name": "完成全部浏览和发布（选择已关注的大象号）",
            "entry": "MergeBrowsePublish",
            "option": [
                "DxhSwitch"
            ]
        },
        {
            "name": "一键完成（选择已关注的大象号）",
            "entry": "MergeSigninGetpoints",
            "option": [
                "DxhSwitch",
                "PublishSwitch"
            ],
            "pipeline_override": {
                "GettingPoints": {
                    "next": "MergeBrowsePublish"
                },
                "SwipeUPsg": {
                    "next": [
                        "GettingPoints",
                        "MergeBrowsePublish"
                    ]
                }
            }
        },
        {
            "name": "一键完成（跳过图文）",
            "entry": "MergeBrowsePublish",
            "option": [
                "DxhSwitch",
                "PublishSwitch"
            ],
            "pipeline_override": {
                "SwipeUpivl": {
                    "next": "ClickVideoPart"
                }
            }
        },
        {
            "name": "一键完成（不发布作品）",
            "entry": "MergeSigninGetpoints",
            "option": [
                "DxhSwitch"
            ],
            "pipeline_override": {
                "GettingPoints": {
                    "next": "MergeBrowsePublish"
                },
                "TVRadioComplete02": {
                    "next": "Back"
                },
                "TVRadioTimeout02": {
                    "next": "Back"
                }
            }
        },
        {
            "name": "返回个人页",
            "entry": "Back"
        }
    ],
    "option": {
        "MyDxhSwitch": {
            "cases": [
                {
                    "name": "个人账号（已准备素材）",
                    "pipeline_override": {
                        "点击关注列表mc": {
                            "enabled": false
                        },
                        "BrowseImagetxtMC1": {
                            "next": "点击内容c"
                        }
                    }
                },
                {
                    "name": "关注账号（用户_14428）",
                    "pipeline_override": {
                        "点击关注列表mc": {
                            "enabled": true
                        },
                        "BrowseImagetxtMC1": {
                            "next": "点击关注列表mc"
                        }
                    }
                }
            ]
        },
        "DxhSwitch": {
            "cases": [
                {
                    "name": "河南信息广播",
                    "pipeline_override": {
                        "SelectDxh": {
                            "expected": "河南信息广播"
                        }
                    }
                },
                {
                    "name": "河南新闻广播",
                    "pipeline_override": {
                        "SelectDxh": {
                            "expected": "河南新闻广播"
                        }
                    }
                },
                {
                    "name": "大象新闻",
                    "pipeline_override": {
                        "SelectDxh": {
                            "expected": "大象新闻"
                        }
                    }
                },
                {
                    "name": "大象财富",
                    "pipeline_override": {
                        "SelectDxh": {
                            "expected": "大象财富"
                        }
                    }
                },
                {
                    "name": "都市频道",
                    "pipeline_override": {
                        "SelectDxh": {
                            "expected": "都市频道"
                        }
                    }
                },
                {
                    "name": "大象帮",
                    "pipeline_override": {
                        "SelectDxh": {
                            "expected": "大象帮"
                        }
                    }
                },
                {
                    "name": "用户_1442826164161581057",
                    "pipeline_override": {
                        "SelectDxh": {
                            "expected": "用户_14428"
                        }
                    }
                },
                {
                    "name": "Dxh",
                    "pipeline_override": {
                        "SelectDxh": {
                            "expected": [
                                "用户_14428",
                                "河南信息广播",
                                "河南新闻广播",
                                "大象新闻",
                                "大象财富",
                                "都市报道"
                            ]
                        }
                    }
                }
            ]
        },
        "PublishSwitch": {
            "cases": [
                {
                    "name": "古诗",
                    "pipeline_override": {
                        "InputPrompt01": {
                            "input_text": "随机一句古诗解读，不要重复"
                        },
                        "AnalogInput011": {
                            "input_text": "suijiyijugushijiedu"
                        },
                        "AnalogInput012": {
                            "expected": [
                                "随机一句古诗解读",
                                "随机一句古",
                                "古诗"
                            ]
                        }
                    }
                },
                {
                    "name": "古语",
                    "pipeline_override": {
                        "InputPrompt01": {
                            "input_text": "随机一句古语解读，不要重复"
                        },
                        "AnalogInput011": {
                            "input_text": "suijiyijuguyujiedu"
                        },
                        "AnalogInput012": {
                            "expected": [
                                "随机一句古语解读",
                                "随机一句古",
                                "古语"
                            ]
                        }
                    }
                },
                {
                    "name": "成语",
                    "pipeline_override": {
                        "InputPrompt01": {
                            "input_text": "随机一句成语解读，不要重复"
                        },
                        "AnalogInput011": {
                            "input_text": "suijiyijuchengyujiedu"
                        },
                        "AnalogInput012": {
                            "expected": [
                                "随机一句成语解读",
                                "随机一句成",
                                "成语"
                            ]
                        }
                    }
                }
            ]
        },
        "PublishSwitch2": {
            "cases": [
                {
                    "name": "古诗",
                    "pipeline_override": {
                        "InputPrompt02": {
                            "input_text": "随机一句古诗解读，不要重复"
                        },
                        "AnalogInput021": {
                            "input_text": "suijiyijugushijiedu"
                        },
                        "AnalogInput022": {
                            "expected": [
                                "随机一句古诗解读",
                                "随机一句古",
                                "古诗"
                            ]
                        }
                    }
                },
                {
                    "name": "古语",
                    "pipeline_override": {
                        "InputPrompt02": {
                            "input_text": "随机一句古语解读，不要重复"
                        },
                        "AnalogInput021": {
                            "input_text": "suijiyijuguyujiedu"
                        },
                        "AnalogInput022": {
                            "expected": [
                                "随机一句古语解读",
                                "随机一句古",
                                "古语"
                            ]
                        }
                    }
                },
                {
                    "name": "成语",
                    "pipeline_override": {
                        "InputPrompt02": {
                            "input_text": "随机一句成语解读，不要重复"
                        },
                        "AnalogInput021": {
                            "input_text": "suijiyijuchengyujiedu"
                        },
                        "AnalogInput022": {
                            "expected": [
                                "随机一句成语解读",
                                "随机一句成",
                                "成语"
                            ]
                        }
                    }
                }
            ]
        },
        "选择发布内容": {
            "cases": [
                {
                    "name": "古诗",
                    "pipeline_override": {
                        "输入问题p": {
                            "input_text": "随机一句古诗解读，不要重复"
                        },
                        "输入法输入问题1": {
                            "input_text": "suijiyijugushijiedu"
                        },
                        "输入法输入问题2": {
                            "expected": [
                                "随机一句古诗解读",
                                "随机一句古",
                                "古诗"
                            ]
                        }
                    }
                },
                {
                    "name": "古语",
                    "pipeline_override": {
                        "输入问题p": {
                            "input_text": "随机一句古语解读，不要重复"
                        },
                        "输入法输入问题1": {
                            "input_text": "suijiyijuguyujiedu"
                        },
                        "输入法输入问题2": {
                            "expected": [
                                "随机一句古语解读",
                                "随机一句古",
                                "古语"
                            ]
                        }
                    }
                },
                {
                    "name": "成语",
                    "pipeline_override": {
                        "输入问题p": {
                            "input_text": "随机一句成语解读，不要重复"
                        },
                        "输入法输入问题1": {
                            "input_text": "suijiyijuchengyujiedu"
                        },
                        "输入法输入问题2": {
                            "expected": [
                                "随机一句成语解读",
                                "随机一句成",
                                "成语"
                            ]
                        }
                    }
                }
            ]
        }
    }
}