{
    "name": "DxxwTest",
    "version": "0.0.97",
    "url": "https://github.com/ywkf/DxxwTest",
    "custom_title": "Dxxw",
    "default_controller": "adb",
    "lock_controller": false,
    "controller": [
        {
            "name": "安卓端",
            "type": "Adb"
        }
    ],
    "resource": [
        {
            "name": "dxxw",
            "path": [
                "{PROJECT_DIR}/resource"
            ]
        }
    ],
    "task": [
        {
            "name": "启动",
            "entry": "Startup"
        },
        {
            "name": "重启",
            "entry": "Restart",
            "doc": "闪退重启，自定义添加"
        },
        {
            "name": "检测输入法",
            "entry": "InputmethodCheck00",
            "doc": "启用第三方输入法"
        },
        {
            "name": "延时/零点",
            "entry": "Sleep",
            "doc": "等待至零点或自定义时间",
            "option": [
                "SleepTime"
            ]
        },
        {
            "name": "签到",
            "entry": "Signin"
        },
        {
            "name": "允许通知积分领取",
            "entry": "GetPoints"
        },
        {
            "name": "浏览图文作品",
            "entry": "MergeBrowsePublish",
            "option": [
                "DxhSwitch"
            ],
            "pipeline_override": {
                "BrowseImagetxtComplete": {
                    "next": "Back"
                }
            }
        },
        {
            "name": "浏览音视频作品",
            "entry": "MergeBrowsePublish",
            "option": [
                "DxhSwitch"
            ],
            "pipeline_override": {
                "SwipeUpivl": {
                    "next": "ClickVideoPart"
                },
                "BroswseVideoBack": {
                    "next": "Back"
                }
            }
        },
        {
            "name": "看电视听广播",
            "entry": "WatchVideoradio"
        },
        {
            "name": "观看直播",
            "entry": "MergeBrowsePublish",
            "option": [
                "DxhSwitch"
            ],
            "pipeline_override": {
                "SwipeUpivl": {
                    "next": "ClickLivePart"
                },
                "LiveTimeout02": {
                    "next": "Back"
                }
            }
        },
        {
            "name": "发布作品",
            "entry": "Publish",
            "option": [
                "选择发布内容"
            ]
        },
        {
            "name": "发布作品x2",
            "entry": "PublishX2",
            "option": [
                "PublishSwitch",
                "PublishSwitch2"
            ]
        },
        {
            "name": "删除发布内容",
            "entry": "DeletePost"
        },
        {
            "name": "签到和领取通知每日积分",
            "entry": "MergeSigninGetpoints"
        },
        {
            "name": "完成全部浏览和发布（选择已关注的大象号）",
            "entry": "MergeBrowsePublish",
            "option": [
                "DxhSwitch"
            ]
        },
        {
            "name": "一键完成（选择已关注的大象号）",
            "entry": "InputmethodCheck00",
            "doc": "一键完成，选择大象号、发布作品类型、是否输入法检测",
            "option": [
                "DxhSwitch",
                "PublishSwitch",
                "输入法检测"
            ],
            "pipeline_override": {
                "SelectInputmethod": {
                    "next": "MergeSigninGetpoints"
                },
                "GettingPoints": {
                    "next": "MergeBrowsePublish"
                },
                "SwipeUPsg": {
                    "next": [
                        "GettingPoints",
                        "MergeBrowsePublish"
                    ]
                }
            }
        },
        {
            "name": "一键完成（跳过图文）",
            "entry": "MergeBrowsePublish",
            "option": [
                "DxhSwitch",
                "PublishSwitch"
            ],
            "pipeline_override": {
                "SwipeUpivl": {
                    "next": "ClickVideoPart"
                }
            }
        },
        {
            "name": "一键完成（不发布作品）",
            "entry": "InputmethodCheck00",
            "option": [
                "DxhSwitch",
                "输入法检测"
            ],
            "pipeline_override": {
                "SelectInputmethod": {
                    "next": "MergeSigninGetpoints"
                },
                "GettingPoints": {
                    "next": "MergeBrowsePublish"
                },
                "TVRadioComplete02": {
                    "next": "Back"
                },
                "TVRadioTimeout02": {
                    "next": "Back"
                }
            }
        },
        {
            "name": "任务完成检测",
            "entry": "TaskCheck",
            "doc": "不检测发布任务，建议放在流程最后",
            "pipeline_override": {
                "BrowseImagetxtComplete": {
                    "next": "TaskCheck"
                },
                "BroswseVideoBack": {
                    "next": "TaskCheck"
                },
                "LiveTimeout02": {
                    "next": "TaskCheck"
                },
                "完成看电视听广播2": {
                    "next": "TaskCheck"
                },
                "看电视听广播超时2": {
                    "next": "TaskCheck"
                }
            }
        },
        {
            "name": "圈子点赞收藏(beta)",
            "entry": "Circle",
            "doc": "循环点赞收藏圈子内容，需要手动结束",
            "option": [
                "CircleSwitch"
            ]
        },
        {
            "name": "圈子点赞收藏(beta)自定义",
            "entry": "CircleSwipe0",
            "doc": "进入圈子后再启动，循环点赞收藏圈子内容，需要手动结束"
        },
        {
            "name": "点赞评论",
            "entry": "LikeComment",
            "doc": "点赞收到的评论"
        },
        {
            "name": "回赞与收藏",
            "entry": "RepkyLike",
            "doc": "进入对应的账号页面再启动，点赞收藏评论账号内所有图文和视频"
        },
        {
            "name": "返回个人页",
            "entry": "Back"
        }
    ],
    "option": {
        "CircleSwitch": {
            "cases": [
                {
                    "name": "无线“象”往",
                    "pipeline_override": {
                        "ClickTheCircle": {
                            "expected": [
                                "无线“象”往",
                                "无线",
                                "“象"
                            ]
                        }
                    }
                },
                {
                    "name": "快乐集中营",
                    "pipeline_override": {
                        "ClickTheCircle": {
                            "expected": [
                                "快乐集中营"
                            ]
                        }
                    }
                },
                {
                    "name": "象·心力",
                    "pipeline_override": {
                        "ClickTheCircle": {
                            "expected": [
                                "象·心力",
                                "心力"
                            ]
                        }
                    }
                },
                {
                    "name": "非常“3+4”",
                    "pipeline_override": {
                        "ClickTheCircle": {
                            "expected": [
                                "非常“3+4”",
                                "3+4"
                            ]
                        }
                    }
                },
                {
                    "name": "随手记录生活",
                    "pipeline_override": {
                        "ClickTheCircle": {
                            "expected": [
                                "随手记录生活",
                                "随手"
                            ]
                        }
                    }
                }
            ]
        },
        "SleepTime": {
            "cases": [
                {
                    "name": "10秒",
                    "pipeline_override": {
                        "Sleep": {
                            "focus_succeeded": "零点/等待10秒后进行..."
                        },
                        "Sleeping": {
                            "timeout": 10000
                        }
                    }
                },
                {
                    "name": "10分钟",
                    "pipeline_override": {
                        "Sleep": {
                            "focus_succeeded": "零点/等待10分钟后进行..."
                        },
                        "Sleeping": {
                            "timeout": 600000
                        }
                    }
                },
                {
                    "name": "30分钟",
                    "pipeline_override": {
                        "Sleep": {
                            "focus_succeeded": "零点/等待30分钟后进行..."
                        },
                        "Sleeping": {
                            "timeout": 1800000
                        }
                    }
                },
                {
                    "name": "1小时",
                    "pipeline_override": {
                        "Sleep": {
                            "focus_succeeded": "零点/等待1小时后进行..."
                        },
                        "Sleeping": {
                            "timeout": 3600000
                        }
                    }
                },
                {
                    "name": "1.5小时",
                    "pipeline_override": {
                        "Sleep": {
                            "focus_succeeded": "零点/等待90分钟后进行..."
                        },
                        "Sleeping": {
                            "timeout": 5400000
                        }
                    }
                },
                {
                    "name": "2小时",
                    "pipeline_override": {
                        "Sleep": {
                            "focus_succeeded": "零点/等待2小时后进行..."
                        },
                        "Sleeping": {
                            "timeout": 7200000
                        }
                    }
                }
            ]
        },
        "MyDxhSwitch": {
            "cases": [
                {
                    "name": "个人账号（已准备素材）",
                    "pipeline_override": {
                        "点击关注列表mc": {
                            "enabled": false
                        },
                        "BrowseImagetxtMC1": {
                            "next": "点击内容c"
                        }
                    }
                },
                {
                    "name": "关注账号（用户_14428）",
                    "pipeline_override": {
                        "点击关注列表mc": {
                            "enabled": true
                        },
                        "BrowseImagetxtMC1": {
                            "next": "点击关注列表mc"
                        }
                    }
                }
            ]
        },
        "DxhSwitch": {
            "cases": [
                {
                    "name": "河南信息广播",
                    "pipeline_override": {
                        "SelectDxh": {
                            "expected": "河南信息广播"
                        },
                        "ErrorSelectDxh": {
                            "expected": "河南信息广播"
                        },
                        "ErrorSelectDxhLive": {
                            "expected": "河南信息广播"
                        },
                        "ErrorImagetxtSelectDxh001": {
                            "expected": "河南信息广播"
                        },
                        "ErrorImagetxtSelectDxh002": {
                            "expected": "河南信息广播"
                        },
                        "ErrorImagetxtSelectDxh003": {
                            "expected": "河南信息广播"
                        },
                        "ErrorImagetxtSelectDxh004": {
                            "expected": "河南信息广播"
                        },
                        "ErrorImagetxtSelectDxh005": {
                            "expected": "河南信息广播"
                        },
                        "ErrorImagetxtSelectDxh006": {
                            "expected": "河南信息广播"
                        },
                        "ErrorImagetxtSelectDxh007": {
                            "expected": "河南信息广播"
                        },
                        "ErrorImagetxtSelectDxh008": {
                            "expected": "河南信息广播"
                        },
                        "ErrorImagetxtSelectDxh009": {
                            "expected": "河南信息广播"
                        },
                        "ErrorImagetxtSelectDxh0010": {
                            "expected": "河南信息广播"
                        },
                        "ErrorImagetxtSelectDxh0011": {
                            "expected": "河南信息广播"
                        },
                        "ErrorImagetxtSelectDxh0012": {
                            "expected": "河南信息广播"
                        }
                    }
                },
                {
                    "name": "河南卫视",
                    "pipeline_override": {
                        "SelectDxh": {
                            "expected": "河南卫视"
                        },
                        "ErrorSelectDxh": {
                            "expected": "河南卫视"
                        },
                        "ErrorSelectDxhLive": {
                            "expected": "河南卫视"
                        },
                        "ErrorImagetxtSelectDxh001": {
                            "expected": "河南卫视"
                        },
                        "ErrorImagetxtSelectDxh002": {
                            "expected": "河南卫视"
                        },
                        "ErrorImagetxtSelectDxh003": {
                            "expected": "河南卫视"
                        },
                        "ErrorImagetxtSelectDxh004": {
                            "expected": "河南卫视"
                        },
                        "ErrorImagetxtSelectDxh005": {
                            "expected": "河南卫视"
                        },
                        "ErrorImagetxtSelectDxh006": {
                            "expected": "河南卫视"
                        },
                        "ErrorImagetxtSelectDxh007": {
                            "expected": "河南卫视"
                        },
                        "ErrorImagetxtSelectDxh008": {
                            "expected": "河南卫视"
                        },
                        "ErrorImagetxtSelectDxh009": {
                            "expected": "河南卫视"
                        },
                        "ErrorImagetxtSelectDxh0010": {
                            "expected": "河南卫视"
                        },
                        "ErrorImagetxtSelectDxh0011": {
                            "expected": "河南卫视"
                        },
                        "ErrorImagetxtSelectDxh0012": {
                            "expected": "河南卫视"
                        }
                    }
                },
                {
                    "name": "大象新闻",
                    "pipeline_override": {
                        "SelectDxh": {
                            "expected": "大象新闻"
                        },
                        "ErrorSelectDxh": {
                            "expected": "大象新闻"
                        },
                        "ErrorSelectDxhLive": {
                            "expected": "大象新闻"
                        },
                        "ErrorImagetxtSelectDxh001": {
                            "expected": "大象新闻"
                        },
                        "ErrorImagetxtSelectDxh002": {
                            "expected": "大象新闻"
                        },
                        "ErrorImagetxtSelectDxh003": {
                            "expected": "大象新闻"
                        },
                        "ErrorImagetxtSelectDxh004": {
                            "expected": "大象新闻"
                        },
                        "ErrorImagetxtSelectDxh005": {
                            "expected": "大象新闻"
                        },
                        "ErrorImagetxtSelectDxh006": {
                            "expected": "大象新闻"
                        },
                        "ErrorImagetxtSelectDxh007": {
                            "expected": "大象新闻"
                        },
                        "ErrorImagetxtSelectDxh008": {
                            "expected": "大象新闻"
                        },
                        "ErrorImagetxtSelectDxh009": {
                            "expected": "大象新闻"
                        },
                        "ErrorImagetxtSelectDxh0010": {
                            "expected": "大象新闻"
                        },
                        "ErrorImagetxtSelectDxh0011": {
                            "expected": "大象新闻"
                        },
                        "ErrorImagetxtSelectDxh0012": {
                            "expected": "大象新闻"
                        }
                    }
                },
                {
                    "name": "大象财富",
                    "pipeline_override": {
                        "SelectDxh": {
                            "expected": "大象财富"
                        },
                        "ErrorSelectDxh": {
                            "expected": "大象财富"
                        },
                        "ErrorSelectDxhLive": {
                            "expected": "大象财富"
                        },
                        "ErrorImagetxtSelectDxh001": {
                            "expected": "大象财富"
                        },
                        "ErrorImagetxtSelectDxh002": {
                            "expected": "大象财富"
                        },
                        "ErrorImagetxtSelectDxh003": {
                            "expected": "大象财富"
                        },
                        "ErrorImagetxtSelectDxh004": {
                            "expected": "大象财富"
                        },
                        "ErrorImagetxtSelectDxh005": {
                            "expected": "大象财富"
                        },
                        "ErrorImagetxtSelectDxh006": {
                            "expected": "大象财富"
                        },
                        "ErrorImagetxtSelectDxh007": {
                            "expected": "大象财富"
                        },
                        "ErrorImagetxtSelectDxh008": {
                            "expected": "大象财富"
                        },
                        "ErrorImagetxtSelectDxh009": {
                            "expected": "大象财富"
                        },
                        "ErrorImagetxtSelectDxh0010": {
                            "expected": "大象财富"
                        },
                        "ErrorImagetxtSelectDxh0011": {
                            "expected": "大象财富"
                        },
                        "ErrorImagetxtSelectDxh0012": {
                            "expected": "大象财富"
                        }
                    }
                },
                {
                    "name": "都市报道",
                    "pipeline_override": {
                        "SelectDxh": {
                            "expected": "都市报道"
                        },
                        "ErrorSelectDxh": {
                            "expected": "都市报道"
                        },
                        "ErrorSelectDxhLive": {
                            "expected": "都市报道"
                        },
                        "ErrorImagetxtSelectDxh001": {
                            "expected": "都市报道"
                        },
                        "ErrorImagetxtSelectDxh002": {
                            "expected": "都市报道"
                        },
                        "ErrorImagetxtSelectDxh003": {
                            "expected": "都市报道"
                        },
                        "ErrorImagetxtSelectDxh004": {
                            "expected": "都市报道"
                        },
                        "ErrorImagetxtSelectDxh005": {
                            "expected": "都市报道"
                        },
                        "ErrorImagetxtSelectDxh006": {
                            "expected": "都市报道"
                        },
                        "ErrorImagetxtSelectDxh007": {
                            "expected": "都市报道"
                        },
                        "ErrorImagetxtSelectDxh008": {
                            "expected": "都市报道"
                        },
                        "ErrorImagetxtSelectDxh009": {
                            "expected": "都市报道"
                        },
                        "ErrorImagetxtSelectDxh0010": {
                            "expected": "都市报道"
                        },
                        "ErrorImagetxtSelectDxh0011": {
                            "expected": "都市报道"
                        },
                        "ErrorImagetxtSelectDxh0012": {
                            "expected": "都市报道"
                        }
                    }
                },
                {
                    "name": "大象帮",
                    "pipeline_override": {
                        "SelectDxh": {
                            "expected": "大象帮"
                        },
                        "ErrorSelectDxh": {
                            "expected": "大象帮"
                        },
                        "ErrorSelectDxhLive": {
                            "expected": "大象帮"
                        },
                        "ErrorImagetxtSelectDxh001": {
                            "expected": "大象帮"
                        },
                        "ErrorImagetxtSelectDxh002": {
                            "expected": "大象帮"
                        },
                        "ErrorImagetxtSelectDxh003": {
                            "expected": "大象帮"
                        },
                        "ErrorImagetxtSelectDxh004": {
                            "expected": "大象帮"
                        },
                        "ErrorImagetxtSelectDxh005": {
                            "expected": "大象帮"
                        },
                        "ErrorImagetxtSelectDxh006": {
                            "expected": "大象帮"
                        },
                        "ErrorImagetxtSelectDxh007": {
                            "expected": "大象帮"
                        },
                        "ErrorImagetxtSelectDxh008": {
                            "expected": "大象帮"
                        },
                        "ErrorImagetxtSelectDxh009": {
                            "expected": "大象帮"
                        },
                        "ErrorImagetxtSelectDxh0010": {
                            "expected": "大象帮"
                        },
                        "ErrorImagetxtSelectDxh0011": {
                            "expected": "大象帮"
                        },
                        "ErrorImagetxtSelectDxh0012": {
                            "expected": "大象帮"
                        }
                    }
                },
                {
                    "name": "潮新闻",
                    "pipeline_override": {
                        "SelectDxh": {
                            "expected": "潮新闻"
                        },
                        "ErrorSelectDxh": {
                            "expected": "潮新闻"
                        },
                        "ErrorSelectDxhLive": {
                            "expected": "潮新闻"
                        },
                        "ErrorImagetxtSelectDxh001": {
                            "expected": "潮新闻"
                        },
                        "ErrorImagetxtSelectDxh002": {
                            "expected": "潮新闻"
                        },
                        "ErrorImagetxtSelectDxh003": {
                            "expected": "潮新闻"
                        },
                        "ErrorImagetxtSelectDxh004": {
                            "expected": "潮新闻"
                        },
                        "ErrorImagetxtSelectDxh005": {
                            "expected": "潮新闻"
                        },
                        "ErrorImagetxtSelectDxh006": {
                            "expected": "潮新闻"
                        },
                        "ErrorImagetxtSelectDxh007": {
                            "expected": "潮新闻"
                        },
                        "ErrorImagetxtSelectDxh008": {
                            "expected": "潮新闻"
                        },
                        "ErrorImagetxtSelectDxh009": {
                            "expected": "潮新闻"
                        },
                        "ErrorImagetxtSelectDxh0010": {
                            "expected": "潮新闻"
                        },
                        "ErrorImagetxtSelectDxh0011": {
                            "expected": "潮新闻"
                        },
                        "ErrorImagetxtSelectDxh0012": {
                            "expected": "潮新闻"
                        }
                    }
                },
                {
                    "name": "用户_1442826164161581057",
                    "pipeline_override": {
                        "SelectDxh": {
                            "expected": "用户_14428"
                        },
                        "ErrorSelectDxh": {
                            "expected": "用户_1442826164161581057"
                        },
                        "ErrorSelectDxhLive": {
                            "expected": "用户_1442826164161581057"
                        },
                        "ErrorImagetxtSelectDxh001": {
                            "expected": "用户_1442826164161581057"
                        },
                        "ErrorImagetxtSelectDxh002": {
                            "expected": "用户_1442826164161581057"
                        },
                        "ErrorImagetxtSelectDxh003": {
                            "expected": "用户_1442826164161581057"
                        },
                        "ErrorImagetxtSelectDxh004": {
                            "expected": "用户_1442826164161581057"
                        },
                        "ErrorImagetxtSelectDxh005": {
                            "expected": "用户_1442826164161581057"
                        },
                        "ErrorImagetxtSelectDxh006": {
                            "expected": "用户_1442826164161581057"
                        },
                        "ErrorImagetxtSelectDxh007": {
                            "expected": "用户_1442826164161581057"
                        },
                        "ErrorImagetxtSelectDxh008": {
                            "expected": "用户_1442826164161581057"
                        },
                        "ErrorImagetxtSelectDxh009": {
                            "expected": "用户_1442826164161581057"
                        },
                        "ErrorImagetxtSelectDxh0010": {
                            "expected": "用户_1442826164161581057"
                        },
                        "ErrorImagetxtSelectDxh0011": {
                            "expected": "用户_1442826164161581057"
                        },
                        "ErrorImagetxtSelectDxh0012": {
                            "expected": "用户_1442826164161581057"
                        }
                    }
                },
                {
                    "name": "Dxh",
                    "pipeline_override": {
                        "SelectDxh": {
                            "expected": [
                                "用户_14428",
                                "河南信息广播",
                                "河南卫视",
                                "大象新闻",
                                "大象财富",
                                "都市报道",
                                "大象帮",
                                "潮新闻"
                            ]
                        },
                        "ErrorSelectDxh": {
                            "expected": [
                                "用户_14428",
                                "河南信息广播",
                                "河南卫视",
                                "大象新闻",
                                "大象财富",
                                "都市报道",
                                "大象帮",
                                "潮新闻"
                            ]
                        },
                        "ErrorSelectDxhLive": {
                            "expected": [
                                "用户_14428",
                                "河南信息广播",
                                "河南卫视",
                                "大象新闻",
                                "大象财富",
                                "都市报道",
                                "大象帮",
                                "潮新闻"
                            ]
                        },
                        "ErrorImagetxtSelectDxh001": {
                            "expected": [
                                "用户_14428",
                                "河南信息广播",
                                "河南卫视",
                                "大象新闻",
                                "大象财富",
                                "都市报道",
                                "大象帮",
                                "潮新闻"
                            ]
                        },
                        "ErrorImagetxtSelectDxh002": {
                            "expected": [
                                "用户_14428",
                                "河南信息广播",
                                "河南卫视",
                                "大象新闻",
                                "大象财富",
                                "都市报道",
                                "大象帮",
                                "潮新闻"
                            ]
                        },
                        "ErrorImagetxtSelectDxh003": {
                            "expected": [
                                "用户_14428",
                                "河南信息广播",
                                "河南卫视",
                                "大象新闻",
                                "大象财富",
                                "都市报道",
                                "大象帮",
                                "潮新闻"
                            ]
                        },
                        "ErrorImagetxtSelectDxh004": {
                            "expected": [
                                "用户_14428",
                                "河南信息广播",
                                "河南卫视",
                                "大象新闻",
                                "大象财富",
                                "都市报道",
                                "大象帮",
                                "潮新闻"
                            ]
                        },
                        "ErrorImagetxtSelectDxh005": {
                            "expected": [
                                "用户_14428",
                                "河南信息广播",
                                "河南卫视",
                                "大象新闻",
                                "大象财富",
                                "都市报道",
                                "大象帮",
                                "潮新闻"
                            ]
                        },
                        "ErrorImagetxtSelectDxh006": {
                            "expected": [
                                "用户_14428",
                                "河南信息广播",
                                "河南卫视",
                                "大象新闻",
                                "大象财富",
                                "都市报道",
                                "大象帮",
                                "潮新闻"
                            ]
                        },
                        "ErrorImagetxtSelectDxh007": {
                            "expected": [
                                "用户_14428",
                                "河南信息广播",
                                "河南卫视",
                                "大象新闻",
                                "大象财富",
                                "都市报道",
                                "大象帮",
                                "潮新闻"
                            ]
                        },
                        "ErrorImagetxtSelectDxh008": {
                            "expected": [
                                "用户_14428",
                                "河南信息广播",
                                "河南卫视",
                                "大象新闻",
                                "大象财富",
                                "都市报道",
                                "大象帮",
                                "潮新闻"
                            ]
                        },
                        "ErrorImagetxtSelectDxh009": {
                            "expected": [
                                "用户_14428",
                                "河南信息广播",
                                "河南卫视",
                                "大象新闻",
                                "大象财富",
                                "都市报道",
                                "大象帮",
                                "潮新闻"
                            ]
                        },
                        "ErrorImagetxtSelectDxh0010": {
                            "expected": [
                                "用户_14428",
                                "河南信息广播",
                                "河南卫视",
                                "大象新闻",
                                "大象财富",
                                "都市报道",
                                "大象帮",
                                "潮新闻"
                            ]
                        },
                        "ErrorImagetxtSelectDxh0011": {
                            "expected": [
                                "用户_14428",
                                "河南信息广播",
                                "河南卫视",
                                "大象新闻",
                                "大象财富",
                                "都市报道",
                                "大象帮",
                                "潮新闻"
                            ]
                        },
                        "ErrorImagetxtSelectDxh0012": {
                            "expected": [
                                "用户_14428",
                                "河南信息广播",
                                "河南卫视",
                                "大象新闻",
                                "大象财富",
                                "都市报道",
                                "大象帮",
                                "潮新闻"
                            ]
                        }
                    }
                }
            ]
        },
        "PublishSwitch": {
            "cases": [
                {
                    "name": "古诗",
                    "pipeline_override": {
                        "InputPrompt01": {
                            "input_text": "随机一句古诗解读，不要重复"
                        },
                        "AnalogInput011": {
                            "input_text": "suijiyijugushijiedu"
                        },
                        "AnalogInput012": {
                            "expected": [
                                "随机一句古诗解读",
                                "随机一句古",
                                "古诗"
                            ]
                        }
                    }
                },
                {
                    "name": "古语",
                    "pipeline_override": {
                        "InputPrompt01": {
                            "input_text": "随机一句古语解读，不要重复"
                        },
                        "AnalogInput011": {
                            "input_text": "suijiyijuguyujiedu"
                        },
                        "AnalogInput012": {
                            "expected": [
                                "随机一句古语解读",
                                "随机一句古",
                                "古语"
                            ]
                        }
                    }
                },
                {
                    "name": "成语",
                    "pipeline_override": {
                        "InputPrompt01": {
                            "input_text": "随机一句成语解读，不要重复"
                        },
                        "AnalogInput011": {
                            "input_text": "suijiyijuchengyujiedu"
                        },
                        "AnalogInput012": {
                            "expected": [
                                "随机一句成语解读",
                                "随机一句成",
                                "成语"
                            ]
                        }
                    }
                }
            ]
        },
        "PublishSwitch2": {
            "cases": [
                {
                    "name": "古诗",
                    "pipeline_override": {
                        "InputPrompt02": {
                            "input_text": "随机一句古诗解读，不要重复"
                        },
                        "AnalogInput021": {
                            "input_text": "suijiyijugushijiedu"
                        },
                        "AnalogInput022": {
                            "expected": [
                                "随机一句古诗解读",
                                "随机一句古",
                                "古诗"
                            ]
                        }
                    }
                },
                {
                    "name": "古语",
                    "pipeline_override": {
                        "InputPrompt02": {
                            "input_text": "随机一句古语解读，不要重复"
                        },
                        "AnalogInput021": {
                            "input_text": "suijiyijuguyujiedu"
                        },
                        "AnalogInput022": {
                            "expected": [
                                "随机一句古语解读",
                                "随机一句古",
                                "古语"
                            ]
                        }
                    }
                },
                {
                    "name": "成语",
                    "pipeline_override": {
                        "InputPrompt02": {
                            "input_text": "随机一句成语解读，不要重复"
                        },
                        "AnalogInput021": {
                            "input_text": "suijiyijuchengyujiedu"
                        },
                        "AnalogInput022": {
                            "expected": [
                                "随机一句成语解读",
                                "随机一句成",
                                "成语"
                            ]
                        }
                    }
                }
            ]
        },
        "选择发布内容": {
            "cases": [
                {
                    "name": "古诗",
                    "pipeline_override": {
                        "输入问题p": {
                            "input_text": "随机一句古诗解读，不要重复"
                        },
                        "输入法输入问题1": {
                            "input_text": "suijiyijugushijiedu"
                        },
                        "输入法输入问题2": {
                            "expected": [
                                "随机一句古诗解读",
                                "随机一句古",
                                "古诗"
                            ]
                        }
                    }
                },
                {
                    "name": "古语",
                    "pipeline_override": {
                        "输入问题p": {
                            "input_text": "随机一句古语解读，不要重复"
                        },
                        "输入法输入问题1": {
                            "input_text": "suijiyijuguyujiedu"
                        },
                        "输入法输入问题2": {
                            "expected": [
                                "随机一句古语解读",
                                "随机一句古",
                                "古语"
                            ]
                        }
                    }
                },
                {
                    "name": "成语",
                    "pipeline_override": {
                        "输入问题p": {
                            "input_text": "随机一句成语解读，不要重复"
                        },
                        "输入法输入问题1": {
                            "input_text": "suijiyijuchengyujiedu"
                        },
                        "输入法输入问题2": {
                            "expected": [
                                "随机一句成语解读",
                                "随机一句成",
                                "成语"
                            ]
                        }
                    }
                }
            ]
        },
        "输入法检测": {
            "cases": [
                {
                    "name": "是",
                    "pipeline_override": {
                        "InputmethodCheck00": {
                            "enabled": true
                        }
                    }
                },
                {
                    "name": "否",
                    "pipeline_override": {
                        "InputmethodCheck00": {
                            "next": "MergeSigninGetpoints"
                        }
                    }
                }
            ]
        }
    }
}