{
    "name": "DxxwTest",
    "version": "0.1.14",
    "url": "https://github.com/ywkf/DxxwTest",
    "custom_title": "Dxxw",
    "default_controller": "adb",
    "lock_controller": false,
    "controller": [
        {
            "name": "安卓端",
            "type": "Adb"
        }
    ],
    "resource": [
        {
            "name": "dxxw",
            "path": [
                "{PROJECT_DIR}/resource"
            ]
        }
    ],
    "task": [
        {
            "name": "启动",
            "entry": "Startup"
        },
        {
            "name": "重启",
            "entry": "Restart",
            "doc": "闪退重启，自定义添加"
        },
        {
            "name": "检测输入法",
            "entry": "InputmethodCheck00",
            "doc": "启用第三方输入法"
        },
        {
            "name": "延时/零点",
            "entry": "Sleep",
            "doc": "等待至零点或自定义时间",
            "option": [
                "SleepTime"
            ]
        },
        {
            "name": "签到",
            "entry": "Signin"
        },
        {
            "name": "允许通知积分领取",
            "entry": "GetPoints"
        },
        {
            "name": "浏览图文作品",
            "entry": "MergeBrowsePublish",
            "option": [
                "DxhSwitch"
            ],
            "pipeline_override": {
                "BrowseImagetxtComplete": {
                    "next": "Back"
                }
            }
        },
        {
            "name": "浏览音视频作品",
            "entry": "MergeBrowsePublish",
            "option": [
                "DxhSwitch"
            ],
            "pipeline_override": {
                "SwipeUpivl": {
                    "next": "ClickVideoPart"
                },
                "BroswseVideoBack": {
                    "next": "Back"
                }
            }
        },
        {
            "name": "看电视听广播",
            "entry": "WatchVideoradio"
        },
        {
            "name": "观看直播",
            "entry": "MergeBrowsePublish",
            "option": [
                "DxhSwitch"
            ],
            "pipeline_override": {
                "SwipeUpivl": {
                    "next": "ClickLivePart"
                },
                "LiveTimeout02": {
                    "next": "Back"
                }
            }
        },
        {
            "name": "发布作品",
            "entry": "Publish",
            "option": [
                "选择发布内容"
            ]
        },
        {
            "name": "发布作品x2",
            "entry": "PublishX2",
            "option": [
                "PublishSwitch",
                "PublishSwitch2"
            ]
        },
        {
            "name": "删除发布内容",
            "entry": "DeletePost"
        },
        {
            "name": "签到和领取通知每日积分",
            "entry": "MergeSigninGetpoints"
        },
        {
            "name": "完成全部浏览和发布（选择已关注的大象号）",
            "entry": "MergeBrowsePublish",
            "option": [
                "DxhSwitch"
            ]
        },
        {
            "name": "一键完成（选择已关注的大象号）",
            "entry": "InputmethodCheck00",
            "doc": "一键完成，选择大象号、发布作品类型、是否输入法检测",
            "option": [
                "DxhSwitch",
                "PublishSwitch",
                "输入法检测"
            ],
            "pipeline_override": {
                "SelectInputmethod": {
                    "next": "MergeSigninGetpoints"
                },
                "GettingPoints": {
                    "next": "MergeBrowsePublish"
                },
                "SwipeUPsg": {
                    "next": [
                        "GettingPoints",
                        "MergeBrowsePublish"
                    ]
                }
            }
        },
        {
            "name": "一键完成（跳过图文）",
            "entry": "MergeBrowsePublish",
            "option": [
                "DxhSwitch",
                "PublishSwitch"
            ],
            "pipeline_override": {
                "SwipeUpivl": {
                    "next": "ClickVideoPart"
                }
            }
        },
        {
            "name": "一键完成（不发布作品）",
            "entry": "InputmethodCheck00",
            "option": [
                "DxhSwitch",
                "输入法检测"
            ],
            "pipeline_override": {
                "SelectInputmethod": {
                    "next": "MergeSigninGetpoints"
                },
                "GettingPoints": {
                    "next": "MergeBrowsePublish"
                },
                "SwipeUPsg": {
                    "next": [
                        "GettingPoints",
                        "MergeBrowsePublish"
                    ]
                },
                "TVRadioComplete02": {
                    "next": "Back"
                },
                "TVRadioTimeout02": {
                    "next": "Back"
                }
            }
        },
        {
            "name": "任务完成检测",
            "entry": "TaskCheck",
            "doc": "不检测发布任务，建议放在一键完成之后",
            "pipeline_override": {
                "BrowseImagetxtComplete": {
                    "next": "TaskCheck"
                },
                "BroswseVideoBack": {
                    "next": "TaskCheck"
                },
                "WatchLiveBack": {
                    "next": "TaskCheck"
                },
                "LiveTimeout02": {
                    "next": "TaskCheck"
                },
                "完成看电视听广播2": {
                    "next": "TaskCheck"
                },
                "看电视听广播超时2": {
                    "next": "TaskCheck"
                }
            }
        },
        {
            "name": "圈子点赞收藏(beta)",
            "entry": "Circle",
            "doc": "循环点赞收藏（评论）圈子内容\n视频评论需要用到XF输入法的语录功能，需要自行添加\n视频评论语录次数 需要设置语录发送方式为 手动上屏",
            "option": [
                "CircleSwitch",
                "滑动速度",
                "是否评论",
                "视频评论语录次数",
                "误入动态判断"
            ]
        },
        {
            "name": "圈子点赞收藏(beta)自定义",
            "entry": "CircleSwipe0",
            "doc": "进入圈子后再启动，循环点赞收藏（评论）圈子内容，需要手动结束\n视频评论需要用到XF输入法的语录功能，需要自行添加\n视频评论语录次数 需要设置语录发送方式为 手动上屏",
            "option": [
                "滑动速度",
                "是否评论",
                "视频评论语录次数",
                "误入动态判断"
            ],
            "pipeline_override": {
                "IsTop": {
                    "enabled": false
                },
                "IsCompleted": {
                    "enabled": false
                }
            }
        },
        {
            "name": "点赞评论(beta)",
            "entry": "LikeComment",
            "doc": "点赞收到的评论"
        },
        {
            "name": "回赞与收藏(beta)",
            "entry": "RepkyLike",
            "doc": "进入对应的账号页面再启动，点赞收藏评论账号内所有图文和视频\n视频评论需要用到XF输入法的语录功能，需要自行添加",
            "option": [
                "是否分享",
                "视频评论",
                "视频评论语录次数"
            ]
        },
        {
            "name": "个人账号任务(beta)",
            "entry": "BrowseImagetxtM",
            "doc": "分享、点赞、收藏、评论个人账号中的内容\n如果选择重复运行，需要手动结束",
            "option": [
                "是否重复运行"
            ]
        },
        {
            "name": "个人账号任务10s(beta)",
            "entry": "BrowseImagetxtM",
            "doc": "每个动态等待10s后，分享、点赞、收藏、评论\n如果选择重复运行，需要手动结束",
            "option": [
                "是否重复运行"
            ],
            "pipeline_override": {
                "ReplyContM": {
                    "next": [
                        "Sleep10s"
                    ]
                }
            }
        },
        {
            "name": "分享",
            "entry": "Share",
            "doc": "进入对应的发布内容页面再启动，无限循环分享，需要手动结束"
        },
        {
            "name": "最新分享(beta)",
            "entry": "ShareMy",
            "doc": "随处启动，最新视频分享量达到选项数量后，循环分享最新图文，需要手动结束",
            "option": [
                "最新视频分享量"
            ],
            "pipeline_override": {
                "Share": {
                    "next": [
                        "ReplyImageShare",
                        "ShareDone",
                        "ReplyVideoShare"
                    ]
                },
                "ReplyShareSuccessBack": {
                    "next": [
                        "ShareDone",
                        "Share"
                    ]
                }
            }
        },
        {
            "name": "返回个人页",
            "entry": "Back"
        }
    ],
    "option": {
        "视频评论语录次数": {
            "cases": [
                {
                    "name": "X1",
                    "pipeline_override": {
                        "CCCommentXF02X2": {
                            "enabled": false
                        },
                        "CCCommentXFT03X2": {
                            "enabled": false
                        },
                        "CCCommentXFT14X2": {
                            "enabled": false
                        },
                        "CCCommentXFT25X2": {
                            "enabled": false
                        }
                    }
                },
                {
                    "name": "X2",
                    "pipeline_override": {
                        "CCCommentXF02X3": {
                            "enabled": false
                        },
                        "CCCommentXFT03X3": {
                            "enabled": false
                        },
                        "CCCommentXFT14X3": {
                            "enabled": false
                        },
                        "CCCommentXFT25X3": {
                            "enabled": false
                        }
                    }
                },
                {
                    "name": "X3",
                    "pipeline_override": {}
                }
            ]
        },
        "是否评论视频": {
            "cases": [
                {
                    "name": "no",
                    "pipeline_override": {}
                },
                {
                    "name": "yes",
                    "pipeline_override": {
                        "ShareBackVideoM": {
                            "next": [
                                "CCommentVideo",
                                "ReplyVideoLike1M",
                                "ReplyVideoLikeM",
                                "ReplyVideoCollect1M",
                                "ReplyVideoCollectM",
                                "ReplyVideoBackM"
                            ]
                        },
                        "CCommentBack01": {
                            "next": [
                                "ReplyVideoLike1M",
                                "ReplyVideoLikeM",
                                "ReplyVideoCollect1M",
                                "ReplyVideoCollectM",
                                "ReplyVideoBackM"
                            ]
                        }
                    }
                }
            ]
        },
        "视频评论": {
            "cases": [
                {
                    "name": "no",
                    "pipeline_override": {}
                },
                {
                    "name": "yes",
                    "pipeline_override": {
                        "ReplyVideo01": {
                            "next": [
                                "CCommentVideo",
                                "ReplyVideoLike1",
                                "ReplyVideoLike",
                                "ReplyVideoCollect1",
                                "ReplyVideoCollect",
                                "ReplyVideoBack"
                            ]
                        },
                        "ReplyVideoM": {
                            "next": [
                                "CCommentVideo",
                                "ReplyVideoLike1",
                                "ReplyVideoLike",
                                "ReplyVideoCollect1",
                                "ReplyVideoCollect",
                                "ReplyVideoBack"
                            ]
                        },
                        "CCommentBack01": {
                            "next": [
                                "ReplyVideoLike1",
                                "ReplyVideoLike",
                                "ReplyVideoCollect1",
                                "ReplyVideoCollect",
                                "ReplyVideoBack"
                            ]
                        }
                    }
                }
            ]
        },
        "是否回复评论": {
            "cases": [
                {
                    "name": "no",
                    "pipeline_override": {}
                },
                {
                    "name": "yes",
                    "pipeline_override": {
                        "ClickLike01": {
                            "next": [
                                "ReplyComment",
                                "ClickLikeAll"
                            ]
                        },
                        "CCommentPublish": {
                            "next": [
                                "RepeatComment",
                                "ClickLikeAll"
                            ]
                        }
                    }
                }
            ]
        },
        "是否评论": {
            "cases": [
                {
                    "name": "否",
                    "pipeline_override": {}
                },
                {
                    "name": "仅评论图文",
                    "pipeline_override": {
                        "CircleLike": {
                            "next": [
                                "CClickComment",
                                "CCheckLike"
                            ]
                        },
                        "CClickComment": {
                            "next": [
                                "CCommentImage",
                                "CCommentVideoBack"
                            ]
                        },
                        "CCommentBack02": {
                            "next": [
                                "CircleSwipe2"
                            ]
                        },
                        "CCommentVideoBack": {
                            "next": [
                                "CircleSwipe2"
                            ]
                        }
                    }
                },
                {
                    "name": "评论图文和视频(beta)",
                    "pipeline_override": {
                        "CircleLike": {
                            "next": [
                                "CClickComment",
                                "CCheckLike"
                            ]
                        },
                        "CCommentBack02": {
                            "next": [
                                "CircleSwipe2"
                            ]
                        }
                    }
                }
            ]
        },
        "是否使用XF语录功能": {
            "cases": [
                {
                    "name": "yes",
                    "pipeline_override": {}
                },
                {
                    "name": "no",
                    "pipeline_override": {
                        "CCommentXF01": {
                            "enabled": false
                        }
                    }
                }
            ]
        },
        "最新视频分享量": {
            "cases": [
                {
                    "name": "150",
                    "pipeline_override": {
                        "ShareDone": {
                            "expected": [
                                "150"
                            ],
                            "focus_succeeded": "最新视频分享量已达150，开始图文分享"
                        }
                    }
                },
                {
                    "name": "200",
                    "pipeline_override": {
                        "ShareDone": {
                            "expected": [
                                "200"
                            ],
                            "focus_succeeded": "最新视频分享量已达200，开始图文分享"
                        }
                    }
                },
                {
                    "name": "300",
                    "pipeline_override": {
                        "ShareDone": {
                            "expected": [
                                "300"
                            ],
                            "focus_succeeded": "最新视频分享量已达300，开始图文分享"
                        }
                    }
                },
                {
                    "name": "400",
                    "pipeline_override": {
                        "ShareDone": {
                            "expected": [
                                "400"
                            ],
                            "focus_succeeded": "最新视频分享量已达400，开始图文分享"
                        }
                    }
                },
                {
                    "name": "500",
                    "pipeline_override": {
                        "ShareDone": {
                            "expected": [
                                "500"
                            ],
                            "focus_succeeded": "最新视频分享量已达500，开始图文分享"
                        }
                    }
                },
                {
                    "name": "1000",
                    "pipeline_override": {
                        "ShareDone": {
                            "expected": [
                                "1000"
                            ],
                            "focus_succeeded": "最新视频分享量已达1000，开始图文分享"
                        }
                    }
                }
            ]
        },
        "误入动态判断": {
            "cases": [
                {
                    "name": "no",
                    "pipeline_override": {
                        "InImagetxt": {
                            "enabled": false
                        },
                        "InVideo": {
                            "enabled": false
                        }
                    }
                },
                {
                    "name": "yes",
                    "pipeline_override": {}
                }
            ]
        },
        "滑动速度": {
            "cases": [
                {
                    "name": "300",
                    "pipeline_override": {
                        "CircleSwipe": {
                            "begin": [
                                200,
                                700,
                                10,
                                10
                            ]
                        },
                        "CircleSwipe2": {
                            "begin": [
                                200,
                                700,
                                10,
                                10
                            ]
                        }
                    }
                },
                {
                    "name": "250",
                    "pipeline_override": {
                        "CircleSwipe": {
                            "begin": [
                                200,
                                650,
                                10,
                                10
                            ]
                        },
                        "CircleSwipe2": {
                            "begin": [
                                200,
                                650,
                                10,
                                10
                            ]
                        }
                    }
                },
                {
                    "name": "200",
                    "pipeline_override": {
                        "CircleSwipe": {
                            "begin": [
                                200,
                                600,
                                10,
                                10
                            ]
                        },
                        "CircleSwipe2": {
                            "begin": [
                                200,
                                600,
                                10,
                                10
                            ]
                        }
                    }
                },
                {
                    "name": "150",
                    "pipeline_override": {
                        "CircleSwipe": {
                            "begin": [
                                200,
                                550,
                                10,
                                10
                            ]
                        },
                        "CircleSwipe2": {
                            "begin": [
                                200,
                                550,
                                10,
                                10
                            ]
                        }
                    }
                },
                {
                    "name": "400",
                    "pipeline_override": {
                        "CircleSwipe": {
                            "begin": [
                                200,
                                800,
                                10,
                                10
                            ]
                        },
                        "CircleSwipe2": {
                            "begin": [
                                200,
                                800,
                                10,
                                10
                            ]
                        }
                    }
                }
            ]
        },
        "是否重复运行": {
            "cases": [
                {
                    "name": "no",
                    "pipeline_override": {}
                },
                {
                    "name": "yes",
                    "pipeline_override": {
                        "ReplyBackM": {
                            "next": [
                                "BrowseImagetxtM"
                            ]
                        }
                    }
                }
            ]
        },
        "是否分享": {
            "cases": [
                {
                    "name": "no",
                    "pipeline_override": {}
                },
                {
                    "name": "yes",
                    "pipeline_override": {
                        "ReplyShareSuccessBack": {
                            "next": [
                                "ImageOrVideo"
                            ]
                        },
                        "ReplyImage01": {
                            "next": [
                                "Share"
                            ]
                        },
                        "ReplyVideoM": {
                            "next": [
                                "Share"
                            ]
                        },
                        "ReplyVideo01": {
                            "next": [
                                "Share"
                            ]
                        }
                    }
                }
            ]
        },
        "是否发布作品": {
            "cases": [
                {
                    "name": "yes",
                    "pipeline_override": {}
                },
                {
                    "name": "no",
                    "pipeline_override": {
                        "TVRadioComplete02": {
                            "next": "Back"
                        },
                        "TVRadioTimeout02": {
                            "next": "Back"
                        }
                    }
                }
            ]
        },
        "CircleSwitch": {
            "cases": [
                {
                    "name": "无线“象”往",
                    "pipeline_override": {
                        "ClickTheCircle": {
                            "expected": [
                                "无线“象”往",
                                "展示新时代河南",
                                "中波人",
                                "“象”"
                            ],
                            "focus_succeeded": "识别进入 无线“象”往 圈子成功"
                        },
                        "CircleCompletedBack": {
                            "focus_succeeded": "无线“象”往 圈子任务完成"
                        }
                    }
                },
                {
                    "name": "快乐集中营",
                    "pipeline_override": {
                        "ClickTheCircle": {
                            "expected": [
                                "快乐集中营"
                            ],
                            "focus_succeeded": "识别进入 快乐集中营 圈子成功"
                        },
                        "CircleCompletedBack": {
                            "focus_succeeded": "快乐集中营 圈子任务完成"
                        }
                    }
                },
                {
                    "name": "象·心力",
                    "pipeline_override": {
                        "ClickTheCircle": {
                            "expected": [
                                "象·心力",
                                "心力",
                                "如朝阳与东风共起",
                                "如朝阳"
                            ],
                            "focus_succeeded": "识别进入 象·心力 圈子成功"
                        },
                        "CircleCompletedBack": {
                            "focus_succeeded": "象·心力 圈子任务完成"
                        }
                    }
                },
                {
                    "name": "非常“3+4”",
                    "pipeline_override": {
                        "ClickTheCircle": {
                            "expected": [
                                "非常“3+4”",
                                "无线发射",
                                "友情传播",
                                "3+4"
                            ],
                            "focus_succeeded": "识别进入 非常“3+4” 圈子成功"
                        },
                        "CircleCompletedBack": {
                            "focus_succeeded": "非常“3+4” 圈子任务完成"
                        }
                    }
                },
                {
                    "name": "随手记录生活",
                    "pipeline_override": {
                        "ClickTheCircle": {
                            "expected": [
                                "随手记录生活",
                                "随手"
                            ],
                            "focus_succeeded": "识别进入 随手记录生活 圈子成功"
                        },
                        "CircleCompletedBack": {
                            "focus_succeeded": "随手记录生活 圈子任务完成"
                        }
                    }
                },
                {
                    "name": "大象话题",
                    "pipeline_override": {
                        "ClickTheCircle": {
                            "expected": [
                                "大象话题"
                            ],
                            "focus_succeeded": "识别进入 大象话题 圈子成功"
                        },
                        "CircleCompletedBack": {
                            "focus_succeeded": "大象话题 圈子任务完成"
                        }
                    }
                },
                {
                    "name": "记录生活",
                    "pipeline_override": {
                        "ClickTheCircle": {
                            "expected": [
                                "记录生活点滴",
                                "生活点滴",
                                "留住美好瞬间",
                                "美好瞬间"
                            ],
                            "focus_succeeded": "识别进入 记录生活 圈子成功"
                        },
                        "CircleCompletedBack": {
                            "focus_succeeded": "记录生活 圈子任务完成"
                        }
                    }
                },
                {
                    "name": "福塔-发射",
                    "pipeline_override": {
                        "ClickTheCircle": {
                            "expected": [
                                "福塔-发射",
                                "福塔",
                                "省发射台"
                            ],
                            "focus_succeeded": "识别进入 福塔-发射 圈子成功"
                        },
                        "CircleCompletedBack": {
                            "focus_succeeded": "福塔发射 圈子任务完成"
                        }
                    }
                },
                {
                    "name": "热爱生活",
                    "pipeline_override": {
                        "ClickTheCircle": {
                            "expected": [
                                "热爱生活",
                                "日常碎片"
                            ],
                            "focus_succeeded": "识别进入 热爱生活 圈子成功"
                        },
                        "CircleCompletedBack": {
                            "focus_succeeded": "热爱生活 圈子任务完成"
                        }
                    }
                },
                {
                    "name": "人间处处",
                    "pipeline_override": {
                        "ClickTheCircle": {
                            "expected": [
                                "人间处处",
                                "春雨杏花急急落",
                                "春雨杏花"
                            ],
                            "focus_succeeded": "识别进入 人间处处 圈子成功"
                        },
                        "CircleCompletedBack": {
                            "focus_succeeded": "人间处处 圈子任务完成"
                        }
                    }
                },
                {
                    "name": "象友汇",
                    "pipeline_override": {
                        "ClickTheCircle": {
                            "expected": [
                                "象友汇",
                                "立足省台",
                                "新文化"
                            ],
                            "focus_succeeded": "识别进入 象友汇 圈子成功"
                        },
                        "CircleCompletedBack": {
                            "focus_succeeded": "象友汇 圈子任务完成"
                        }
                    }
                }
            ]
        },
        "SleepTime": {
            "cases": [
                {
                    "name": "10秒",
                    "pipeline_override": {
                        "Sleep": {
                            "focus_succeeded": "零点/等待10秒后进行..."
                        },
                        "Sleeping": {
                            "timeout": 10000
                        }
                    }
                },
                {
                    "name": "10分钟",
                    "pipeline_override": {
                        "Sleep": {
                            "focus_succeeded": "零点/等待10分钟后进行..."
                        },
                        "Sleeping": {
                            "timeout": 600000
                        }
                    }
                },
                {
                    "name": "30分钟",
                    "pipeline_override": {
                        "Sleep": {
                            "focus_succeeded": "零点/等待30分钟后进行..."
                        },
                        "Sleeping": {
                            "timeout": 1800000
                        }
                    }
                },
                {
                    "name": "1小时",
                    "pipeline_override": {
                        "Sleep": {
                            "focus_succeeded": "零点/等待1小时后进行..."
                        },
                        "Sleeping": {
                            "timeout": 3600000
                        }
                    }
                },
                {
                    "name": "1.5小时",
                    "pipeline_override": {
                        "Sleep": {
                            "focus_succeeded": "零点/等待90分钟后进行..."
                        },
                        "Sleeping": {
                            "timeout": 5400000
                        }
                    }
                },
                {
                    "name": "2小时",
                    "pipeline_override": {
                        "Sleep": {
                            "focus_succeeded": "零点/等待2小时后进行..."
                        },
                        "Sleeping": {
                            "timeout": 7200000
                        }
                    }
                }
            ]
        },
        "MyDxhSwitch": {
            "cases": [
                {
                    "name": "个人账号（已准备素材）",
                    "pipeline_override": {
                        "点击关注列表mc": {
                            "enabled": false
                        },
                        "BrowseImagetxtMC1": {
                            "next": "点击内容c"
                        }
                    }
                },
                {
                    "name": "关注账号（用户_14428）",
                    "pipeline_override": {
                        "点击关注列表mc": {
                            "enabled": true
                        },
                        "BrowseImagetxtMC1": {
                            "next": "点击关注列表mc"
                        }
                    }
                }
            ]
        },
        "DxhSwitch": {
            "cases": [
                {
                    "name": "河南信息广播",
                    "pipeline_override": {
                        "SelectDxh": {
                            "expected": "河南信息广播"
                        },
                        "ErrorSelectDxh": {
                            "expected": "河南信息广播"
                        },
                        "ErrorSelectDxhLive": {
                            "expected": "河南信息广播"
                        },
                        "ErrorImagetxtSelectDxh001": {
                            "expected": "河南信息广播"
                        },
                        "ErrorImagetxtSelectDxh002": {
                            "expected": "河南信息广播"
                        },
                        "ErrorImagetxtSelectDxh003": {
                            "expected": "河南信息广播"
                        },
                        "ErrorImagetxtSelectDxh004": {
                            "expected": "河南信息广播"
                        },
                        "ErrorImagetxtSelectDxh005": {
                            "expected": "河南信息广播"
                        },
                        "ErrorImagetxtSelectDxh006": {
                            "expected": "河南信息广播"
                        },
                        "ErrorImagetxtSelectDxh007": {
                            "expected": "河南信息广播"
                        },
                        "ErrorImagetxtSelectDxh008": {
                            "expected": "河南信息广播"
                        },
                        "ErrorImagetxtSelectDxh009": {
                            "expected": "河南信息广播"
                        },
                        "ErrorImagetxtSelectDxh0010": {
                            "expected": "河南信息广播"
                        },
                        "ErrorImagetxtSelectDxh0011": {
                            "expected": "河南信息广播"
                        },
                        "ErrorImagetxtSelectDxh0012": {
                            "expected": "河南信息广播"
                        }
                    }
                },
                {
                    "name": "河南卫视",
                    "pipeline_override": {
                        "SelectDxh": {
                            "expected": "河南卫视"
                        },
                        "ErrorSelectDxh": {
                            "expected": "河南卫视"
                        },
                        "ErrorSelectDxhLive": {
                            "expected": "河南卫视"
                        },
                        "ErrorImagetxtSelectDxh001": {
                            "expected": "河南卫视"
                        },
                        "ErrorImagetxtSelectDxh002": {
                            "expected": "河南卫视"
                        },
                        "ErrorImagetxtSelectDxh003": {
                            "expected": "河南卫视"
                        },
                        "ErrorImagetxtSelectDxh004": {
                            "expected": "河南卫视"
                        },
                        "ErrorImagetxtSelectDxh005": {
                            "expected": "河南卫视"
                        },
                        "ErrorImagetxtSelectDxh006": {
                            "expected": "河南卫视"
                        },
                        "ErrorImagetxtSelectDxh007": {
                            "expected": "河南卫视"
                        },
                        "ErrorImagetxtSelectDxh008": {
                            "expected": "河南卫视"
                        },
                        "ErrorImagetxtSelectDxh009": {
                            "expected": "河南卫视"
                        },
                        "ErrorImagetxtSelectDxh0010": {
                            "expected": "河南卫视"
                        },
                        "ErrorImagetxtSelectDxh0011": {
                            "expected": "河南卫视"
                        },
                        "ErrorImagetxtSelectDxh0012": {
                            "expected": "河南卫视"
                        }
                    }
                },
                {
                    "name": "大象新闻",
                    "pipeline_override": {
                        "SelectDxh": {
                            "expected": "大象新闻"
                        },
                        "ErrorSelectDxh": {
                            "expected": "大象新闻"
                        },
                        "ErrorSelectDxhLive": {
                            "expected": "大象新闻"
                        },
                        "ErrorImagetxtSelectDxh001": {
                            "expected": "大象新闻"
                        },
                        "ErrorImagetxtSelectDxh002": {
                            "expected": "大象新闻"
                        },
                        "ErrorImagetxtSelectDxh003": {
                            "expected": "大象新闻"
                        },
                        "ErrorImagetxtSelectDxh004": {
                            "expected": "大象新闻"
                        },
                        "ErrorImagetxtSelectDxh005": {
                            "expected": "大象新闻"
                        },
                        "ErrorImagetxtSelectDxh006": {
                            "expected": "大象新闻"
                        },
                        "ErrorImagetxtSelectDxh007": {
                            "expected": "大象新闻"
                        },
                        "ErrorImagetxtSelectDxh008": {
                            "expected": "大象新闻"
                        },
                        "ErrorImagetxtSelectDxh009": {
                            "expected": "大象新闻"
                        },
                        "ErrorImagetxtSelectDxh0010": {
                            "expected": "大象新闻"
                        },
                        "ErrorImagetxtSelectDxh0011": {
                            "expected": "大象新闻"
                        },
                        "ErrorImagetxtSelectDxh0012": {
                            "expected": "大象新闻"
                        }
                    }
                },
                {
                    "name": "大象财富",
                    "pipeline_override": {
                        "SelectDxh": {
                            "expected": "大象财富"
                        },
                        "ErrorSelectDxh": {
                            "expected": "大象财富"
                        },
                        "ErrorSelectDxhLive": {
                            "expected": "大象财富"
                        },
                        "ErrorImagetxtSelectDxh001": {
                            "expected": "大象财富"
                        },
                        "ErrorImagetxtSelectDxh002": {
                            "expected": "大象财富"
                        },
                        "ErrorImagetxtSelectDxh003": {
                            "expected": "大象财富"
                        },
                        "ErrorImagetxtSelectDxh004": {
                            "expected": "大象财富"
                        },
                        "ErrorImagetxtSelectDxh005": {
                            "expected": "大象财富"
                        },
                        "ErrorImagetxtSelectDxh006": {
                            "expected": "大象财富"
                        },
                        "ErrorImagetxtSelectDxh007": {
                            "expected": "大象财富"
                        },
                        "ErrorImagetxtSelectDxh008": {
                            "expected": "大象财富"
                        },
                        "ErrorImagetxtSelectDxh009": {
                            "expected": "大象财富"
                        },
                        "ErrorImagetxtSelectDxh0010": {
                            "expected": "大象财富"
                        },
                        "ErrorImagetxtSelectDxh0011": {
                            "expected": "大象财富"
                        },
                        "ErrorImagetxtSelectDxh0012": {
                            "expected": "大象财富"
                        }
                    }
                },
                {
                    "name": "都市报道",
                    "pipeline_override": {
                        "SelectDxh": {
                            "expected": "都市报道"
                        },
                        "ErrorSelectDxh": {
                            "expected": "都市报道"
                        },
                        "ErrorSelectDxhLive": {
                            "expected": "都市报道"
                        },
                        "ErrorImagetxtSelectDxh001": {
                            "expected": "都市报道"
                        },
                        "ErrorImagetxtSelectDxh002": {
                            "expected": "都市报道"
                        },
                        "ErrorImagetxtSelectDxh003": {
                            "expected": "都市报道"
                        },
                        "ErrorImagetxtSelectDxh004": {
                            "expected": "都市报道"
                        },
                        "ErrorImagetxtSelectDxh005": {
                            "expected": "都市报道"
                        },
                        "ErrorImagetxtSelectDxh006": {
                            "expected": "都市报道"
                        },
                        "ErrorImagetxtSelectDxh007": {
                            "expected": "都市报道"
                        },
                        "ErrorImagetxtSelectDxh008": {
                            "expected": "都市报道"
                        },
                        "ErrorImagetxtSelectDxh009": {
                            "expected": "都市报道"
                        },
                        "ErrorImagetxtSelectDxh0010": {
                            "expected": "都市报道"
                        },
                        "ErrorImagetxtSelectDxh0011": {
                            "expected": "都市报道"
                        },
                        "ErrorImagetxtSelectDxh0012": {
                            "expected": "都市报道"
                        }
                    }
                },
                {
                    "name": "大象帮",
                    "pipeline_override": {
                        "SelectDxh": {
                            "expected": "大象帮"
                        },
                        "ErrorSelectDxh": {
                            "expected": "大象帮"
                        },
                        "ErrorSelectDxhLive": {
                            "expected": "大象帮"
                        },
                        "ErrorImagetxtSelectDxh001": {
                            "expected": "大象帮"
                        },
                        "ErrorImagetxtSelectDxh002": {
                            "expected": "大象帮"
                        },
                        "ErrorImagetxtSelectDxh003": {
                            "expected": "大象帮"
                        },
                        "ErrorImagetxtSelectDxh004": {
                            "expected": "大象帮"
                        },
                        "ErrorImagetxtSelectDxh005": {
                            "expected": "大象帮"
                        },
                        "ErrorImagetxtSelectDxh006": {
                            "expected": "大象帮"
                        },
                        "ErrorImagetxtSelectDxh007": {
                            "expected": "大象帮"
                        },
                        "ErrorImagetxtSelectDxh008": {
                            "expected": "大象帮"
                        },
                        "ErrorImagetxtSelectDxh009": {
                            "expected": "大象帮"
                        },
                        "ErrorImagetxtSelectDxh0010": {
                            "expected": "大象帮"
                        },
                        "ErrorImagetxtSelectDxh0011": {
                            "expected": "大象帮"
                        },
                        "ErrorImagetxtSelectDxh0012": {
                            "expected": "大象帮"
                        }
                    }
                },
                {
                    "name": "潮新闻",
                    "pipeline_override": {
                        "SelectDxh": {
                            "expected": "潮新闻"
                        },
                        "ErrorSelectDxh": {
                            "expected": "潮新闻"
                        },
                        "ErrorSelectDxhLive": {
                            "expected": "潮新闻"
                        },
                        "ErrorImagetxtSelectDxh001": {
                            "expected": "潮新闻"
                        },
                        "ErrorImagetxtSelectDxh002": {
                            "expected": "潮新闻"
                        },
                        "ErrorImagetxtSelectDxh003": {
                            "expected": "潮新闻"
                        },
                        "ErrorImagetxtSelectDxh004": {
                            "expected": "潮新闻"
                        },
                        "ErrorImagetxtSelectDxh005": {
                            "expected": "潮新闻"
                        },
                        "ErrorImagetxtSelectDxh006": {
                            "expected": "潮新闻"
                        },
                        "ErrorImagetxtSelectDxh007": {
                            "expected": "潮新闻"
                        },
                        "ErrorImagetxtSelectDxh008": {
                            "expected": "潮新闻"
                        },
                        "ErrorImagetxtSelectDxh009": {
                            "expected": "潮新闻"
                        },
                        "ErrorImagetxtSelectDxh0010": {
                            "expected": "潮新闻"
                        },
                        "ErrorImagetxtSelectDxh0011": {
                            "expected": "潮新闻"
                        },
                        "ErrorImagetxtSelectDxh0012": {
                            "expected": "潮新闻"
                        }
                    }
                },
                {
                    "name": "用户_1442826164161581057",
                    "pipeline_override": {
                        "SelectDxh": {
                            "expected": "用户_14428"
                        },
                        "ErrorSelectDxh": {
                            "expected": "用户_1442826164161581057"
                        },
                        "ErrorSelectDxhLive": {
                            "expected": "用户_1442826164161581057"
                        },
                        "ErrorImagetxtSelectDxh001": {
                            "expected": "用户_1442826164161581057"
                        },
                        "ErrorImagetxtSelectDxh002": {
                            "expected": "用户_1442826164161581057"
                        },
                        "ErrorImagetxtSelectDxh003": {
                            "expected": "用户_1442826164161581057"
                        },
                        "ErrorImagetxtSelectDxh004": {
                            "expected": "用户_1442826164161581057"
                        },
                        "ErrorImagetxtSelectDxh005": {
                            "expected": "用户_1442826164161581057"
                        },
                        "ErrorImagetxtSelectDxh006": {
                            "expected": "用户_1442826164161581057"
                        },
                        "ErrorImagetxtSelectDxh007": {
                            "expected": "用户_1442826164161581057"
                        },
                        "ErrorImagetxtSelectDxh008": {
                            "expected": "用户_1442826164161581057"
                        },
                        "ErrorImagetxtSelectDxh009": {
                            "expected": "用户_1442826164161581057"
                        },
                        "ErrorImagetxtSelectDxh0010": {
                            "expected": "用户_1442826164161581057"
                        },
                        "ErrorImagetxtSelectDxh0011": {
                            "expected": "用户_1442826164161581057"
                        },
                        "ErrorImagetxtSelectDxh0012": {
                            "expected": "用户_1442826164161581057"
                        }
                    }
                },
                {
                    "name": "Dxh",
                    "pipeline_override": {
                        "SelectDxh": {
                            "expected": [
                                "用户_14428",
                                "河南信息广播",
                                "河南卫视",
                                "大象新闻",
                                "大象财富",
                                "都市报道",
                                "大象帮",
                                "潮新闻"
                            ]
                        },
                        "ErrorSelectDxh": {
                            "expected": [
                                "用户_14428",
                                "河南信息广播",
                                "河南卫视",
                                "大象新闻",
                                "大象财富",
                                "都市报道",
                                "大象帮",
                                "潮新闻"
                            ]
                        },
                        "ErrorSelectDxhLive": {
                            "expected": [
                                "用户_14428",
                                "河南信息广播",
                                "河南卫视",
                                "大象新闻",
                                "大象财富",
                                "都市报道",
                                "大象帮",
                                "潮新闻"
                            ]
                        },
                        "ErrorImagetxtSelectDxh001": {
                            "expected": [
                                "用户_14428",
                                "河南信息广播",
                                "河南卫视",
                                "大象新闻",
                                "大象财富",
                                "都市报道",
                                "大象帮",
                                "潮新闻"
                            ]
                        },
                        "ErrorImagetxtSelectDxh002": {
                            "expected": [
                                "用户_14428",
                                "河南信息广播",
                                "河南卫视",
                                "大象新闻",
                                "大象财富",
                                "都市报道",
                                "大象帮",
                                "潮新闻"
                            ]
                        },
                        "ErrorImagetxtSelectDxh003": {
                            "expected": [
                                "用户_14428",
                                "河南信息广播",
                                "河南卫视",
                                "大象新闻",
                                "大象财富",
                                "都市报道",
                                "大象帮",
                                "潮新闻"
                            ]
                        },
                        "ErrorImagetxtSelectDxh004": {
                            "expected": [
                                "用户_14428",
                                "河南信息广播",
                                "河南卫视",
                                "大象新闻",
                                "大象财富",
                                "都市报道",
                                "大象帮",
                                "潮新闻"
                            ]
                        },
                        "ErrorImagetxtSelectDxh005": {
                            "expected": [
                                "用户_14428",
                                "河南信息广播",
                                "河南卫视",
                                "大象新闻",
                                "大象财富",
                                "都市报道",
                                "大象帮",
                                "潮新闻"
                            ]
                        },
                        "ErrorImagetxtSelectDxh006": {
                            "expected": [
                                "用户_14428",
                                "河南信息广播",
                                "河南卫视",
                                "大象新闻",
                                "大象财富",
                                "都市报道",
                                "大象帮",
                                "潮新闻"
                            ]
                        },
                        "ErrorImagetxtSelectDxh007": {
                            "expected": [
                                "用户_14428",
                                "河南信息广播",
                                "河南卫视",
                                "大象新闻",
                                "大象财富",
                                "都市报道",
                                "大象帮",
                                "潮新闻"
                            ]
                        },
                        "ErrorImagetxtSelectDxh008": {
                            "expected": [
                                "用户_14428",
                                "河南信息广播",
                                "河南卫视",
                                "大象新闻",
                                "大象财富",
                                "都市报道",
                                "大象帮",
                                "潮新闻"
                            ]
                        },
                        "ErrorImagetxtSelectDxh009": {
                            "expected": [
                                "用户_14428",
                                "河南信息广播",
                                "河南卫视",
                                "大象新闻",
                                "大象财富",
                                "都市报道",
                                "大象帮",
                                "潮新闻"
                            ]
                        },
                        "ErrorImagetxtSelectDxh0010": {
                            "expected": [
                                "用户_14428",
                                "河南信息广播",
                                "河南卫视",
                                "大象新闻",
                                "大象财富",
                                "都市报道",
                                "大象帮",
                                "潮新闻"
                            ]
                        },
                        "ErrorImagetxtSelectDxh0011": {
                            "expected": [
                                "用户_14428",
                                "河南信息广播",
                                "河南卫视",
                                "大象新闻",
                                "大象财富",
                                "都市报道",
                                "大象帮",
                                "潮新闻"
                            ]
                        },
                        "ErrorImagetxtSelectDxh0012": {
                            "expected": [
                                "用户_14428",
                                "河南信息广播",
                                "河南卫视",
                                "大象新闻",
                                "大象财富",
                                "都市报道",
                                "大象帮",
                                "潮新闻"
                            ]
                        }
                    }
                }
            ]
        },
        "PublishSwitch": {
            "cases": [
                {
                    "name": "古诗",
                    "pipeline_override": {
                        "InputPrompt01": {
                            "input_text": "随机一句古诗解读，不要重复"
                        },
                        "AnalogInput011": {
                            "input_text": "suijiyijugushijiedu"
                        },
                        "AnalogInput012": {
                            "expected": [
                                "随机一句古诗解读",
                                "随机一句古",
                                "古诗"
                            ]
                        }
                    }
                },
                {
                    "name": "古语",
                    "pipeline_override": {
                        "InputPrompt01": {
                            "input_text": "随机一句古语解读，不要重复"
                        },
                        "AnalogInput011": {
                            "input_text": "suijiyijuguyujiedu"
                        },
                        "AnalogInput012": {
                            "expected": [
                                "随机一句古语解读",
                                "随机一句古",
                                "古语"
                            ]
                        }
                    }
                },
                {
                    "name": "成语",
                    "pipeline_override": {
                        "InputPrompt01": {
                            "input_text": "随机一句成语解读，不要重复"
                        },
                        "AnalogInput011": {
                            "input_text": "suijiyijuchengyujiedu"
                        },
                        "AnalogInput012": {
                            "expected": [
                                "随机一句成语解读",
                                "随机一句成",
                                "成语"
                            ]
                        }
                    }
                }
            ]
        },
        "PublishSwitch2": {
            "cases": [
                {
                    "name": "古诗",
                    "pipeline_override": {
                        "InputPrompt02": {
                            "input_text": "随机一句古诗解读，不要重复"
                        },
                        "AnalogInput021": {
                            "input_text": "suijiyijugushijiedu"
                        },
                        "AnalogInput022": {
                            "expected": [
                                "随机一句古诗解读",
                                "随机一句古",
                                "古诗"
                            ]
                        }
                    }
                },
                {
                    "name": "古语",
                    "pipeline_override": {
                        "InputPrompt02": {
                            "input_text": "随机一句古语解读，不要重复"
                        },
                        "AnalogInput021": {
                            "input_text": "suijiyijuguyujiedu"
                        },
                        "AnalogInput022": {
                            "expected": [
                                "随机一句古语解读",
                                "随机一句古",
                                "古语"
                            ]
                        }
                    }
                },
                {
                    "name": "成语",
                    "pipeline_override": {
                        "InputPrompt02": {
                            "input_text": "随机一句成语解读，不要重复"
                        },
                        "AnalogInput021": {
                            "input_text": "suijiyijuchengyujiedu"
                        },
                        "AnalogInput022": {
                            "expected": [
                                "随机一句成语解读",
                                "随机一句成",
                                "成语"
                            ]
                        }
                    }
                }
            ]
        },
        "选择发布内容": {
            "cases": [
                {
                    "name": "古诗",
                    "pipeline_override": {
                        "输入问题p": {
                            "input_text": "随机一句古诗解读，不要重复"
                        },
                        "输入法输入问题1": {
                            "input_text": "suijiyijugushijiedu"
                        },
                        "输入法输入问题2": {
                            "expected": [
                                "随机一句古诗解读",
                                "随机一句古",
                                "古诗"
                            ]
                        }
                    }
                },
                {
                    "name": "古语",
                    "pipeline_override": {
                        "输入问题p": {
                            "input_text": "随机一句古语解读，不要重复"
                        },
                        "输入法输入问题1": {
                            "input_text": "suijiyijuguyujiedu"
                        },
                        "输入法输入问题2": {
                            "expected": [
                                "随机一句古语解读",
                                "随机一句古",
                                "古语"
                            ]
                        }
                    }
                },
                {
                    "name": "成语",
                    "pipeline_override": {
                        "输入问题p": {
                            "input_text": "随机一句成语解读，不要重复"
                        },
                        "输入法输入问题1": {
                            "input_text": "suijiyijuchengyujiedu"
                        },
                        "输入法输入问题2": {
                            "expected": [
                                "随机一句成语解读",
                                "随机一句成",
                                "成语"
                            ]
                        }
                    }
                }
            ]
        },
        "输入法检测": {
            "cases": [
                {
                    "name": "是",
                    "pipeline_override": {
                        "InputmethodCheck00": {
                            "enabled": true
                        }
                    }
                },
                {
                    "name": "否",
                    "pipeline_override": {
                        "InputmethodCheck00": {
                            "next": "MergeSigninGetpoints"
                        }
                    }
                }
            ]
        }
    }
}